[2025-10-17 14:34:50] production.ERROR: No application encryption key has been specified. {"exception":"[object] (Illuminate\\Encryption\\MissingAppKeyException(code: 0): No application encryption key has been specified. at C:\\Users\\Doaa alsattari\\Downloads\\bank-graduation-project-main\\bank-graduation-project-main\\vendor\\laravel\\framework\\src\\Illuminate\\Encryption\\EncryptionServiceProvider.php:83)
[stacktrace]
#0 C:\\Users\\Doaa alsattari\\Downloads\\bank-graduation-project-main\\bank-graduation-project-main\\vendor\\laravel\\framework\\src\\Illuminate\\Support\\helpers.php(390): Illuminate\\Encryption\\EncryptionServiceProvider->Illuminate\\Encryption\\{closure}(NULL)
#1 C:\\Users\\Doaa alsattari\\Downloads\\bank-graduation-project-main\\bank-graduation-project-main\\vendor\\laravel\\framework\\src\\Illuminate\\Encryption\\EncryptionServiceProvider.php(81): tap(NULL, Object(Closure))
#2 C:\\Users\\Doaa alsattari\\Downloads\\bank-graduation-project-main\\bank-graduation-project-main\\vendor\\laravel\\framework\\src\\Illuminate\\Encryption\\EncryptionServiceProvider.php(64): Illuminate\\Encryption\\EncryptionServiceProvider->key(Array)
#3 C:\\Users\\Doaa alsattari\\Downloads\\bank-graduation-project-main\\bank-graduation-project-main\\vendor\\laravel\\framework\\src\\Illuminate\\Encryption\\EncryptionServiceProvider.php(32): Illuminate\\Encryption\\EncryptionServiceProvider->parseKey(Array)
#4 C:\\Users\\Doaa alsattari\\Downloads\\bank-graduation-project-main\\bank-graduation-project-main\\vendor\\laravel\\framework\\src\\Illuminate\\Container\\Container.php(1154): Illuminate\\Encryption\\EncryptionServiceProvider->Illuminate\\Encryption\\{closure}(Object(Illuminate\\Foundation\\Application), Array)
#5 C:\\Users\\Doaa alsattari\\Downloads\\bank-graduation-project-main\\bank-graduation-project-main\\vendor\\laravel\\framework\\src\\Illuminate\\Container\\Container.php(972): Illuminate\\Container\\Container->build(Object(Closure))
#6 C:\\Users\\Doaa alsattari\\Downloads\\bank-graduation-project-main\\bank-graduation-project-main\\vendor\\laravel\\framework\\src\\Illuminate\\Foundation\\Application.php(1078): Illuminate\\Container\\Container->resolve('encrypter', Array, true)
#7 C:\\Users\\Doaa alsattari\\Downloads\\bank-graduation-project-main\\bank-graduation-project-main\\vendor\\laravel\\framework\\src\\Illuminate\\Container\\Container.php(903): Illuminate\\Foundation\\Application->resolve('encrypter', Array)
#8 C:\\Users\\Doaa alsattari\\Downloads\\bank-graduation-project-main\\bank-graduation-project-main\\vendor\\laravel\\framework\\src\\Illuminate\\Foundation\\Application.php(1058): Illuminate\\Container\\Container->make('encrypter', Array)
#9 C:\\Users\\Doaa alsattari\\Downloads\\bank-graduation-project-main\\bank-graduation-project-main\\vendor\\laravel\\framework\\src\\Illuminate\\Container\\Container.php(1379): Illuminate\\Foundation\\Application->make('encrypter')
#10 C:\\Users\\Doaa alsattari\\Downloads\\bank-graduation-project-main\\bank-graduation-project-main\\vendor\\laravel\\framework\\src\\Illuminate\\Container\\Container.php(1278): Illuminate\\Container\\Container->resolveClass(Object(ReflectionParameter))
#11 C:\\Users\\Doaa alsattari\\Downloads\\bank-graduation-project-main\\bank-graduation-project-main\\vendor\\laravel\\framework\\src\\Illuminate\\Container\\Container.php(1201): Illuminate\\Container\\Container->resolveDependencies(Array)
#12 C:\\Users\\Doaa alsattari\\Downloads\\bank-graduation-project-main\\bank-graduation-project-main\\vendor\\laravel\\framework\\src\\Illuminate\\Container\\Container.php(972): Illuminate\\Container\\Container->build('Illuminate\\\\Cook...')
#13 C:\\Users\\Doaa alsattari\\Downloads\\bank-graduation-project-main\\bank-graduation-project-main\\vendor\\laravel\\framework\\src\\Illuminate\\Foundation\\Application.php(1078): Illuminate\\Container\\Container->resolve('Illuminate\\\\Cook...', Array, true)
#14 C:\\Users\\Doaa alsattari\\Downloads\\bank-graduation-project-main\\bank-graduation-project-main\\vendor\\laravel\\framework\\src\\Illuminate\\Container\\Container.php(903): Illuminate\\Foundation\\Application->resolve('Illuminate\\\\Cook...', Array)
#15 C:\\Users\\Doaa alsattari\\Downloads\\bank-graduation-project-main\\bank-graduation-project-main\\vendor\\laravel\\framework\\src\\Illuminate\\Foundation\\Application.php(1058): Illuminate\\Container\\Container->make('Illuminate\\\\Cook...', Array)
#16 C:\\Users\\Doaa alsattari\\Downloads\\bank-graduation-project-main\\bank-graduation-project-main\\vendor\\laravel\\framework\\src\\Illuminate\\Pipeline\\Pipeline.php(208): Illuminate\\Foundation\\Application->make('Illuminate\\\\Cook...')
#17 C:\\Users\\Doaa alsattari\\Downloads\\bank-graduation-project-main\\bank-graduation-project-main\\vendor\\laravel\\framework\\src\\Illuminate\\Pipeline\\Pipeline.php(137): Illuminate\\Pipeline\\Pipeline->Illuminate\\Pipeline\\{closure}(Object(Illuminate\\Http\\Request))
#18 C:\\Users\\Doaa alsattari\\Downloads\\bank-graduation-project-main\\bank-graduation-project-main\\vendor\\laravel\\framework\\src\\Illuminate\\Routing\\Router.php(821): Illuminate\\Pipeline\\Pipeline->then(Object(Closure))
#19 C:\\Users\\Doaa alsattari\\Downloads\\bank-graduation-project-main\\bank-graduation-project-main\\vendor\\laravel\\framework\\src\\Illuminate\\Routing\\Router.php(800): Illuminate\\Routing\\Router->runRouteWithinStack(Object(Illuminate\\Routing\\Route), Object(Illuminate\\Http\\Request))
#20 C:\\Users\\Doaa alsattari\\Downloads\\bank-graduation-project-main\\bank-graduation-project-main\\vendor\\laravel\\framework\\src\\Illuminate\\Routing\\Router.php(764): Illuminate\\Routing\\Router->runRoute(Object(Illuminate\\Http\\Request), Object(Illuminate\\Routing\\Route))
#21 C:\\Users\\Doaa alsattari\\Downloads\\bank-graduation-project-main\\bank-graduation-project-main\\vendor\\laravel\\framework\\src\\Illuminate\\Routing\\Router.php(753): Illuminate\\Routing\\Router->dispatchToRoute(Object(Illuminate\\Http\\Request))
#22 C:\\Users\\Doaa alsattari\\Downloads\\bank-graduation-project-main\\bank-graduation-project-main\\vendor\\laravel\\framework\\src\\Illuminate\\Foundation\\Http\\Kernel.php(200): Illuminate\\Routing\\Router->dispatch(Object(Illuminate\\Http\\Request))
#23 C:\\Users\\Doaa alsattari\\Downloads\\bank-graduation-project-main\\bank-graduation-project-main\\vendor\\laravel\\framework\\src\\Illuminate\\Pipeline\\Pipeline.php(180): Illuminate\\Foundation\\Http\\Kernel->Illuminate\\Foundation\\Http\\{closure}(Object(Illuminate\\Http\\Request))
#24 C:\\Users\\Doaa alsattari\\Downloads\\bank-graduation-project-main\\bank-graduation-project-main\\vendor\\laravel\\framework\\src\\Illuminate\\Foundation\\Http\\Middleware\\TransformsRequest.php(21): Illuminate\\Pipeline\\Pipeline->Illuminate\\Pipeline\\{closure}(Object(Illuminate\\Http\\Request))
#25 C:\\Users\\Doaa alsattari\\Downloads\\bank-graduation-project-main\\bank-graduation-project-main\\vendor\\laravel\\framework\\src\\Illuminate\\Foundation\\Http\\Middleware\\ConvertEmptyStringsToNull.php(31): Illuminate\\Foundation\\Http\\Middleware\\TransformsRequest->handle(Object(Illuminate\\Http\\Request), Object(Closure))
#26 C:\\Users\\Doaa alsattari\\Downloads\\bank-graduation-project-main\\bank-graduation-project-main\\vendor\\laravel\\framework\\src\\Illuminate\\Pipeline\\Pipeline.php(219): Illuminate\\Foundation\\Http\\Middleware\\ConvertEmptyStringsToNull->handle(Object(Illuminate\\Http\\Request), Object(Closure))
#27 C:\\Users\\Doaa alsattari\\Downloads\\bank-graduation-project-main\\bank-graduation-project-main\\vendor\\laravel\\framework\\src\\Illuminate\\Foundation\\Http\\Middleware\\TransformsRequest.php(21): Illuminate\\Pipeline\\Pipeline->Illuminate\\Pipeline\\{closure}(Object(Illuminate\\Http\\Request))
#28 C:\\Users\\Doaa alsattari\\Downloads\\bank-graduation-project-main\\bank-graduation-project-main\\vendor\\laravel\\framework\\src\\Illuminate\\Foundation\\Http\\Middleware\\TrimStrings.php(51): Illuminate\\Foundation\\Http\\Middleware\\TransformsRequest->handle(Object(Illuminate\\Http\\Request), Object(Closure))
#29 C:\\Users\\Doaa alsattari\\Downloads\\bank-graduation-project-main\\bank-graduation-project-main\\vendor\\laravel\\framework\\src\\Illuminate\\Pipeline\\Pipeline.php(219): Illuminate\\Foundation\\Http\\Middleware\\TrimStrings->handle(Object(Illuminate\\Http\\Request), Object(Closure))
#30 C:\\Users\\Doaa alsattari\\Downloads\\bank-graduation-project-main\\bank-graduation-project-main\\vendor\\laravel\\framework\\src\\Illuminate\\Http\\Middleware\\ValidatePostSize.php(27): Illuminate\\Pipeline\\Pipeline->Illuminate\\Pipeline\\{closure}(Object(Illuminate\\Http\\Request))
#31 C:\\Users\\Doaa alsattari\\Downloads\\bank-graduation-project-main\\bank-graduation-project-main\\vendor\\laravel\\framework\\src\\Illuminate\\Pipeline\\Pipeline.php(219): Illuminate\\Http\\Middleware\\ValidatePostSize->handle(Object(Illuminate\\Http\\Request), Object(Closure))
#32 C:\\Users\\Doaa alsattari\\Downloads\\bank-graduation-project-main\\bank-graduation-project-main\\vendor\\laravel\\framework\\src\\Illuminate\\Foundation\\Http\\Middleware\\PreventRequestsDuringMaintenance.php(109): Illuminate\\Pipeline\\Pipeline->Illuminate\\Pipeline\\{closure}(Object(Illuminate\\Http\\Request))
#33 C:\\Users\\Doaa alsattari\\Downloads\\bank-graduation-project-main\\bank-graduation-project-main\\vendor\\laravel\\framework\\src\\Illuminate\\Pipeline\\Pipeline.php(219): Illuminate\\Foundation\\Http\\Middleware\\PreventRequestsDuringMaintenance->handle(Object(Illuminate\\Http\\Request), Object(Closure))
#34 C:\\Users\\Doaa alsattari\\Downloads\\bank-graduation-project-main\\bank-graduation-project-main\\vendor\\laravel\\framework\\src\\Illuminate\\Http\\Middleware\\HandleCors.php(48): Illuminate\\Pipeline\\Pipeline->Illuminate\\Pipeline\\{closure}(Object(Illuminate\\Http\\Request))
#35 C:\\Users\\Doaa alsattari\\Downloads\\bank-graduation-project-main\\bank-graduation-project-main\\vendor\\laravel\\framework\\src\\Illuminate\\Pipeline\\Pipeline.php(219): Illuminate\\Http\\Middleware\\HandleCors->handle(Object(Illuminate\\Http\\Request), Object(Closure))
#36 C:\\Users\\Doaa alsattari\\Downloads\\bank-graduation-project-main\\bank-graduation-project-main\\vendor\\laravel\\framework\\src\\Illuminate\\Http\\Middleware\\TrustProxies.php(58): Illuminate\\Pipeline\\Pipeline->Illuminate\\Pipeline\\{closure}(Object(Illuminate\\Http\\Request))
#37 C:\\Users\\Doaa alsattari\\Downloads\\bank-graduation-project-main\\bank-graduation-project-main\\vendor\\laravel\\framework\\src\\Illuminate\\Pipeline\\Pipeline.php(219): Illuminate\\Http\\Middleware\\TrustProxies->handle(Object(Illuminate\\Http\\Request), Object(Closure))
#38 C:\\Users\\Doaa alsattari\\Downloads\\bank-graduation-project-main\\bank-graduation-project-main\\vendor\\laravel\\framework\\src\\Illuminate\\Foundation\\Http\\Middleware\\InvokeDeferredCallbacks.php(22): Illuminate\\Pipeline\\Pipeline->Illuminate\\Pipeline\\{closure}(Object(Illuminate\\Http\\Request))
#39 C:\\Users\\Doaa alsattari\\Downloads\\bank-graduation-project-main\\bank-graduation-project-main\\vendor\\laravel\\framework\\src\\Illuminate\\Pipeline\\Pipeline.php(219): Illuminate\\Foundation\\Http\\Middleware\\InvokeDeferredCallbacks->handle(Object(Illuminate\\Http\\Request), Object(Closure))
#40 C:\\Users\\Doaa alsattari\\Downloads\\bank-graduation-project-main\\bank-graduation-project-main\\vendor\\laravel\\framework\\src\\Illuminate\\Http\\Middleware\\ValidatePathEncoding.php(26): Illuminate\\Pipeline\\Pipeline->Illuminate\\Pipeline\\{closure}(Object(Illuminate\\Http\\Request))
#41 C:\\Users\\Doaa alsattari\\Downloads\\bank-graduation-project-main\\bank-graduation-project-main\\vendor\\laravel\\framework\\src\\Illuminate\\Pipeline\\Pipeline.php(219): Illuminate\\Http\\Middleware\\ValidatePathEncoding->handle(Object(Illuminate\\Http\\Request), Object(Closure))
#42 C:\\Users\\Doaa alsattari\\Downloads\\bank-graduation-project-main\\bank-graduation-project-main\\vendor\\laravel\\framework\\src\\Illuminate\\Pipeline\\Pipeline.php(137): Illuminate\\Pipeline\\Pipeline->Illuminate\\Pipeline\\{closure}(Object(Illuminate\\Http\\Request))
#43 C:\\Users\\Doaa alsattari\\Downloads\\bank-graduation-project-main\\bank-graduation-project-main\\vendor\\laravel\\framework\\src\\Illuminate\\Foundation\\Http\\Kernel.php(175): Illuminate\\Pipeline\\Pipeline->then(Object(Closure))
#44 C:\\Users\\Doaa alsattari\\Downloads\\bank-graduation-project-main\\bank-graduation-project-main\\vendor\\laravel\\framework\\src\\Illuminate\\Foundation\\Http\\Kernel.php(144): Illuminate\\Foundation\\Http\\Kernel->sendRequestThroughRouter(Object(Illuminate\\Http\\Request))
#45 C:\\Users\\Doaa alsattari\\Downloads\\bank-graduation-project-main\\bank-graduation-project-main\\vendor\\laravel\\framework\\src\\Illuminate\\Foundation\\Application.php(1220): Illuminate\\Foundation\\Http\\Kernel->handle(Object(Illuminate\\Http\\Request))
#46 C:\\Users\\Doaa alsattari\\Downloads\\bank-graduation-project-main\\bank-graduation-project-main\\public\\index.php(20): Illuminate\\Foundation\\Application->handleRequest(Object(Illuminate\\Http\\Request))
#47 C:\\Users\\Doaa alsattari\\Downloads\\bank-graduation-project-main\\bank-graduation-project-main\\vendor\\laravel\\framework\\src\\Illuminate\\Foundation\\resources\\server.php(23): require_once('C:\\\\Users\\\\Doaa a...')
#48 {main}
"} 
[2025-10-17 14:34:53] production.ERROR: No application encryption key has been specified. {"exception":"[object] (Illuminate\\Encryption\\MissingAppKeyException(code: 0): No application encryption key has been specified. at C:\\Users\\Doaa alsattari\\Downloads\\bank-graduation-project-main\\bank-graduation-project-main\\vendor\\laravel\\framework\\src\\Illuminate\\Encryption\\EncryptionServiceProvider.php:83)
[stacktrace]
#0 C:\\Users\\Doaa alsattari\\Downloads\\bank-graduation-project-main\\bank-graduation-project-main\\vendor\\laravel\\framework\\src\\Illuminate\\Support\\helpers.php(390): Illuminate\\Encryption\\EncryptionServiceProvider->Illuminate\\Encryption\\{closure}(NULL)
#1 C:\\Users\\Doaa alsattari\\Downloads\\bank-graduation-project-main\\bank-graduation-project-main\\vendor\\laravel\\framework\\src\\Illuminate\\Encryption\\EncryptionServiceProvider.php(81): tap(NULL, Object(Closure))
#2 C:\\Users\\Doaa alsattari\\Downloads\\bank-graduation-project-main\\bank-graduation-project-main\\vendor\\laravel\\framework\\src\\Illuminate\\Encryption\\EncryptionServiceProvider.php(64): Illuminate\\Encryption\\EncryptionServiceProvider->key(Array)
#3 C:\\Users\\Doaa alsattari\\Downloads\\bank-graduation-project-main\\bank-graduation-project-main\\vendor\\laravel\\framework\\src\\Illuminate\\Encryption\\EncryptionServiceProvider.php(32): Illuminate\\Encryption\\EncryptionServiceProvider->parseKey(Array)
#4 C:\\Users\\Doaa alsattari\\Downloads\\bank-graduation-project-main\\bank-graduation-project-main\\vendor\\laravel\\framework\\src\\Illuminate\\Container\\Container.php(1154): Illuminate\\Encryption\\EncryptionServiceProvider->Illuminate\\Encryption\\{closure}(Object(Illuminate\\Foundation\\Application), Array)
#5 C:\\Users\\Doaa alsattari\\Downloads\\bank-graduation-project-main\\bank-graduation-project-main\\vendor\\laravel\\framework\\src\\Illuminate\\Container\\Container.php(972): Illuminate\\Container\\Container->build(Object(Closure))
#6 C:\\Users\\Doaa alsattari\\Downloads\\bank-graduation-project-main\\bank-graduation-project-main\\vendor\\laravel\\framework\\src\\Illuminate\\Foundation\\Application.php(1078): Illuminate\\Container\\Container->resolve('encrypter', Array, true)
#7 C:\\Users\\Doaa alsattari\\Downloads\\bank-graduation-project-main\\bank-graduation-project-main\\vendor\\laravel\\framework\\src\\Illuminate\\Container\\Container.php(903): Illuminate\\Foundation\\Application->resolve('encrypter', Array)
#8 C:\\Users\\Doaa alsattari\\Downloads\\bank-graduation-project-main\\bank-graduation-project-main\\vendor\\laravel\\framework\\src\\Illuminate\\Foundation\\Application.php(1058): Illuminate\\Container\\Container->make('encrypter', Array)
#9 C:\\Users\\Doaa alsattari\\Downloads\\bank-graduation-project-main\\bank-graduation-project-main\\vendor\\laravel\\framework\\src\\Illuminate\\Container\\Container.php(1379): Illuminate\\Foundation\\Application->make('encrypter')
#10 C:\\Users\\Doaa alsattari\\Downloads\\bank-graduation-project-main\\bank-graduation-project-main\\vendor\\laravel\\framework\\src\\Illuminate\\Container\\Container.php(1278): Illuminate\\Container\\Container->resolveClass(Object(ReflectionParameter))
#11 C:\\Users\\Doaa alsattari\\Downloads\\bank-graduation-project-main\\bank-graduation-project-main\\vendor\\laravel\\framework\\src\\Illuminate\\Container\\Container.php(1201): Illuminate\\Container\\Container->resolveDependencies(Array)
#12 C:\\Users\\Doaa alsattari\\Downloads\\bank-graduation-project-main\\bank-graduation-project-main\\vendor\\laravel\\framework\\src\\Illuminate\\Container\\Container.php(972): Illuminate\\Container\\Container->build('Illuminate\\\\Cook...')
#13 C:\\Users\\Doaa alsattari\\Downloads\\bank-graduation-project-main\\bank-graduation-project-main\\vendor\\laravel\\framework\\src\\Illuminate\\Foundation\\Application.php(1078): Illuminate\\Container\\Container->resolve('Illuminate\\\\Cook...', Array, true)
#14 C:\\Users\\Doaa alsattari\\Downloads\\bank-graduation-project-main\\bank-graduation-project-main\\vendor\\laravel\\framework\\src\\Illuminate\\Container\\Container.php(903): Illuminate\\Foundation\\Application->resolve('Illuminate\\\\Cook...', Array)
#15 C:\\Users\\Doaa alsattari\\Downloads\\bank-graduation-project-main\\bank-graduation-project-main\\vendor\\laravel\\framework\\src\\Illuminate\\Foundation\\Application.php(1058): Illuminate\\Container\\Container->make('Illuminate\\\\Cook...', Array)
#16 C:\\Users\\Doaa alsattari\\Downloads\\bank-graduation-project-main\\bank-graduation-project-main\\vendor\\laravel\\framework\\src\\Illuminate\\Foundation\\Http\\Kernel.php(257): Illuminate\\Foundation\\Application->make('Illuminate\\\\Cook...')
#17 C:\\Users\\Doaa alsattari\\Downloads\\bank-graduation-project-main\\bank-graduation-project-main\\vendor\\laravel\\framework\\src\\Illuminate\\Foundation\\Http\\Kernel.php(215): Illuminate\\Foundation\\Http\\Kernel->terminateMiddleware(Object(Illuminate\\Http\\Request), Object(Illuminate\\Http\\Response))
#18 C:\\Users\\Doaa alsattari\\Downloads\\bank-graduation-project-main\\bank-graduation-project-main\\vendor\\laravel\\framework\\src\\Illuminate\\Foundation\\Application.php(1222): Illuminate\\Foundation\\Http\\Kernel->terminate(Object(Illuminate\\Http\\Request), Object(Illuminate\\Http\\Response))
#19 C:\\Users\\Doaa alsattari\\Downloads\\bank-graduation-project-main\\bank-graduation-project-main\\public\\index.php(20): Illuminate\\Foundation\\Application->handleRequest(Object(Illuminate\\Http\\Request))
#20 C:\\Users\\Doaa alsattari\\Downloads\\bank-graduation-project-main\\bank-graduation-project-main\\vendor\\laravel\\framework\\src\\Illuminate\\Foundation\\resources\\server.php(23): require_once('C:\\\\Users\\\\Doaa a...')
#21 {main}
"} 
[2025-10-17 14:36:33] local.ERROR: No application encryption key has been specified. {"exception":"[object] (Illuminate\\Encryption\\MissingAppKeyException(code: 0): No application encryption key has been specified. at C:\\Users\\Doaa alsattari\\Downloads\\bank-graduation-project-main\\bank-graduation-project-main\\vendor\\laravel\\framework\\src\\Illuminate\\Encryption\\EncryptionServiceProvider.php:83)
[stacktrace]
#0 C:\\Users\\Doaa alsattari\\Downloads\\bank-graduation-project-main\\bank-graduation-project-main\\vendor\\laravel\\framework\\src\\Illuminate\\Support\\helpers.php(390): Illuminate\\Encryption\\EncryptionServiceProvider->Illuminate\\Encryption\\{closure}('')
#1 C:\\Users\\Doaa alsattari\\Downloads\\bank-graduation-project-main\\bank-graduation-project-main\\vendor\\laravel\\framework\\src\\Illuminate\\Encryption\\EncryptionServiceProvider.php(81): tap('', Object(Closure))
#2 C:\\Users\\Doaa alsattari\\Downloads\\bank-graduation-project-main\\bank-graduation-project-main\\vendor\\laravel\\framework\\src\\Illuminate\\Encryption\\EncryptionServiceProvider.php(64): Illuminate\\Encryption\\EncryptionServiceProvider->key(Array)
#3 C:\\Users\\Doaa alsattari\\Downloads\\bank-graduation-project-main\\bank-graduation-project-main\\vendor\\laravel\\framework\\src\\Illuminate\\Encryption\\EncryptionServiceProvider.php(32): Illuminate\\Encryption\\EncryptionServiceProvider->parseKey(Array)
#4 C:\\Users\\Doaa alsattari\\Downloads\\bank-graduation-project-main\\bank-graduation-project-main\\vendor\\laravel\\framework\\src\\Illuminate\\Container\\Container.php(1154): Illuminate\\Encryption\\EncryptionServiceProvider->Illuminate\\Encryption\\{closure}(Object(Illuminate\\Foundation\\Application), Array)
#5 C:\\Users\\Doaa alsattari\\Downloads\\bank-graduation-project-main\\bank-graduation-project-main\\vendor\\laravel\\framework\\src\\Illuminate\\Container\\Container.php(972): Illuminate\\Container\\Container->build(Object(Closure))
#6 C:\\Users\\Doaa alsattari\\Downloads\\bank-graduation-project-main\\bank-graduation-project-main\\vendor\\laravel\\framework\\src\\Illuminate\\Foundation\\Application.php(1078): Illuminate\\Container\\Container->resolve('encrypter', Array, true)
#7 C:\\Users\\Doaa alsattari\\Downloads\\bank-graduation-project-main\\bank-graduation-project-main\\vendor\\laravel\\framework\\src\\Illuminate\\Container\\Container.php(903): Illuminate\\Foundation\\Application->resolve('encrypter', Array)
#8 C:\\Users\\Doaa alsattari\\Downloads\\bank-graduation-project-main\\bank-graduation-project-main\\vendor\\laravel\\framework\\src\\Illuminate\\Foundation\\Application.php(1058): Illuminate\\Container\\Container->make('encrypter', Array)
#9 C:\\Users\\Doaa alsattari\\Downloads\\bank-graduation-project-main\\bank-graduation-project-main\\vendor\\laravel\\framework\\src\\Illuminate\\Container\\Container.php(1379): Illuminate\\Foundation\\Application->make('encrypter')
#10 C:\\Users\\Doaa alsattari\\Downloads\\bank-graduation-project-main\\bank-graduation-project-main\\vendor\\laravel\\framework\\src\\Illuminate\\Container\\Container.php(1278): Illuminate\\Container\\Container->resolveClass(Object(ReflectionParameter))
#11 C:\\Users\\Doaa alsattari\\Downloads\\bank-graduation-project-main\\bank-graduation-project-main\\vendor\\laravel\\framework\\src\\Illuminate\\Container\\Container.php(1201): Illuminate\\Container\\Container->resolveDependencies(Array)
#12 C:\\Users\\Doaa alsattari\\Downloads\\bank-graduation-project-main\\bank-graduation-project-main\\vendor\\laravel\\framework\\src\\Illuminate\\Container\\Container.php(972): Illuminate\\Container\\Container->build('Illuminate\\\\Cook...')
#13 C:\\Users\\Doaa alsattari\\Downloads\\bank-graduation-project-main\\bank-graduation-project-main\\vendor\\laravel\\framework\\src\\Illuminate\\Foundation\\Application.php(1078): Illuminate\\Container\\Container->resolve('Illuminate\\\\Cook...', Array, true)
#14 C:\\Users\\Doaa alsattari\\Downloads\\bank-graduation-project-main\\bank-graduation-project-main\\vendor\\laravel\\framework\\src\\Illuminate\\Container\\Container.php(903): Illuminate\\Foundation\\Application->resolve('Illuminate\\\\Cook...', Array)
#15 C:\\Users\\Doaa alsattari\\Downloads\\bank-graduation-project-main\\bank-graduation-project-main\\vendor\\laravel\\framework\\src\\Illuminate\\Foundation\\Application.php(1058): Illuminate\\Container\\Container->make('Illuminate\\\\Cook...', Array)
#16 C:\\Users\\Doaa alsattari\\Downloads\\bank-graduation-project-main\\bank-graduation-project-main\\vendor\\laravel\\framework\\src\\Illuminate\\Pipeline\\Pipeline.php(208): Illuminate\\Foundation\\Application->make('Illuminate\\\\Cook...')
#17 C:\\Users\\Doaa alsattari\\Downloads\\bank-graduation-project-main\\bank-graduation-project-main\\vendor\\laravel\\framework\\src\\Illuminate\\Pipeline\\Pipeline.php(137): Illuminate\\Pipeline\\Pipeline->Illuminate\\Pipeline\\{closure}(Object(Illuminate\\Http\\Request))
#18 C:\\Users\\Doaa alsattari\\Downloads\\bank-graduation-project-main\\bank-graduation-project-main\\vendor\\laravel\\framework\\src\\Illuminate\\Routing\\Router.php(821): Illuminate\\Pipeline\\Pipeline->then(Object(Closure))
#19 C:\\Users\\Doaa alsattari\\Downloads\\bank-graduation-project-main\\bank-graduation-project-main\\vendor\\laravel\\framework\\src\\Illuminate\\Routing\\Router.php(800): Illuminate\\Routing\\Router->runRouteWithinStack(Object(Illuminate\\Routing\\Route), Object(Illuminate\\Http\\Request))
#20 C:\\Users\\Doaa alsattari\\Downloads\\bank-graduation-project-main\\bank-graduation-project-main\\vendor\\laravel\\framework\\src\\Illuminate\\Routing\\Router.php(764): Illuminate\\Routing\\Router->runRoute(Object(Illuminate\\Http\\Request), Object(Illuminate\\Routing\\Route))
#21 C:\\Users\\Doaa alsattari\\Downloads\\bank-graduation-project-main\\bank-graduation-project-main\\vendor\\laravel\\framework\\src\\Illuminate\\Routing\\Router.php(753): Illuminate\\Routing\\Router->dispatchToRoute(Object(Illuminate\\Http\\Request))
#22 C:\\Users\\Doaa alsattari\\Downloads\\bank-graduation-project-main\\bank-graduation-project-main\\vendor\\laravel\\framework\\src\\Illuminate\\Foundation\\Http\\Kernel.php(200): Illuminate\\Routing\\Router->dispatch(Object(Illuminate\\Http\\Request))
#23 C:\\Users\\Doaa alsattari\\Downloads\\bank-graduation-project-main\\bank-graduation-project-main\\vendor\\laravel\\framework\\src\\Illuminate\\Pipeline\\Pipeline.php(180): Illuminate\\Foundation\\Http\\Kernel->Illuminate\\Foundation\\Http\\{closure}(Object(Illuminate\\Http\\Request))
#24 C:\\Users\\Doaa alsattari\\Downloads\\bank-graduation-project-main\\bank-graduation-project-main\\vendor\\laravel\\framework\\src\\Illuminate\\Foundation\\Http\\Middleware\\TransformsRequest.php(21): Illuminate\\Pipeline\\Pipeline->Illuminate\\Pipeline\\{closure}(Object(Illuminate\\Http\\Request))
#25 C:\\Users\\Doaa alsattari\\Downloads\\bank-graduation-project-main\\bank-graduation-project-main\\vendor\\laravel\\framework\\src\\Illuminate\\Foundation\\Http\\Middleware\\ConvertEmptyStringsToNull.php(31): Illuminate\\Foundation\\Http\\Middleware\\TransformsRequest->handle(Object(Illuminate\\Http\\Request), Object(Closure))
#26 C:\\Users\\Doaa alsattari\\Downloads\\bank-graduation-project-main\\bank-graduation-project-main\\vendor\\laravel\\framework\\src\\Illuminate\\Pipeline\\Pipeline.php(219): Illuminate\\Foundation\\Http\\Middleware\\ConvertEmptyStringsToNull->handle(Object(Illuminate\\Http\\Request), Object(Closure))
#27 C:\\Users\\Doaa alsattari\\Downloads\\bank-graduation-project-main\\bank-graduation-project-main\\vendor\\laravel\\framework\\src\\Illuminate\\Foundation\\Http\\Middleware\\TransformsRequest.php(21): Illuminate\\Pipeline\\Pipeline->Illuminate\\Pipeline\\{closure}(Object(Illuminate\\Http\\Request))
#28 C:\\Users\\Doaa alsattari\\Downloads\\bank-graduation-project-main\\bank-graduation-project-main\\vendor\\laravel\\framework\\src\\Illuminate\\Foundation\\Http\\Middleware\\TrimStrings.php(51): Illuminate\\Foundation\\Http\\Middleware\\TransformsRequest->handle(Object(Illuminate\\Http\\Request), Object(Closure))
#29 C:\\Users\\Doaa alsattari\\Downloads\\bank-graduation-project-main\\bank-graduation-project-main\\vendor\\laravel\\framework\\src\\Illuminate\\Pipeline\\Pipeline.php(219): Illuminate\\Foundation\\Http\\Middleware\\TrimStrings->handle(Object(Illuminate\\Http\\Request), Object(Closure))
#30 C:\\Users\\Doaa alsattari\\Downloads\\bank-graduation-project-main\\bank-graduation-project-main\\vendor\\laravel\\framework\\src\\Illuminate\\Http\\Middleware\\ValidatePostSize.php(27): Illuminate\\Pipeline\\Pipeline->Illuminate\\Pipeline\\{closure}(Object(Illuminate\\Http\\Request))
#31 C:\\Users\\Doaa alsattari\\Downloads\\bank-graduation-project-main\\bank-graduation-project-main\\vendor\\laravel\\framework\\src\\Illuminate\\Pipeline\\Pipeline.php(219): Illuminate\\Http\\Middleware\\ValidatePostSize->handle(Object(Illuminate\\Http\\Request), Object(Closure))
#32 C:\\Users\\Doaa alsattari\\Downloads\\bank-graduation-project-main\\bank-graduation-project-main\\vendor\\laravel\\framework\\src\\Illuminate\\Foundation\\Http\\Middleware\\PreventRequestsDuringMaintenance.php(109): Illuminate\\Pipeline\\Pipeline->Illuminate\\Pipeline\\{closure}(Object(Illuminate\\Http\\Request))
#33 C:\\Users\\Doaa alsattari\\Downloads\\bank-graduation-project-main\\bank-graduation-project-main\\vendor\\laravel\\framework\\src\\Illuminate\\Pipeline\\Pipeline.php(219): Illuminate\\Foundation\\Http\\Middleware\\PreventRequestsDuringMaintenance->handle(Object(Illuminate\\Http\\Request), Object(Closure))
#34 C:\\Users\\Doaa alsattari\\Downloads\\bank-graduation-project-main\\bank-graduation-project-main\\vendor\\laravel\\framework\\src\\Illuminate\\Http\\Middleware\\HandleCors.php(48): Illuminate\\Pipeline\\Pipeline->Illuminate\\Pipeline\\{closure}(Object(Illuminate\\Http\\Request))
#35 C:\\Users\\Doaa alsattari\\Downloads\\bank-graduation-project-main\\bank-graduation-project-main\\vendor\\laravel\\framework\\src\\Illuminate\\Pipeline\\Pipeline.php(219): Illuminate\\Http\\Middleware\\HandleCors->handle(Object(Illuminate\\Http\\Request), Object(Closure))
#36 C:\\Users\\Doaa alsattari\\Downloads\\bank-graduation-project-main\\bank-graduation-project-main\\vendor\\laravel\\framework\\src\\Illuminate\\Http\\Middleware\\TrustProxies.php(58): Illuminate\\Pipeline\\Pipeline->Illuminate\\Pipeline\\{closure}(Object(Illuminate\\Http\\Request))
#37 C:\\Users\\Doaa alsattari\\Downloads\\bank-graduation-project-main\\bank-graduation-project-main\\vendor\\laravel\\framework\\src\\Illuminate\\Pipeline\\Pipeline.php(219): Illuminate\\Http\\Middleware\\TrustProxies->handle(Object(Illuminate\\Http\\Request), Object(Closure))
#38 C:\\Users\\Doaa alsattari\\Downloads\\bank-graduation-project-main\\bank-graduation-project-main\\vendor\\laravel\\framework\\src\\Illuminate\\Foundation\\Http\\Middleware\\InvokeDeferredCallbacks.php(22): Illuminate\\Pipeline\\Pipeline->Illuminate\\Pipeline\\{closure}(Object(Illuminate\\Http\\Request))
#39 C:\\Users\\Doaa alsattari\\Downloads\\bank-graduation-project-main\\bank-graduation-project-main\\vendor\\laravel\\framework\\src\\Illuminate\\Pipeline\\Pipeline.php(219): Illuminate\\Foundation\\Http\\Middleware\\InvokeDeferredCallbacks->handle(Object(Illuminate\\Http\\Request), Object(Closure))
#40 C:\\Users\\Doaa alsattari\\Downloads\\bank-graduation-project-main\\bank-graduation-project-main\\vendor\\laravel\\framework\\src\\Illuminate\\Http\\Middleware\\ValidatePathEncoding.php(26): Illuminate\\Pipeline\\Pipeline->Illuminate\\Pipeline\\{closure}(Object(Illuminate\\Http\\Request))
#41 C:\\Users\\Doaa alsattari\\Downloads\\bank-graduation-project-main\\bank-graduation-project-main\\vendor\\laravel\\framework\\src\\Illuminate\\Pipeline\\Pipeline.php(219): Illuminate\\Http\\Middleware\\ValidatePathEncoding->handle(Object(Illuminate\\Http\\Request), Object(Closure))
#42 C:\\Users\\Doaa alsattari\\Downloads\\bank-graduation-project-main\\bank-graduation-project-main\\vendor\\laravel\\framework\\src\\Illuminate\\Pipeline\\Pipeline.php(137): Illuminate\\Pipeline\\Pipeline->Illuminate\\Pipeline\\{closure}(Object(Illuminate\\Http\\Request))
#43 C:\\Users\\Doaa alsattari\\Downloads\\bank-graduation-project-main\\bank-graduation-project-main\\vendor\\laravel\\framework\\src\\Illuminate\\Foundation\\Http\\Kernel.php(175): Illuminate\\Pipeline\\Pipeline->then(Object(Closure))
#44 C:\\Users\\Doaa alsattari\\Downloads\\bank-graduation-project-main\\bank-graduation-project-main\\vendor\\laravel\\framework\\src\\Illuminate\\Foundation\\Http\\Kernel.php(144): Illuminate\\Foundation\\Http\\Kernel->sendRequestThroughRouter(Object(Illuminate\\Http\\Request))
#45 C:\\Users\\Doaa alsattari\\Downloads\\bank-graduation-project-main\\bank-graduation-project-main\\vendor\\laravel\\framework\\src\\Illuminate\\Foundation\\Application.php(1220): Illuminate\\Foundation\\Http\\Kernel->handle(Object(Illuminate\\Http\\Request))
#46 C:\\Users\\Doaa alsattari\\Downloads\\bank-graduation-project-main\\bank-graduation-project-main\\public\\index.php(20): Illuminate\\Foundation\\Application->handleRequest(Object(Illuminate\\Http\\Request))
#47 C:\\Users\\Doaa alsattari\\Downloads\\bank-graduation-project-main\\bank-graduation-project-main\\vendor\\laravel\\framework\\src\\Illuminate\\Foundation\\resources\\server.php(23): require_once('C:\\\\Users\\\\Doaa a...')
#48 {main}
"} 
[2025-10-17 14:37:09] local.ERROR: No application encryption key has been specified. {"exception":"[object] (Illuminate\\Encryption\\MissingAppKeyException(code: 0): No application encryption key has been specified. at C:\\Users\\Doaa alsattari\\Downloads\\bank-graduation-project-main\\bank-graduation-project-main\\vendor\\laravel\\framework\\src\\Illuminate\\Encryption\\EncryptionServiceProvider.php:83)
[stacktrace]
#0 C:\\Users\\Doaa alsattari\\Downloads\\bank-graduation-project-main\\bank-graduation-project-main\\vendor\\laravel\\framework\\src\\Illuminate\\Support\\helpers.php(390): Illuminate\\Encryption\\EncryptionServiceProvider->Illuminate\\Encryption\\{closure}('')
#1 C:\\Users\\Doaa alsattari\\Downloads\\bank-graduation-project-main\\bank-graduation-project-main\\vendor\\laravel\\framework\\src\\Illuminate\\Encryption\\EncryptionServiceProvider.php(81): tap('', Object(Closure))
#2 C:\\Users\\Doaa alsattari\\Downloads\\bank-graduation-project-main\\bank-graduation-project-main\\vendor\\laravel\\framework\\src\\Illuminate\\Encryption\\EncryptionServiceProvider.php(64): Illuminate\\Encryption\\EncryptionServiceProvider->key(Array)
#3 C:\\Users\\Doaa alsattari\\Downloads\\bank-graduation-project-main\\bank-graduation-project-main\\vendor\\laravel\\framework\\src\\Illuminate\\Encryption\\EncryptionServiceProvider.php(32): Illuminate\\Encryption\\EncryptionServiceProvider->parseKey(Array)
#4 C:\\Users\\Doaa alsattari\\Downloads\\bank-graduation-project-main\\bank-graduation-project-main\\vendor\\laravel\\framework\\src\\Illuminate\\Container\\Container.php(1154): Illuminate\\Encryption\\EncryptionServiceProvider->Illuminate\\Encryption\\{closure}(Object(Illuminate\\Foundation\\Application), Array)
#5 C:\\Users\\Doaa alsattari\\Downloads\\bank-graduation-project-main\\bank-graduation-project-main\\vendor\\laravel\\framework\\src\\Illuminate\\Container\\Container.php(972): Illuminate\\Container\\Container->build(Object(Closure))
#6 C:\\Users\\Doaa alsattari\\Downloads\\bank-graduation-project-main\\bank-graduation-project-main\\vendor\\laravel\\framework\\src\\Illuminate\\Foundation\\Application.php(1078): Illuminate\\Container\\Container->resolve('encrypter', Array, true)
#7 C:\\Users\\Doaa alsattari\\Downloads\\bank-graduation-project-main\\bank-graduation-project-main\\vendor\\laravel\\framework\\src\\Illuminate\\Container\\Container.php(903): Illuminate\\Foundation\\Application->resolve('encrypter', Array)
#8 C:\\Users\\Doaa alsattari\\Downloads\\bank-graduation-project-main\\bank-graduation-project-main\\vendor\\laravel\\framework\\src\\Illuminate\\Foundation\\Application.php(1058): Illuminate\\Container\\Container->make('encrypter', Array)
#9 C:\\Users\\Doaa alsattari\\Downloads\\bank-graduation-project-main\\bank-graduation-project-main\\vendor\\laravel\\framework\\src\\Illuminate\\Container\\Container.php(1379): Illuminate\\Foundation\\Application->make('encrypter')
#10 C:\\Users\\Doaa alsattari\\Downloads\\bank-graduation-project-main\\bank-graduation-project-main\\vendor\\laravel\\framework\\src\\Illuminate\\Container\\Container.php(1278): Illuminate\\Container\\Container->resolveClass(Object(ReflectionParameter))
#11 C:\\Users\\Doaa alsattari\\Downloads\\bank-graduation-project-main\\bank-graduation-project-main\\vendor\\laravel\\framework\\src\\Illuminate\\Container\\Container.php(1201): Illuminate\\Container\\Container->resolveDependencies(Array)
#12 C:\\Users\\Doaa alsattari\\Downloads\\bank-graduation-project-main\\bank-graduation-project-main\\vendor\\laravel\\framework\\src\\Illuminate\\Container\\Container.php(972): Illuminate\\Container\\Container->build('Illuminate\\\\Cook...')
#13 C:\\Users\\Doaa alsattari\\Downloads\\bank-graduation-project-main\\bank-graduation-project-main\\vendor\\laravel\\framework\\src\\Illuminate\\Foundation\\Application.php(1078): Illuminate\\Container\\Container->resolve('Illuminate\\\\Cook...', Array, true)
#14 C:\\Users\\Doaa alsattari\\Downloads\\bank-graduation-project-main\\bank-graduation-project-main\\vendor\\laravel\\framework\\src\\Illuminate\\Container\\Container.php(903): Illuminate\\Foundation\\Application->resolve('Illuminate\\\\Cook...', Array)
#15 C:\\Users\\Doaa alsattari\\Downloads\\bank-graduation-project-main\\bank-graduation-project-main\\vendor\\laravel\\framework\\src\\Illuminate\\Foundation\\Application.php(1058): Illuminate\\Container\\Container->make('Illuminate\\\\Cook...', Array)
#16 C:\\Users\\Doaa alsattari\\Downloads\\bank-graduation-project-main\\bank-graduation-project-main\\vendor\\laravel\\framework\\src\\Illuminate\\Foundation\\Http\\Kernel.php(257): Illuminate\\Foundation\\Application->make('Illuminate\\\\Cook...')
#17 C:\\Users\\Doaa alsattari\\Downloads\\bank-graduation-project-main\\bank-graduation-project-main\\vendor\\laravel\\framework\\src\\Illuminate\\Foundation\\Http\\Kernel.php(215): Illuminate\\Foundation\\Http\\Kernel->terminateMiddleware(Object(Illuminate\\Http\\Request), Object(Illuminate\\Http\\Response))
#18 C:\\Users\\Doaa alsattari\\Downloads\\bank-graduation-project-main\\bank-graduation-project-main\\vendor\\laravel\\framework\\src\\Illuminate\\Foundation\\Application.php(1222): Illuminate\\Foundation\\Http\\Kernel->terminate(Object(Illuminate\\Http\\Request), Object(Illuminate\\Http\\Response))
#19 C:\\Users\\Doaa alsattari\\Downloads\\bank-graduation-project-main\\bank-graduation-project-main\\public\\index.php(20): Illuminate\\Foundation\\Application->handleRequest(Object(Illuminate\\Http\\Request))
#20 C:\\Users\\Doaa alsattari\\Downloads\\bank-graduation-project-main\\bank-graduation-project-main\\vendor\\laravel\\framework\\src\\Illuminate\\Foundation\\resources\\server.php(23): require_once('C:\\\\Users\\\\Doaa a...')
#21 {main}
"} 
[2025-10-17 14:38:21] local.ERROR: Database file at path [C:\Users\Doaa alsattari\Downloads\bank-graduation-project-main\bank-graduation-project-main\database\database.sqlite] does not exist. Ensure this is an absolute path to the database. (Connection: sqlite, SQL: select * from "sessions" where "id" = jQNV1AmEMHErg0HGhQYc0WgZMffi8AFhxbccXVwc limit 1) {"exception":"[object] (Illuminate\\Database\\QueryException(code: 0): Database file at path [C:\\Users\\Doaa alsattari\\Downloads\\bank-graduation-project-main\\bank-graduation-project-main\\database\\database.sqlite] does not exist. Ensure this is an absolute path to the database. (Connection: sqlite, SQL: select * from \"sessions\" where \"id\" = jQNV1AmEMHErg0HGhQYc0WgZMffi8AFhxbccXVwc limit 1) at C:\\Users\\Doaa alsattari\\Downloads\\bank-graduation-project-main\\bank-graduation-project-main\\vendor\\laravel\\framework\\src\\Illuminate\\Database\\Connection.php:824)
[stacktrace]
#0 C:\\Users\\Doaa alsattari\\Downloads\\bank-graduation-project-main\\bank-graduation-project-main\\vendor\\laravel\\framework\\src\\Illuminate\\Database\\Connection.php(778): Illuminate\\Database\\Connection->runQueryCallback('select * from \"...', Array, Object(Closure))
#1 C:\\Users\\Doaa alsattari\\Downloads\\bank-graduation-project-main\\bank-graduation-project-main\\vendor\\laravel\\framework\\src\\Illuminate\\Database\\Connection.php(397): Illuminate\\Database\\Connection->run('select * from \"...', Array, Object(Closure))
#2 C:\\Users\\Doaa alsattari\\Downloads\\bank-graduation-project-main\\bank-graduation-project-main\\vendor\\laravel\\framework\\src\\Illuminate\\Database\\Query\\Builder.php(3188): Illuminate\\Database\\Connection->select('select * from \"...', Array, false)
#3 C:\\Users\\Doaa alsattari\\Downloads\\bank-graduation-project-main\\bank-graduation-project-main\\vendor\\laravel\\framework\\src\\Illuminate\\Database\\Query\\Builder.php(3173): Illuminate\\Database\\Query\\Builder->runSelect()
#4 C:\\Users\\Doaa alsattari\\Downloads\\bank-graduation-project-main\\bank-graduation-project-main\\vendor\\laravel\\framework\\src\\Illuminate\\Database\\Query\\Builder.php(3763): Illuminate\\Database\\Query\\Builder->Illuminate\\Database\\Query\\{closure}()
#5 C:\\Users\\Doaa alsattari\\Downloads\\bank-graduation-project-main\\bank-graduation-project-main\\vendor\\laravel\\framework\\src\\Illuminate\\Database\\Query\\Builder.php(3172): Illuminate\\Database\\Query\\Builder->onceWithColumns(Array, Object(Closure))
#6 C:\\Users\\Doaa alsattari\\Downloads\\bank-graduation-project-main\\bank-graduation-project-main\\vendor\\laravel\\framework\\src\\Illuminate\\Database\\Concerns\\BuildsQueries.php(366): Illuminate\\Database\\Query\\Builder->get(Array)
#7 C:\\Users\\Doaa alsattari\\Downloads\\bank-graduation-project-main\\bank-graduation-project-main\\vendor\\laravel\\framework\\src\\Illuminate\\Database\\Query\\Builder.php(3095): Illuminate\\Database\\Query\\Builder->first(Array)
#8 C:\\Users\\Doaa alsattari\\Downloads\\bank-graduation-project-main\\bank-graduation-project-main\\vendor\\laravel\\framework\\src\\Illuminate\\Session\\DatabaseSessionHandler.php(96): Illuminate\\Database\\Query\\Builder->find('jQNV1AmEMHErg0H...')
#9 C:\\Users\\Doaa alsattari\\Downloads\\bank-graduation-project-main\\bank-graduation-project-main\\vendor\\laravel\\framework\\src\\Illuminate\\Session\\Store.php(117): Illuminate\\Session\\DatabaseSessionHandler->read('jQNV1AmEMHErg0H...')
#10 C:\\Users\\Doaa alsattari\\Downloads\\bank-graduation-project-main\\bank-graduation-project-main\\vendor\\laravel\\framework\\src\\Illuminate\\Session\\Store.php(105): Illuminate\\Session\\Store->readFromHandler()
#11 C:\\Users\\Doaa alsattari\\Downloads\\bank-graduation-project-main\\bank-graduation-project-main\\vendor\\laravel\\framework\\src\\Illuminate\\Session\\Store.php(89): Illuminate\\Session\\Store->loadSession()
#12 C:\\Users\\Doaa alsattari\\Downloads\\bank-graduation-project-main\\bank-graduation-project-main\\vendor\\laravel\\framework\\src\\Illuminate\\Session\\Middleware\\StartSession.php(146): Illuminate\\Session\\Store->start()
#13 C:\\Users\\Doaa alsattari\\Downloads\\bank-graduation-project-main\\bank-graduation-project-main\\vendor\\laravel\\framework\\src\\Illuminate\\Support\\helpers.php(390): Illuminate\\Session\\Middleware\\StartSession->Illuminate\\Session\\Middleware\\{closure}(Object(Illuminate\\Session\\Store))
#14 C:\\Users\\Doaa alsattari\\Downloads\\bank-graduation-project-main\\bank-graduation-project-main\\vendor\\laravel\\framework\\src\\Illuminate\\Session\\Middleware\\StartSession.php(143): tap(Object(Illuminate\\Session\\Store), Object(Closure))
#15 C:\\Users\\Doaa alsattari\\Downloads\\bank-graduation-project-main\\bank-graduation-project-main\\vendor\\laravel\\framework\\src\\Illuminate\\Session\\Middleware\\StartSession.php(115): Illuminate\\Session\\Middleware\\StartSession->startSession(Object(Illuminate\\Http\\Request), Object(Illuminate\\Session\\Store))
#16 C:\\Users\\Doaa alsattari\\Downloads\\bank-graduation-project-main\\bank-graduation-project-main\\vendor\\laravel\\framework\\src\\Illuminate\\Session\\Middleware\\StartSession.php(63): Illuminate\\Session\\Middleware\\StartSession->handleStatefulRequest(Object(Illuminate\\Http\\Request), Object(Illuminate\\Session\\Store), Object(Closure))
#17 C:\\Users\\Doaa alsattari\\Downloads\\bank-graduation-project-main\\bank-graduation-project-main\\vendor\\laravel\\framework\\src\\Illuminate\\Pipeline\\Pipeline.php(219): Illuminate\\Session\\Middleware\\StartSession->handle(Object(Illuminate\\Http\\Request), Object(Closure))
#18 C:\\Users\\Doaa alsattari\\Downloads\\bank-graduation-project-main\\bank-graduation-project-main\\vendor\\laravel\\framework\\src\\Illuminate\\Cookie\\Middleware\\AddQueuedCookiesToResponse.php(36): Illuminate\\Pipeline\\Pipeline->Illuminate\\Pipeline\\{closure}(Object(Illuminate\\Http\\Request))
#19 C:\\Users\\Doaa alsattari\\Downloads\\bank-graduation-project-main\\bank-graduation-project-main\\vendor\\laravel\\framework\\src\\Illuminate\\Pipeline\\Pipeline.php(219): Illuminate\\Cookie\\Middleware\\AddQueuedCookiesToResponse->handle(Object(Illuminate\\Http\\Request), Object(Closure))
#20 C:\\Users\\Doaa alsattari\\Downloads\\bank-graduation-project-main\\bank-graduation-project-main\\vendor\\laravel\\framework\\src\\Illuminate\\Cookie\\Middleware\\EncryptCookies.php(74): Illuminate\\Pipeline\\Pipeline->Illuminate\\Pipeline\\{closure}(Object(Illuminate\\Http\\Request))
#21 C:\\Users\\Doaa alsattari\\Downloads\\bank-graduation-project-main\\bank-graduation-project-main\\vendor\\laravel\\framework\\src\\Illuminate\\Pipeline\\Pipeline.php(219): Illuminate\\Cookie\\Middleware\\EncryptCookies->handle(Object(Illuminate\\Http\\Request), Object(Closure))
#22 C:\\Users\\Doaa alsattari\\Downloads\\bank-graduation-project-main\\bank-graduation-project-main\\vendor\\laravel\\framework\\src\\Illuminate\\Pipeline\\Pipeline.php(137): Illuminate\\Pipeline\\Pipeline->Illuminate\\Pipeline\\{closure}(Object(Illuminate\\Http\\Request))
#23 C:\\Users\\Doaa alsattari\\Downloads\\bank-graduation-project-main\\bank-graduation-project-main\\vendor\\laravel\\framework\\src\\Illuminate\\Routing\\Router.php(821): Illuminate\\Pipeline\\Pipeline->then(Object(Closure))
#24 C:\\Users\\Doaa alsattari\\Downloads\\bank-graduation-project-main\\bank-graduation-project-main\\vendor\\laravel\\framework\\src\\Illuminate\\Routing\\Router.php(800): Illuminate\\Routing\\Router->runRouteWithinStack(Object(Illuminate\\Routing\\Route), Object(Illuminate\\Http\\Request))
#25 C:\\Users\\Doaa alsattari\\Downloads\\bank-graduation-project-main\\bank-graduation-project-main\\vendor\\laravel\\framework\\src\\Illuminate\\Routing\\Router.php(764): Illuminate\\Routing\\Router->runRoute(Object(Illuminate\\Http\\Request), Object(Illuminate\\Routing\\Route))
#26 C:\\Users\\Doaa alsattari\\Downloads\\bank-graduation-project-main\\bank-graduation-project-main\\vendor\\laravel\\framework\\src\\Illuminate\\Routing\\Router.php(753): Illuminate\\Routing\\Router->dispatchToRoute(Object(Illuminate\\Http\\Request))
#27 C:\\Users\\Doaa alsattari\\Downloads\\bank-graduation-project-main\\bank-graduation-project-main\\vendor\\laravel\\framework\\src\\Illuminate\\Foundation\\Http\\Kernel.php(200): Illuminate\\Routing\\Router->dispatch(Object(Illuminate\\Http\\Request))
#28 C:\\Users\\Doaa alsattari\\Downloads\\bank-graduation-project-main\\bank-graduation-project-main\\vendor\\laravel\\framework\\src\\Illuminate\\Pipeline\\Pipeline.php(180): Illuminate\\Foundation\\Http\\Kernel->Illuminate\\Foundation\\Http\\{closure}(Object(Illuminate\\Http\\Request))
#29 C:\\Users\\Doaa alsattari\\Downloads\\bank-graduation-project-main\\bank-graduation-project-main\\vendor\\laravel\\framework\\src\\Illuminate\\Foundation\\Http\\Middleware\\TransformsRequest.php(21): Illuminate\\Pipeline\\Pipeline->Illuminate\\Pipeline\\{closure}(Object(Illuminate\\Http\\Request))
#30 C:\\Users\\Doaa alsattari\\Downloads\\bank-graduation-project-main\\bank-graduation-project-main\\vendor\\laravel\\framework\\src\\Illuminate\\Foundation\\Http\\Middleware\\ConvertEmptyStringsToNull.php(31): Illuminate\\Foundation\\Http\\Middleware\\TransformsRequest->handle(Object(Illuminate\\Http\\Request), Object(Closure))
#31 C:\\Users\\Doaa alsattari\\Downloads\\bank-graduation-project-main\\bank-graduation-project-main\\vendor\\laravel\\framework\\src\\Illuminate\\Pipeline\\Pipeline.php(219): Illuminate\\Foundation\\Http\\Middleware\\ConvertEmptyStringsToNull->handle(Object(Illuminate\\Http\\Request), Object(Closure))
#32 C:\\Users\\Doaa alsattari\\Downloads\\bank-graduation-project-main\\bank-graduation-project-main\\vendor\\laravel\\framework\\src\\Illuminate\\Foundation\\Http\\Middleware\\TransformsRequest.php(21): Illuminate\\Pipeline\\Pipeline->Illuminate\\Pipeline\\{closure}(Object(Illuminate\\Http\\Request))
#33 C:\\Users\\Doaa alsattari\\Downloads\\bank-graduation-project-main\\bank-graduation-project-main\\vendor\\laravel\\framework\\src\\Illuminate\\Foundation\\Http\\Middleware\\TrimStrings.php(51): Illuminate\\Foundation\\Http\\Middleware\\TransformsRequest->handle(Object(Illuminate\\Http\\Request), Object(Closure))
#34 C:\\Users\\Doaa alsattari\\Downloads\\bank-graduation-project-main\\bank-graduation-project-main\\vendor\\laravel\\framework\\src\\Illuminate\\Pipeline\\Pipeline.php(219): Illuminate\\Foundation\\Http\\Middleware\\TrimStrings->handle(Object(Illuminate\\Http\\Request), Object(Closure))
#35 C:\\Users\\Doaa alsattari\\Downloads\\bank-graduation-project-main\\bank-graduation-project-main\\vendor\\laravel\\framework\\src\\Illuminate\\Http\\Middleware\\ValidatePostSize.php(27): Illuminate\\Pipeline\\Pipeline->Illuminate\\Pipeline\\{closure}(Object(Illuminate\\Http\\Request))
#36 C:\\Users\\Doaa alsattari\\Downloads\\bank-graduation-project-main\\bank-graduation-project-main\\vendor\\laravel\\framework\\src\\Illuminate\\Pipeline\\Pipeline.php(219): Illuminate\\Http\\Middleware\\ValidatePostSize->handle(Object(Illuminate\\Http\\Request), Object(Closure))
#37 C:\\Users\\Doaa alsattari\\Downloads\\bank-graduation-project-main\\bank-graduation-project-main\\vendor\\laravel\\framework\\src\\Illuminate\\Foundation\\Http\\Middleware\\PreventRequestsDuringMaintenance.php(109): Illuminate\\Pipeline\\Pipeline->Illuminate\\Pipeline\\{closure}(Object(Illuminate\\Http\\Request))
#38 C:\\Users\\Doaa alsattari\\Downloads\\bank-graduation-project-main\\bank-graduation-project-main\\vendor\\laravel\\framework\\src\\Illuminate\\Pipeline\\Pipeline.php(219): Illuminate\\Foundation\\Http\\Middleware\\PreventRequestsDuringMaintenance->handle(Object(Illuminate\\Http\\Request), Object(Closure))
#39 C:\\Users\\Doaa alsattari\\Downloads\\bank-graduation-project-main\\bank-graduation-project-main\\vendor\\laravel\\framework\\src\\Illuminate\\Http\\Middleware\\HandleCors.php(48): Illuminate\\Pipeline\\Pipeline->Illuminate\\Pipeline\\{closure}(Object(Illuminate\\Http\\Request))
#40 C:\\Users\\Doaa alsattari\\Downloads\\bank-graduation-project-main\\bank-graduation-project-main\\vendor\\laravel\\framework\\src\\Illuminate\\Pipeline\\Pipeline.php(219): Illuminate\\Http\\Middleware\\HandleCors->handle(Object(Illuminate\\Http\\Request), Object(Closure))
#41 C:\\Users\\Doaa alsattari\\Downloads\\bank-graduation-project-main\\bank-graduation-project-main\\vendor\\laravel\\framework\\src\\Illuminate\\Http\\Middleware\\TrustProxies.php(58): Illuminate\\Pipeline\\Pipeline->Illuminate\\Pipeline\\{closure}(Object(Illuminate\\Http\\Request))
#42 C:\\Users\\Doaa alsattari\\Downloads\\bank-graduation-project-main\\bank-graduation-project-main\\vendor\\laravel\\framework\\src\\Illuminate\\Pipeline\\Pipeline.php(219): Illuminate\\Http\\Middleware\\TrustProxies->handle(Object(Illuminate\\Http\\Request), Object(Closure))
#43 C:\\Users\\Doaa alsattari\\Downloads\\bank-graduation-project-main\\bank-graduation-project-main\\vendor\\laravel\\framework\\src\\Illuminate\\Foundation\\Http\\Middleware\\InvokeDeferredCallbacks.php(22): Illuminate\\Pipeline\\Pipeline->Illuminate\\Pipeline\\{closure}(Object(Illuminate\\Http\\Request))
#44 C:\\Users\\Doaa alsattari\\Downloads\\bank-graduation-project-main\\bank-graduation-project-main\\vendor\\laravel\\framework\\src\\Illuminate\\Pipeline\\Pipeline.php(219): Illuminate\\Foundation\\Http\\Middleware\\InvokeDeferredCallbacks->handle(Object(Illuminate\\Http\\Request), Object(Closure))
#45 C:\\Users\\Doaa alsattari\\Downloads\\bank-graduation-project-main\\bank-graduation-project-main\\vendor\\laravel\\framework\\src\\Illuminate\\Http\\Middleware\\ValidatePathEncoding.php(26): Illuminate\\Pipeline\\Pipeline->Illuminate\\Pipeline\\{closure}(Object(Illuminate\\Http\\Request))
#46 C:\\Users\\Doaa alsattari\\Downloads\\bank-graduation-project-main\\bank-graduation-project-main\\vendor\\laravel\\framework\\src\\Illuminate\\Pipeline\\Pipeline.php(219): Illuminate\\Http\\Middleware\\ValidatePathEncoding->handle(Object(Illuminate\\Http\\Request), Object(Closure))
#47 C:\\Users\\Doaa alsattari\\Downloads\\bank-graduation-project-main\\bank-graduation-project-main\\vendor\\laravel\\framework\\src\\Illuminate\\Pipeline\\Pipeline.php(137): Illuminate\\Pipeline\\Pipeline->Illuminate\\Pipeline\\{closure}(Object(Illuminate\\Http\\Request))
#48 C:\\Users\\Doaa alsattari\\Downloads\\bank-graduation-project-main\\bank-graduation-project-main\\vendor\\laravel\\framework\\src\\Illuminate\\Foundation\\Http\\Kernel.php(175): Illuminate\\Pipeline\\Pipeline->then(Object(Closure))
#49 C:\\Users\\Doaa alsattari\\Downloads\\bank-graduation-project-main\\bank-graduation-project-main\\vendor\\laravel\\framework\\src\\Illuminate\\Foundation\\Http\\Kernel.php(144): Illuminate\\Foundation\\Http\\Kernel->sendRequestThroughRouter(Object(Illuminate\\Http\\Request))
#50 C:\\Users\\Doaa alsattari\\Downloads\\bank-graduation-project-main\\bank-graduation-project-main\\vendor\\laravel\\framework\\src\\Illuminate\\Foundation\\Application.php(1220): Illuminate\\Foundation\\Http\\Kernel->handle(Object(Illuminate\\Http\\Request))
#51 C:\\Users\\Doaa alsattari\\Downloads\\bank-graduation-project-main\\bank-graduation-project-main\\public\\index.php(20): Illuminate\\Foundation\\Application->handleRequest(Object(Illuminate\\Http\\Request))
#52 C:\\Users\\Doaa alsattari\\Downloads\\bank-graduation-project-main\\bank-graduation-project-main\\vendor\\laravel\\framework\\src\\Illuminate\\Foundation\\resources\\server.php(23): require_once('C:\\\\Users\\\\Doaa a...')
#53 {main}

[previous exception] [object] (Illuminate\\Database\\SQLiteDatabaseDoesNotExistException(code: 0): Database file at path [C:\\Users\\Doaa alsattari\\Downloads\\bank-graduation-project-main\\bank-graduation-project-main\\database\\database.sqlite] does not exist. Ensure this is an absolute path to the database. at C:\\Users\\Doaa alsattari\\Downloads\\bank-graduation-project-main\\bank-graduation-project-main\\vendor\\laravel\\framework\\src\\Illuminate\\Database\\Connectors\\SQLiteConnector.php:60)
[stacktrace]
#0 C:\\Users\\Doaa alsattari\\Downloads\\bank-graduation-project-main\\bank-graduation-project-main\\vendor\\laravel\\framework\\src\\Illuminate\\Database\\Connectors\\SQLiteConnector.php(19): Illuminate\\Database\\Connectors\\SQLiteConnector->parseDatabasePath(false)
#1 C:\\Users\\Doaa alsattari\\Downloads\\bank-graduation-project-main\\bank-graduation-project-main\\vendor\\laravel\\framework\\src\\Illuminate\\Database\\Connectors\\ConnectionFactory.php(223): Illuminate\\Database\\Connectors\\SQLiteConnector->connect(Array)
#2 [internal function]: Illuminate\\Database\\Connectors\\ConnectionFactory->Illuminate\\Database\\Connectors\\{closure}()
#3 C:\\Users\\Doaa alsattari\\Downloads\\bank-graduation-project-main\\bank-graduation-project-main\\vendor\\laravel\\framework\\src\\Illuminate\\Database\\Connection.php(1230): call_user_func(Object(Closure))
#4 C:\\Users\\Doaa alsattari\\Downloads\\bank-graduation-project-main\\bank-graduation-project-main\\vendor\\laravel\\framework\\src\\Illuminate\\Database\\Connection.php(511): Illuminate\\Database\\Connection->getPdo()
#5 C:\\Users\\Doaa alsattari\\Downloads\\bank-graduation-project-main\\bank-graduation-project-main\\vendor\\laravel\\framework\\src\\Illuminate\\Database\\Connection.php(406): Illuminate\\Database\\Connection->getPdoForSelect(false)
#6 C:\\Users\\Doaa alsattari\\Downloads\\bank-graduation-project-main\\bank-graduation-project-main\\vendor\\laravel\\framework\\src\\Illuminate\\Database\\Connection.php(811): Illuminate\\Database\\Connection->Illuminate\\Database\\{closure}('select * from \"...', Array)
#7 C:\\Users\\Doaa alsattari\\Downloads\\bank-graduation-project-main\\bank-graduation-project-main\\vendor\\laravel\\framework\\src\\Illuminate\\Database\\Connection.php(778): Illuminate\\Database\\Connection->runQueryCallback('select * from \"...', Array, Object(Closure))
#8 C:\\Users\\Doaa alsattari\\Downloads\\bank-graduation-project-main\\bank-graduation-project-main\\vendor\\laravel\\framework\\src\\Illuminate\\Database\\Connection.php(397): Illuminate\\Database\\Connection->run('select * from \"...', Array, Object(Closure))
#9 C:\\Users\\Doaa alsattari\\Downloads\\bank-graduation-project-main\\bank-graduation-project-main\\vendor\\laravel\\framework\\src\\Illuminate\\Database\\Query\\Builder.php(3188): Illuminate\\Database\\Connection->select('select * from \"...', Array, false)
#10 C:\\Users\\Doaa alsattari\\Downloads\\bank-graduation-project-main\\bank-graduation-project-main\\vendor\\laravel\\framework\\src\\Illuminate\\Database\\Query\\Builder.php(3173): Illuminate\\Database\\Query\\Builder->runSelect()
#11 C:\\Users\\Doaa alsattari\\Downloads\\bank-graduation-project-main\\bank-graduation-project-main\\vendor\\laravel\\framework\\src\\Illuminate\\Database\\Query\\Builder.php(3763): Illuminate\\Database\\Query\\Builder->Illuminate\\Database\\Query\\{closure}()
#12 C:\\Users\\Doaa alsattari\\Downloads\\bank-graduation-project-main\\bank-graduation-project-main\\vendor\\laravel\\framework\\src\\Illuminate\\Database\\Query\\Builder.php(3172): Illuminate\\Database\\Query\\Builder->onceWithColumns(Array, Object(Closure))
#13 C:\\Users\\Doaa alsattari\\Downloads\\bank-graduation-project-main\\bank-graduation-project-main\\vendor\\laravel\\framework\\src\\Illuminate\\Database\\Concerns\\BuildsQueries.php(366): Illuminate\\Database\\Query\\Builder->get(Array)
#14 C:\\Users\\Doaa alsattari\\Downloads\\bank-graduation-project-main\\bank-graduation-project-main\\vendor\\laravel\\framework\\src\\Illuminate\\Database\\Query\\Builder.php(3095): Illuminate\\Database\\Query\\Builder->first(Array)
#15 C:\\Users\\Doaa alsattari\\Downloads\\bank-graduation-project-main\\bank-graduation-project-main\\vendor\\laravel\\framework\\src\\Illuminate\\Session\\DatabaseSessionHandler.php(96): Illuminate\\Database\\Query\\Builder->find('jQNV1AmEMHErg0H...')
#16 C:\\Users\\Doaa alsattari\\Downloads\\bank-graduation-project-main\\bank-graduation-project-main\\vendor\\laravel\\framework\\src\\Illuminate\\Session\\Store.php(117): Illuminate\\Session\\DatabaseSessionHandler->read('jQNV1AmEMHErg0H...')
#17 C:\\Users\\Doaa alsattari\\Downloads\\bank-graduation-project-main\\bank-graduation-project-main\\vendor\\laravel\\framework\\src\\Illuminate\\Session\\Store.php(105): Illuminate\\Session\\Store->readFromHandler()
#18 C:\\Users\\Doaa alsattari\\Downloads\\bank-graduation-project-main\\bank-graduation-project-main\\vendor\\laravel\\framework\\src\\Illuminate\\Session\\Store.php(89): Illuminate\\Session\\Store->loadSession()
#19 C:\\Users\\Doaa alsattari\\Downloads\\bank-graduation-project-main\\bank-graduation-project-main\\vendor\\laravel\\framework\\src\\Illuminate\\Session\\Middleware\\StartSession.php(146): Illuminate\\Session\\Store->start()
#20 C:\\Users\\Doaa alsattari\\Downloads\\bank-graduation-project-main\\bank-graduation-project-main\\vendor\\laravel\\framework\\src\\Illuminate\\Support\\helpers.php(390): Illuminate\\Session\\Middleware\\StartSession->Illuminate\\Session\\Middleware\\{closure}(Object(Illuminate\\Session\\Store))
#21 C:\\Users\\Doaa alsattari\\Downloads\\bank-graduation-project-main\\bank-graduation-project-main\\vendor\\laravel\\framework\\src\\Illuminate\\Session\\Middleware\\StartSession.php(143): tap(Object(Illuminate\\Session\\Store), Object(Closure))
#22 C:\\Users\\Doaa alsattari\\Downloads\\bank-graduation-project-main\\bank-graduation-project-main\\vendor\\laravel\\framework\\src\\Illuminate\\Session\\Middleware\\StartSession.php(115): Illuminate\\Session\\Middleware\\StartSession->startSession(Object(Illuminate\\Http\\Request), Object(Illuminate\\Session\\Store))
#23 C:\\Users\\Doaa alsattari\\Downloads\\bank-graduation-project-main\\bank-graduation-project-main\\vendor\\laravel\\framework\\src\\Illuminate\\Session\\Middleware\\StartSession.php(63): Illuminate\\Session\\Middleware\\StartSession->handleStatefulRequest(Object(Illuminate\\Http\\Request), Object(Illuminate\\Session\\Store), Object(Closure))
#24 C:\\Users\\Doaa alsattari\\Downloads\\bank-graduation-project-main\\bank-graduation-project-main\\vendor\\laravel\\framework\\src\\Illuminate\\Pipeline\\Pipeline.php(219): Illuminate\\Session\\Middleware\\StartSession->handle(Object(Illuminate\\Http\\Request), Object(Closure))
#25 C:\\Users\\Doaa alsattari\\Downloads\\bank-graduation-project-main\\bank-graduation-project-main\\vendor\\laravel\\framework\\src\\Illuminate\\Cookie\\Middleware\\AddQueuedCookiesToResponse.php(36): Illuminate\\Pipeline\\Pipeline->Illuminate\\Pipeline\\{closure}(Object(Illuminate\\Http\\Request))
#26 C:\\Users\\Doaa alsattari\\Downloads\\bank-graduation-project-main\\bank-graduation-project-main\\vendor\\laravel\\framework\\src\\Illuminate\\Pipeline\\Pipeline.php(219): Illuminate\\Cookie\\Middleware\\AddQueuedCookiesToResponse->handle(Object(Illuminate\\Http\\Request), Object(Closure))
#27 C:\\Users\\Doaa alsattari\\Downloads\\bank-graduation-project-main\\bank-graduation-project-main\\vendor\\laravel\\framework\\src\\Illuminate\\Cookie\\Middleware\\EncryptCookies.php(74): Illuminate\\Pipeline\\Pipeline->Illuminate\\Pipeline\\{closure}(Object(Illuminate\\Http\\Request))
#28 C:\\Users\\Doaa alsattari\\Downloads\\bank-graduation-project-main\\bank-graduation-project-main\\vendor\\laravel\\framework\\src\\Illuminate\\Pipeline\\Pipeline.php(219): Illuminate\\Cookie\\Middleware\\EncryptCookies->handle(Object(Illuminate\\Http\\Request), Object(Closure))
#29 C:\\Users\\Doaa alsattari\\Downloads\\bank-graduation-project-main\\bank-graduation-project-main\\vendor\\laravel\\framework\\src\\Illuminate\\Pipeline\\Pipeline.php(137): Illuminate\\Pipeline\\Pipeline->Illuminate\\Pipeline\\{closure}(Object(Illuminate\\Http\\Request))
#30 C:\\Users\\Doaa alsattari\\Downloads\\bank-graduation-project-main\\bank-graduation-project-main\\vendor\\laravel\\framework\\src\\Illuminate\\Routing\\Router.php(821): Illuminate\\Pipeline\\Pipeline->then(Object(Closure))
#31 C:\\Users\\Doaa alsattari\\Downloads\\bank-graduation-project-main\\bank-graduation-project-main\\vendor\\laravel\\framework\\src\\Illuminate\\Routing\\Router.php(800): Illuminate\\Routing\\Router->runRouteWithinStack(Object(Illuminate\\Routing\\Route), Object(Illuminate\\Http\\Request))
#32 C:\\Users\\Doaa alsattari\\Downloads\\bank-graduation-project-main\\bank-graduation-project-main\\vendor\\laravel\\framework\\src\\Illuminate\\Routing\\Router.php(764): Illuminate\\Routing\\Router->runRoute(Object(Illuminate\\Http\\Request), Object(Illuminate\\Routing\\Route))
#33 C:\\Users\\Doaa alsattari\\Downloads\\bank-graduation-project-main\\bank-graduation-project-main\\vendor\\laravel\\framework\\src\\Illuminate\\Routing\\Router.php(753): Illuminate\\Routing\\Router->dispatchToRoute(Object(Illuminate\\Http\\Request))
#34 C:\\Users\\Doaa alsattari\\Downloads\\bank-graduation-project-main\\bank-graduation-project-main\\vendor\\laravel\\framework\\src\\Illuminate\\Foundation\\Http\\Kernel.php(200): Illuminate\\Routing\\Router->dispatch(Object(Illuminate\\Http\\Request))
#35 C:\\Users\\Doaa alsattari\\Downloads\\bank-graduation-project-main\\bank-graduation-project-main\\vendor\\laravel\\framework\\src\\Illuminate\\Pipeline\\Pipeline.php(180): Illuminate\\Foundation\\Http\\Kernel->Illuminate\\Foundation\\Http\\{closure}(Object(Illuminate\\Http\\Request))
#36 C:\\Users\\Doaa alsattari\\Downloads\\bank-graduation-project-main\\bank-graduation-project-main\\vendor\\laravel\\framework\\src\\Illuminate\\Foundation\\Http\\Middleware\\TransformsRequest.php(21): Illuminate\\Pipeline\\Pipeline->Illuminate\\Pipeline\\{closure}(Object(Illuminate\\Http\\Request))
#37 C:\\Users\\Doaa alsattari\\Downloads\\bank-graduation-project-main\\bank-graduation-project-main\\vendor\\laravel\\framework\\src\\Illuminate\\Foundation\\Http\\Middleware\\ConvertEmptyStringsToNull.php(31): Illuminate\\Foundation\\Http\\Middleware\\TransformsRequest->handle(Object(Illuminate\\Http\\Request), Object(Closure))
#38 C:\\Users\\Doaa alsattari\\Downloads\\bank-graduation-project-main\\bank-graduation-project-main\\vendor\\laravel\\framework\\src\\Illuminate\\Pipeline\\Pipeline.php(219): Illuminate\\Foundation\\Http\\Middleware\\ConvertEmptyStringsToNull->handle(Object(Illuminate\\Http\\Request), Object(Closure))
#39 C:\\Users\\Doaa alsattari\\Downloads\\bank-graduation-project-main\\bank-graduation-project-main\\vendor\\laravel\\framework\\src\\Illuminate\\Foundation\\Http\\Middleware\\TransformsRequest.php(21): Illuminate\\Pipeline\\Pipeline->Illuminate\\Pipeline\\{closure}(Object(Illuminate\\Http\\Request))
#40 C:\\Users\\Doaa alsattari\\Downloads\\bank-graduation-project-main\\bank-graduation-project-main\\vendor\\laravel\\framework\\src\\Illuminate\\Foundation\\Http\\Middleware\\TrimStrings.php(51): Illuminate\\Foundation\\Http\\Middleware\\TransformsRequest->handle(Object(Illuminate\\Http\\Request), Object(Closure))
#41 C:\\Users\\Doaa alsattari\\Downloads\\bank-graduation-project-main\\bank-graduation-project-main\\vendor\\laravel\\framework\\src\\Illuminate\\Pipeline\\Pipeline.php(219): Illuminate\\Foundation\\Http\\Middleware\\TrimStrings->handle(Object(Illuminate\\Http\\Request), Object(Closure))
#42 C:\\Users\\Doaa alsattari\\Downloads\\bank-graduation-project-main\\bank-graduation-project-main\\vendor\\laravel\\framework\\src\\Illuminate\\Http\\Middleware\\ValidatePostSize.php(27): Illuminate\\Pipeline\\Pipeline->Illuminate\\Pipeline\\{closure}(Object(Illuminate\\Http\\Request))
#43 C:\\Users\\Doaa alsattari\\Downloads\\bank-graduation-project-main\\bank-graduation-project-main\\vendor\\laravel\\framework\\src\\Illuminate\\Pipeline\\Pipeline.php(219): Illuminate\\Http\\Middleware\\ValidatePostSize->handle(Object(Illuminate\\Http\\Request), Object(Closure))
#44 C:\\Users\\Doaa alsattari\\Downloads\\bank-graduation-project-main\\bank-graduation-project-main\\vendor\\laravel\\framework\\src\\Illuminate\\Foundation\\Http\\Middleware\\PreventRequestsDuringMaintenance.php(109): Illuminate\\Pipeline\\Pipeline->Illuminate\\Pipeline\\{closure}(Object(Illuminate\\Http\\Request))
#45 C:\\Users\\Doaa alsattari\\Downloads\\bank-graduation-project-main\\bank-graduation-project-main\\vendor\\laravel\\framework\\src\\Illuminate\\Pipeline\\Pipeline.php(219): Illuminate\\Foundation\\Http\\Middleware\\PreventRequestsDuringMaintenance->handle(Object(Illuminate\\Http\\Request), Object(Closure))
#46 C:\\Users\\Doaa alsattari\\Downloads\\bank-graduation-project-main\\bank-graduation-project-main\\vendor\\laravel\\framework\\src\\Illuminate\\Http\\Middleware\\HandleCors.php(48): Illuminate\\Pipeline\\Pipeline->Illuminate\\Pipeline\\{closure}(Object(Illuminate\\Http\\Request))
#47 C:\\Users\\Doaa alsattari\\Downloads\\bank-graduation-project-main\\bank-graduation-project-main\\vendor\\laravel\\framework\\src\\Illuminate\\Pipeline\\Pipeline.php(219): Illuminate\\Http\\Middleware\\HandleCors->handle(Object(Illuminate\\Http\\Request), Object(Closure))
#48 C:\\Users\\Doaa alsattari\\Downloads\\bank-graduation-project-main\\bank-graduation-project-main\\vendor\\laravel\\framework\\src\\Illuminate\\Http\\Middleware\\TrustProxies.php(58): Illuminate\\Pipeline\\Pipeline->Illuminate\\Pipeline\\{closure}(Object(Illuminate\\Http\\Request))
#49 C:\\Users\\Doaa alsattari\\Downloads\\bank-graduation-project-main\\bank-graduation-project-main\\vendor\\laravel\\framework\\src\\Illuminate\\Pipeline\\Pipeline.php(219): Illuminate\\Http\\Middleware\\TrustProxies->handle(Object(Illuminate\\Http\\Request), Object(Closure))
#50 C:\\Users\\Doaa alsattari\\Downloads\\bank-graduation-project-main\\bank-graduation-project-main\\vendor\\laravel\\framework\\src\\Illuminate\\Foundation\\Http\\Middleware\\InvokeDeferredCallbacks.php(22): Illuminate\\Pipeline\\Pipeline->Illuminate\\Pipeline\\{closure}(Object(Illuminate\\Http\\Request))
#51 C:\\Users\\Doaa alsattari\\Downloads\\bank-graduation-project-main\\bank-graduation-project-main\\vendor\\laravel\\framework\\src\\Illuminate\\Pipeline\\Pipeline.php(219): Illuminate\\Foundation\\Http\\Middleware\\InvokeDeferredCallbacks->handle(Object(Illuminate\\Http\\Request), Object(Closure))
#52 C:\\Users\\Doaa alsattari\\Downloads\\bank-graduation-project-main\\bank-graduation-project-main\\vendor\\laravel\\framework\\src\\Illuminate\\Http\\Middleware\\ValidatePathEncoding.php(26): Illuminate\\Pipeline\\Pipeline->Illuminate\\Pipeline\\{closure}(Object(Illuminate\\Http\\Request))
#53 C:\\Users\\Doaa alsattari\\Downloads\\bank-graduation-project-main\\bank-graduation-project-main\\vendor\\laravel\\framework\\src\\Illuminate\\Pipeline\\Pipeline.php(219): Illuminate\\Http\\Middleware\\ValidatePathEncoding->handle(Object(Illuminate\\Http\\Request), Object(Closure))
#54 C:\\Users\\Doaa alsattari\\Downloads\\bank-graduation-project-main\\bank-graduation-project-main\\vendor\\laravel\\framework\\src\\Illuminate\\Pipeline\\Pipeline.php(137): Illuminate\\Pipeline\\Pipeline->Illuminate\\Pipeline\\{closure}(Object(Illuminate\\Http\\Request))
#55 C:\\Users\\Doaa alsattari\\Downloads\\bank-graduation-project-main\\bank-graduation-project-main\\vendor\\laravel\\framework\\src\\Illuminate\\Foundation\\Http\\Kernel.php(175): Illuminate\\Pipeline\\Pipeline->then(Object(Closure))
#56 C:\\Users\\Doaa alsattari\\Downloads\\bank-graduation-project-main\\bank-graduation-project-main\\vendor\\laravel\\framework\\src\\Illuminate\\Foundation\\Http\\Kernel.php(144): Illuminate\\Foundation\\Http\\Kernel->sendRequestThroughRouter(Object(Illuminate\\Http\\Request))
#57 C:\\Users\\Doaa alsattari\\Downloads\\bank-graduation-project-main\\bank-graduation-project-main\\vendor\\laravel\\framework\\src\\Illuminate\\Foundation\\Application.php(1220): Illuminate\\Foundation\\Http\\Kernel->handle(Object(Illuminate\\Http\\Request))
#58 C:\\Users\\Doaa alsattari\\Downloads\\bank-graduation-project-main\\bank-graduation-project-main\\public\\index.php(20): Illuminate\\Foundation\\Application->handleRequest(Object(Illuminate\\Http\\Request))
#59 C:\\Users\\Doaa alsattari\\Downloads\\bank-graduation-project-main\\bank-graduation-project-main\\vendor\\laravel\\framework\\src\\Illuminate\\Foundation\\resources\\server.php(23): require_once('C:\\\\Users\\\\Doaa a...')
#60 {main}
"} 
[2025-10-17 14:50:02] local.ERROR: SQLSTATE[HY000] [1049] Unknown database 'laravel' (Connection: mysql, SQL: select * from `sessions` where `id` = 8Ea9jbwnXQVHeiAlp6TKGu22MubMlGiAeVQVfNmk limit 1) {"exception":"[object] (Illuminate\\Database\\QueryException(code: 1049): SQLSTATE[HY000] [1049] Unknown database 'laravel' (Connection: mysql, SQL: select * from `sessions` where `id` = 8Ea9jbwnXQVHeiAlp6TKGu22MubMlGiAeVQVfNmk limit 1) at C:\\Users\\Doaa alsattari\\Downloads\\bank-graduation-project-main\\bank-graduation-project-main\\vendor\\laravel\\framework\\src\\Illuminate\\Database\\Connection.php:824)
[stacktrace]
#0 C:\\Users\\Doaa alsattari\\Downloads\\bank-graduation-project-main\\bank-graduation-project-main\\vendor\\laravel\\framework\\src\\Illuminate\\Database\\Connection.php(778): Illuminate\\Database\\Connection->runQueryCallback('select * from `...', Array, Object(Closure))
#1 C:\\Users\\Doaa alsattari\\Downloads\\bank-graduation-project-main\\bank-graduation-project-main\\vendor\\laravel\\framework\\src\\Illuminate\\Database\\Connection.php(397): Illuminate\\Database\\Connection->run('select * from `...', Array, Object(Closure))
#2 C:\\Users\\Doaa alsattari\\Downloads\\bank-graduation-project-main\\bank-graduation-project-main\\vendor\\laravel\\framework\\src\\Illuminate\\Database\\Query\\Builder.php(3188): Illuminate\\Database\\Connection->select('select * from `...', Array, false)
#3 C:\\Users\\Doaa alsattari\\Downloads\\bank-graduation-project-main\\bank-graduation-project-main\\vendor\\laravel\\framework\\src\\Illuminate\\Database\\Query\\Builder.php(3173): Illuminate\\Database\\Query\\Builder->runSelect()
#4 C:\\Users\\Doaa alsattari\\Downloads\\bank-graduation-project-main\\bank-graduation-project-main\\vendor\\laravel\\framework\\src\\Illuminate\\Database\\Query\\Builder.php(3763): Illuminate\\Database\\Query\\Builder->Illuminate\\Database\\Query\\{closure}()
#5 C:\\Users\\Doaa alsattari\\Downloads\\bank-graduation-project-main\\bank-graduation-project-main\\vendor\\laravel\\framework\\src\\Illuminate\\Database\\Query\\Builder.php(3172): Illuminate\\Database\\Query\\Builder->onceWithColumns(Array, Object(Closure))
#6 C:\\Users\\Doaa alsattari\\Downloads\\bank-graduation-project-main\\bank-graduation-project-main\\vendor\\laravel\\framework\\src\\Illuminate\\Database\\Concerns\\BuildsQueries.php(366): Illuminate\\Database\\Query\\Builder->get(Array)
#7 C:\\Users\\Doaa alsattari\\Downloads\\bank-graduation-project-main\\bank-graduation-project-main\\vendor\\laravel\\framework\\src\\Illuminate\\Database\\Query\\Builder.php(3095): Illuminate\\Database\\Query\\Builder->first(Array)
#8 C:\\Users\\Doaa alsattari\\Downloads\\bank-graduation-project-main\\bank-graduation-project-main\\vendor\\laravel\\framework\\src\\Illuminate\\Session\\DatabaseSessionHandler.php(96): Illuminate\\Database\\Query\\Builder->find('8Ea9jbwnXQVHeiA...')
#9 C:\\Users\\Doaa alsattari\\Downloads\\bank-graduation-project-main\\bank-graduation-project-main\\vendor\\laravel\\framework\\src\\Illuminate\\Session\\Store.php(117): Illuminate\\Session\\DatabaseSessionHandler->read('8Ea9jbwnXQVHeiA...')
#10 C:\\Users\\Doaa alsattari\\Downloads\\bank-graduation-project-main\\bank-graduation-project-main\\vendor\\laravel\\framework\\src\\Illuminate\\Session\\Store.php(105): Illuminate\\Session\\Store->readFromHandler()
#11 C:\\Users\\Doaa alsattari\\Downloads\\bank-graduation-project-main\\bank-graduation-project-main\\vendor\\laravel\\framework\\src\\Illuminate\\Session\\Store.php(89): Illuminate\\Session\\Store->loadSession()
#12 C:\\Users\\Doaa alsattari\\Downloads\\bank-graduation-project-main\\bank-graduation-project-main\\vendor\\laravel\\framework\\src\\Illuminate\\Session\\Middleware\\StartSession.php(146): Illuminate\\Session\\Store->start()
#13 C:\\Users\\Doaa alsattari\\Downloads\\bank-graduation-project-main\\bank-graduation-project-main\\vendor\\laravel\\framework\\src\\Illuminate\\Support\\helpers.php(390): Illuminate\\Session\\Middleware\\StartSession->Illuminate\\Session\\Middleware\\{closure}(Object(Illuminate\\Session\\Store))
#14 C:\\Users\\Doaa alsattari\\Downloads\\bank-graduation-project-main\\bank-graduation-project-main\\vendor\\laravel\\framework\\src\\Illuminate\\Session\\Middleware\\StartSession.php(143): tap(Object(Illuminate\\Session\\Store), Object(Closure))
#15 C:\\Users\\Doaa alsattari\\Downloads\\bank-graduation-project-main\\bank-graduation-project-main\\vendor\\laravel\\framework\\src\\Illuminate\\Session\\Middleware\\StartSession.php(115): Illuminate\\Session\\Middleware\\StartSession->startSession(Object(Illuminate\\Http\\Request), Object(Illuminate\\Session\\Store))
#16 C:\\Users\\Doaa alsattari\\Downloads\\bank-graduation-project-main\\bank-graduation-project-main\\vendor\\laravel\\framework\\src\\Illuminate\\Session\\Middleware\\StartSession.php(63): Illuminate\\Session\\Middleware\\StartSession->handleStatefulRequest(Object(Illuminate\\Http\\Request), Object(Illuminate\\Session\\Store), Object(Closure))
#17 C:\\Users\\Doaa alsattari\\Downloads\\bank-graduation-project-main\\bank-graduation-project-main\\vendor\\laravel\\framework\\src\\Illuminate\\Pipeline\\Pipeline.php(219): Illuminate\\Session\\Middleware\\StartSession->handle(Object(Illuminate\\Http\\Request), Object(Closure))
#18 C:\\Users\\Doaa alsattari\\Downloads\\bank-graduation-project-main\\bank-graduation-project-main\\vendor\\laravel\\framework\\src\\Illuminate\\Cookie\\Middleware\\AddQueuedCookiesToResponse.php(36): Illuminate\\Pipeline\\Pipeline->Illuminate\\Pipeline\\{closure}(Object(Illuminate\\Http\\Request))
#19 C:\\Users\\Doaa alsattari\\Downloads\\bank-graduation-project-main\\bank-graduation-project-main\\vendor\\laravel\\framework\\src\\Illuminate\\Pipeline\\Pipeline.php(219): Illuminate\\Cookie\\Middleware\\AddQueuedCookiesToResponse->handle(Object(Illuminate\\Http\\Request), Object(Closure))
#20 C:\\Users\\Doaa alsattari\\Downloads\\bank-graduation-project-main\\bank-graduation-project-main\\vendor\\laravel\\framework\\src\\Illuminate\\Cookie\\Middleware\\EncryptCookies.php(74): Illuminate\\Pipeline\\Pipeline->Illuminate\\Pipeline\\{closure}(Object(Illuminate\\Http\\Request))
#21 C:\\Users\\Doaa alsattari\\Downloads\\bank-graduation-project-main\\bank-graduation-project-main\\vendor\\laravel\\framework\\src\\Illuminate\\Pipeline\\Pipeline.php(219): Illuminate\\Cookie\\Middleware\\EncryptCookies->handle(Object(Illuminate\\Http\\Request), Object(Closure))
#22 C:\\Users\\Doaa alsattari\\Downloads\\bank-graduation-project-main\\bank-graduation-project-main\\vendor\\laravel\\framework\\src\\Illuminate\\Pipeline\\Pipeline.php(137): Illuminate\\Pipeline\\Pipeline->Illuminate\\Pipeline\\{closure}(Object(Illuminate\\Http\\Request))
#23 C:\\Users\\Doaa alsattari\\Downloads\\bank-graduation-project-main\\bank-graduation-project-main\\vendor\\laravel\\framework\\src\\Illuminate\\Routing\\Router.php(821): Illuminate\\Pipeline\\Pipeline->then(Object(Closure))
#24 C:\\Users\\Doaa alsattari\\Downloads\\bank-graduation-project-main\\bank-graduation-project-main\\vendor\\laravel\\framework\\src\\Illuminate\\Routing\\Router.php(800): Illuminate\\Routing\\Router->runRouteWithinStack(Object(Illuminate\\Routing\\Route), Object(Illuminate\\Http\\Request))
#25 C:\\Users\\Doaa alsattari\\Downloads\\bank-graduation-project-main\\bank-graduation-project-main\\vendor\\laravel\\framework\\src\\Illuminate\\Routing\\Router.php(764): Illuminate\\Routing\\Router->runRoute(Object(Illuminate\\Http\\Request), Object(Illuminate\\Routing\\Route))
#26 C:\\Users\\Doaa alsattari\\Downloads\\bank-graduation-project-main\\bank-graduation-project-main\\vendor\\laravel\\framework\\src\\Illuminate\\Routing\\Router.php(753): Illuminate\\Routing\\Router->dispatchToRoute(Object(Illuminate\\Http\\Request))
#27 C:\\Users\\Doaa alsattari\\Downloads\\bank-graduation-project-main\\bank-graduation-project-main\\vendor\\laravel\\framework\\src\\Illuminate\\Foundation\\Http\\Kernel.php(200): Illuminate\\Routing\\Router->dispatch(Object(Illuminate\\Http\\Request))
#28 C:\\Users\\Doaa alsattari\\Downloads\\bank-graduation-project-main\\bank-graduation-project-main\\vendor\\laravel\\framework\\src\\Illuminate\\Pipeline\\Pipeline.php(180): Illuminate\\Foundation\\Http\\Kernel->Illuminate\\Foundation\\Http\\{closure}(Object(Illuminate\\Http\\Request))
#29 C:\\Users\\Doaa alsattari\\Downloads\\bank-graduation-project-main\\bank-graduation-project-main\\vendor\\laravel\\framework\\src\\Illuminate\\Foundation\\Http\\Middleware\\TransformsRequest.php(21): Illuminate\\Pipeline\\Pipeline->Illuminate\\Pipeline\\{closure}(Object(Illuminate\\Http\\Request))
#30 C:\\Users\\Doaa alsattari\\Downloads\\bank-graduation-project-main\\bank-graduation-project-main\\vendor\\laravel\\framework\\src\\Illuminate\\Foundation\\Http\\Middleware\\ConvertEmptyStringsToNull.php(31): Illuminate\\Foundation\\Http\\Middleware\\TransformsRequest->handle(Object(Illuminate\\Http\\Request), Object(Closure))
#31 C:\\Users\\Doaa alsattari\\Downloads\\bank-graduation-project-main\\bank-graduation-project-main\\vendor\\laravel\\framework\\src\\Illuminate\\Pipeline\\Pipeline.php(219): Illuminate\\Foundation\\Http\\Middleware\\ConvertEmptyStringsToNull->handle(Object(Illuminate\\Http\\Request), Object(Closure))
#32 C:\\Users\\Doaa alsattari\\Downloads\\bank-graduation-project-main\\bank-graduation-project-main\\vendor\\laravel\\framework\\src\\Illuminate\\Foundation\\Http\\Middleware\\TransformsRequest.php(21): Illuminate\\Pipeline\\Pipeline->Illuminate\\Pipeline\\{closure}(Object(Illuminate\\Http\\Request))
#33 C:\\Users\\Doaa alsattari\\Downloads\\bank-graduation-project-main\\bank-graduation-project-main\\vendor\\laravel\\framework\\src\\Illuminate\\Foundation\\Http\\Middleware\\TrimStrings.php(51): Illuminate\\Foundation\\Http\\Middleware\\TransformsRequest->handle(Object(Illuminate\\Http\\Request), Object(Closure))
#34 C:\\Users\\Doaa alsattari\\Downloads\\bank-graduation-project-main\\bank-graduation-project-main\\vendor\\laravel\\framework\\src\\Illuminate\\Pipeline\\Pipeline.php(219): Illuminate\\Foundation\\Http\\Middleware\\TrimStrings->handle(Object(Illuminate\\Http\\Request), Object(Closure))
#35 C:\\Users\\Doaa alsattari\\Downloads\\bank-graduation-project-main\\bank-graduation-project-main\\vendor\\laravel\\framework\\src\\Illuminate\\Http\\Middleware\\ValidatePostSize.php(27): Illuminate\\Pipeline\\Pipeline->Illuminate\\Pipeline\\{closure}(Object(Illuminate\\Http\\Request))
#36 C:\\Users\\Doaa alsattari\\Downloads\\bank-graduation-project-main\\bank-graduation-project-main\\vendor\\laravel\\framework\\src\\Illuminate\\Pipeline\\Pipeline.php(219): Illuminate\\Http\\Middleware\\ValidatePostSize->handle(Object(Illuminate\\Http\\Request), Object(Closure))
#37 C:\\Users\\Doaa alsattari\\Downloads\\bank-graduation-project-main\\bank-graduation-project-main\\vendor\\laravel\\framework\\src\\Illuminate\\Foundation\\Http\\Middleware\\PreventRequestsDuringMaintenance.php(109): Illuminate\\Pipeline\\Pipeline->Illuminate\\Pipeline\\{closure}(Object(Illuminate\\Http\\Request))
#38 C:\\Users\\Doaa alsattari\\Downloads\\bank-graduation-project-main\\bank-graduation-project-main\\vendor\\laravel\\framework\\src\\Illuminate\\Pipeline\\Pipeline.php(219): Illuminate\\Foundation\\Http\\Middleware\\PreventRequestsDuringMaintenance->handle(Object(Illuminate\\Http\\Request), Object(Closure))
#39 C:\\Users\\Doaa alsattari\\Downloads\\bank-graduation-project-main\\bank-graduation-project-main\\vendor\\laravel\\framework\\src\\Illuminate\\Http\\Middleware\\HandleCors.php(48): Illuminate\\Pipeline\\Pipeline->Illuminate\\Pipeline\\{closure}(Object(Illuminate\\Http\\Request))
#40 C:\\Users\\Doaa alsattari\\Downloads\\bank-graduation-project-main\\bank-graduation-project-main\\vendor\\laravel\\framework\\src\\Illuminate\\Pipeline\\Pipeline.php(219): Illuminate\\Http\\Middleware\\HandleCors->handle(Object(Illuminate\\Http\\Request), Object(Closure))
#41 C:\\Users\\Doaa alsattari\\Downloads\\bank-graduation-project-main\\bank-graduation-project-main\\vendor\\laravel\\framework\\src\\Illuminate\\Http\\Middleware\\TrustProxies.php(58): Illuminate\\Pipeline\\Pipeline->Illuminate\\Pipeline\\{closure}(Object(Illuminate\\Http\\Request))
#42 C:\\Users\\Doaa alsattari\\Downloads\\bank-graduation-project-main\\bank-graduation-project-main\\vendor\\laravel\\framework\\src\\Illuminate\\Pipeline\\Pipeline.php(219): Illuminate\\Http\\Middleware\\TrustProxies->handle(Object(Illuminate\\Http\\Request), Object(Closure))
#43 C:\\Users\\Doaa alsattari\\Downloads\\bank-graduation-project-main\\bank-graduation-project-main\\vendor\\laravel\\framework\\src\\Illuminate\\Foundation\\Http\\Middleware\\InvokeDeferredCallbacks.php(22): Illuminate\\Pipeline\\Pipeline->Illuminate\\Pipeline\\{closure}(Object(Illuminate\\Http\\Request))
#44 C:\\Users\\Doaa alsattari\\Downloads\\bank-graduation-project-main\\bank-graduation-project-main\\vendor\\laravel\\framework\\src\\Illuminate\\Pipeline\\Pipeline.php(219): Illuminate\\Foundation\\Http\\Middleware\\InvokeDeferredCallbacks->handle(Object(Illuminate\\Http\\Request), Object(Closure))
#45 C:\\Users\\Doaa alsattari\\Downloads\\bank-graduation-project-main\\bank-graduation-project-main\\vendor\\laravel\\framework\\src\\Illuminate\\Http\\Middleware\\ValidatePathEncoding.php(26): Illuminate\\Pipeline\\Pipeline->Illuminate\\Pipeline\\{closure}(Object(Illuminate\\Http\\Request))
#46 C:\\Users\\Doaa alsattari\\Downloads\\bank-graduation-project-main\\bank-graduation-project-main\\vendor\\laravel\\framework\\src\\Illuminate\\Pipeline\\Pipeline.php(219): Illuminate\\Http\\Middleware\\ValidatePathEncoding->handle(Object(Illuminate\\Http\\Request), Object(Closure))
#47 C:\\Users\\Doaa alsattari\\Downloads\\bank-graduation-project-main\\bank-graduation-project-main\\vendor\\laravel\\framework\\src\\Illuminate\\Pipeline\\Pipeline.php(137): Illuminate\\Pipeline\\Pipeline->Illuminate\\Pipeline\\{closure}(Object(Illuminate\\Http\\Request))
#48 C:\\Users\\Doaa alsattari\\Downloads\\bank-graduation-project-main\\bank-graduation-project-main\\vendor\\laravel\\framework\\src\\Illuminate\\Foundation\\Http\\Kernel.php(175): Illuminate\\Pipeline\\Pipeline->then(Object(Closure))
#49 C:\\Users\\Doaa alsattari\\Downloads\\bank-graduation-project-main\\bank-graduation-project-main\\vendor\\laravel\\framework\\src\\Illuminate\\Foundation\\Http\\Kernel.php(144): Illuminate\\Foundation\\Http\\Kernel->sendRequestThroughRouter(Object(Illuminate\\Http\\Request))
#50 C:\\Users\\Doaa alsattari\\Downloads\\bank-graduation-project-main\\bank-graduation-project-main\\vendor\\laravel\\framework\\src\\Illuminate\\Foundation\\Application.php(1220): Illuminate\\Foundation\\Http\\Kernel->handle(Object(Illuminate\\Http\\Request))
#51 C:\\Users\\Doaa alsattari\\Downloads\\bank-graduation-project-main\\bank-graduation-project-main\\public\\index.php(20): Illuminate\\Foundation\\Application->handleRequest(Object(Illuminate\\Http\\Request))
#52 C:\\Users\\Doaa alsattari\\Downloads\\bank-graduation-project-main\\bank-graduation-project-main\\vendor\\laravel\\framework\\src\\Illuminate\\Foundation\\resources\\server.php(23): require_once('C:\\\\Users\\\\Doaa a...')
#53 {main}

[previous exception] [object] (PDOException(code: 1049): SQLSTATE[HY000] [1049] Unknown database 'laravel' at C:\\Users\\Doaa alsattari\\Downloads\\bank-graduation-project-main\\bank-graduation-project-main\\vendor\\laravel\\framework\\src\\Illuminate\\Database\\Connectors\\Connector.php:66)
[stacktrace]
#0 C:\\Users\\Doaa alsattari\\Downloads\\bank-graduation-project-main\\bank-graduation-project-main\\vendor\\laravel\\framework\\src\\Illuminate\\Database\\Connectors\\Connector.php(66): PDO->__construct('mysql:host=127....', 'root', Object(SensitiveParameterValue), Array)
#1 C:\\Users\\Doaa alsattari\\Downloads\\bank-graduation-project-main\\bank-graduation-project-main\\vendor\\laravel\\framework\\src\\Illuminate\\Database\\Connectors\\Connector.php(44): Illuminate\\Database\\Connectors\\Connector->createPdoConnection('mysql:host=127....', 'root', Object(SensitiveParameterValue), Array)
#2 C:\\Users\\Doaa alsattari\\Downloads\\bank-graduation-project-main\\bank-graduation-project-main\\vendor\\laravel\\framework\\src\\Illuminate\\Database\\Connectors\\MySqlConnector.php(24): Illuminate\\Database\\Connectors\\Connector->createConnection('mysql:host=127....', Array, Array)
#3 C:\\Users\\Doaa alsattari\\Downloads\\bank-graduation-project-main\\bank-graduation-project-main\\vendor\\laravel\\framework\\src\\Illuminate\\Database\\Connectors\\ConnectionFactory.php(184): Illuminate\\Database\\Connectors\\MySqlConnector->connect(Array)
#4 [internal function]: Illuminate\\Database\\Connectors\\ConnectionFactory->Illuminate\\Database\\Connectors\\{closure}()
#5 C:\\Users\\Doaa alsattari\\Downloads\\bank-graduation-project-main\\bank-graduation-project-main\\vendor\\laravel\\framework\\src\\Illuminate\\Database\\Connection.php(1230): call_user_func(Object(Closure))
#6 C:\\Users\\Doaa alsattari\\Downloads\\bank-graduation-project-main\\bank-graduation-project-main\\vendor\\laravel\\framework\\src\\Illuminate\\Database\\Connection.php(511): Illuminate\\Database\\Connection->getPdo()
#7 C:\\Users\\Doaa alsattari\\Downloads\\bank-graduation-project-main\\bank-graduation-project-main\\vendor\\laravel\\framework\\src\\Illuminate\\Database\\Connection.php(406): Illuminate\\Database\\Connection->getPdoForSelect(false)
#8 C:\\Users\\Doaa alsattari\\Downloads\\bank-graduation-project-main\\bank-graduation-project-main\\vendor\\laravel\\framework\\src\\Illuminate\\Database\\Connection.php(811): Illuminate\\Database\\Connection->Illuminate\\Database\\{closure}('select * from `...', Array)
#9 C:\\Users\\Doaa alsattari\\Downloads\\bank-graduation-project-main\\bank-graduation-project-main\\vendor\\laravel\\framework\\src\\Illuminate\\Database\\Connection.php(778): Illuminate\\Database\\Connection->runQueryCallback('select * from `...', Array, Object(Closure))
#10 C:\\Users\\Doaa alsattari\\Downloads\\bank-graduation-project-main\\bank-graduation-project-main\\vendor\\laravel\\framework\\src\\Illuminate\\Database\\Connection.php(397): Illuminate\\Database\\Connection->run('select * from `...', Array, Object(Closure))
#11 C:\\Users\\Doaa alsattari\\Downloads\\bank-graduation-project-main\\bank-graduation-project-main\\vendor\\laravel\\framework\\src\\Illuminate\\Database\\Query\\Builder.php(3188): Illuminate\\Database\\Connection->select('select * from `...', Array, false)
#12 C:\\Users\\Doaa alsattari\\Downloads\\bank-graduation-project-main\\bank-graduation-project-main\\vendor\\laravel\\framework\\src\\Illuminate\\Database\\Query\\Builder.php(3173): Illuminate\\Database\\Query\\Builder->runSelect()
#13 C:\\Users\\Doaa alsattari\\Downloads\\bank-graduation-project-main\\bank-graduation-project-main\\vendor\\laravel\\framework\\src\\Illuminate\\Database\\Query\\Builder.php(3763): Illuminate\\Database\\Query\\Builder->Illuminate\\Database\\Query\\{closure}()
#14 C:\\Users\\Doaa alsattari\\Downloads\\bank-graduation-project-main\\bank-graduation-project-main\\vendor\\laravel\\framework\\src\\Illuminate\\Database\\Query\\Builder.php(3172): Illuminate\\Database\\Query\\Builder->onceWithColumns(Array, Object(Closure))
#15 C:\\Users\\Doaa alsattari\\Downloads\\bank-graduation-project-main\\bank-graduation-project-main\\vendor\\laravel\\framework\\src\\Illuminate\\Database\\Concerns\\BuildsQueries.php(366): Illuminate\\Database\\Query\\Builder->get(Array)
#16 C:\\Users\\Doaa alsattari\\Downloads\\bank-graduation-project-main\\bank-graduation-project-main\\vendor\\laravel\\framework\\src\\Illuminate\\Database\\Query\\Builder.php(3095): Illuminate\\Database\\Query\\Builder->first(Array)
#17 C:\\Users\\Doaa alsattari\\Downloads\\bank-graduation-project-main\\bank-graduation-project-main\\vendor\\laravel\\framework\\src\\Illuminate\\Session\\DatabaseSessionHandler.php(96): Illuminate\\Database\\Query\\Builder->find('8Ea9jbwnXQVHeiA...')
#18 C:\\Users\\Doaa alsattari\\Downloads\\bank-graduation-project-main\\bank-graduation-project-main\\vendor\\laravel\\framework\\src\\Illuminate\\Session\\Store.php(117): Illuminate\\Session\\DatabaseSessionHandler->read('8Ea9jbwnXQVHeiA...')
#19 C:\\Users\\Doaa alsattari\\Downloads\\bank-graduation-project-main\\bank-graduation-project-main\\vendor\\laravel\\framework\\src\\Illuminate\\Session\\Store.php(105): Illuminate\\Session\\Store->readFromHandler()
#20 C:\\Users\\Doaa alsattari\\Downloads\\bank-graduation-project-main\\bank-graduation-project-main\\vendor\\laravel\\framework\\src\\Illuminate\\Session\\Store.php(89): Illuminate\\Session\\Store->loadSession()
#21 C:\\Users\\Doaa alsattari\\Downloads\\bank-graduation-project-main\\bank-graduation-project-main\\vendor\\laravel\\framework\\src\\Illuminate\\Session\\Middleware\\StartSession.php(146): Illuminate\\Session\\Store->start()
#22 C:\\Users\\Doaa alsattari\\Downloads\\bank-graduation-project-main\\bank-graduation-project-main\\vendor\\laravel\\framework\\src\\Illuminate\\Support\\helpers.php(390): Illuminate\\Session\\Middleware\\StartSession->Illuminate\\Session\\Middleware\\{closure}(Object(Illuminate\\Session\\Store))
#23 C:\\Users\\Doaa alsattari\\Downloads\\bank-graduation-project-main\\bank-graduation-project-main\\vendor\\laravel\\framework\\src\\Illuminate\\Session\\Middleware\\StartSession.php(143): tap(Object(Illuminate\\Session\\Store), Object(Closure))
#24 C:\\Users\\Doaa alsattari\\Downloads\\bank-graduation-project-main\\bank-graduation-project-main\\vendor\\laravel\\framework\\src\\Illuminate\\Session\\Middleware\\StartSession.php(115): Illuminate\\Session\\Middleware\\StartSession->startSession(Object(Illuminate\\Http\\Request), Object(Illuminate\\Session\\Store))
#25 C:\\Users\\Doaa alsattari\\Downloads\\bank-graduation-project-main\\bank-graduation-project-main\\vendor\\laravel\\framework\\src\\Illuminate\\Session\\Middleware\\StartSession.php(63): Illuminate\\Session\\Middleware\\StartSession->handleStatefulRequest(Object(Illuminate\\Http\\Request), Object(Illuminate\\Session\\Store), Object(Closure))
#26 C:\\Users\\Doaa alsattari\\Downloads\\bank-graduation-project-main\\bank-graduation-project-main\\vendor\\laravel\\framework\\src\\Illuminate\\Pipeline\\Pipeline.php(219): Illuminate\\Session\\Middleware\\StartSession->handle(Object(Illuminate\\Http\\Request), Object(Closure))
#27 C:\\Users\\Doaa alsattari\\Downloads\\bank-graduation-project-main\\bank-graduation-project-main\\vendor\\laravel\\framework\\src\\Illuminate\\Cookie\\Middleware\\AddQueuedCookiesToResponse.php(36): Illuminate\\Pipeline\\Pipeline->Illuminate\\Pipeline\\{closure}(Object(Illuminate\\Http\\Request))
#28 C:\\Users\\Doaa alsattari\\Downloads\\bank-graduation-project-main\\bank-graduation-project-main\\vendor\\laravel\\framework\\src\\Illuminate\\Pipeline\\Pipeline.php(219): Illuminate\\Cookie\\Middleware\\AddQueuedCookiesToResponse->handle(Object(Illuminate\\Http\\Request), Object(Closure))
#29 C:\\Users\\Doaa alsattari\\Downloads\\bank-graduation-project-main\\bank-graduation-project-main\\vendor\\laravel\\framework\\src\\Illuminate\\Cookie\\Middleware\\EncryptCookies.php(74): Illuminate\\Pipeline\\Pipeline->Illuminate\\Pipeline\\{closure}(Object(Illuminate\\Http\\Request))
#30 C:\\Users\\Doaa alsattari\\Downloads\\bank-graduation-project-main\\bank-graduation-project-main\\vendor\\laravel\\framework\\src\\Illuminate\\Pipeline\\Pipeline.php(219): Illuminate\\Cookie\\Middleware\\EncryptCookies->handle(Object(Illuminate\\Http\\Request), Object(Closure))
#31 C:\\Users\\Doaa alsattari\\Downloads\\bank-graduation-project-main\\bank-graduation-project-main\\vendor\\laravel\\framework\\src\\Illuminate\\Pipeline\\Pipeline.php(137): Illuminate\\Pipeline\\Pipeline->Illuminate\\Pipeline\\{closure}(Object(Illuminate\\Http\\Request))
#32 C:\\Users\\Doaa alsattari\\Downloads\\bank-graduation-project-main\\bank-graduation-project-main\\vendor\\laravel\\framework\\src\\Illuminate\\Routing\\Router.php(821): Illuminate\\Pipeline\\Pipeline->then(Object(Closure))
#33 C:\\Users\\Doaa alsattari\\Downloads\\bank-graduation-project-main\\bank-graduation-project-main\\vendor\\laravel\\framework\\src\\Illuminate\\Routing\\Router.php(800): Illuminate\\Routing\\Router->runRouteWithinStack(Object(Illuminate\\Routing\\Route), Object(Illuminate\\Http\\Request))
#34 C:\\Users\\Doaa alsattari\\Downloads\\bank-graduation-project-main\\bank-graduation-project-main\\vendor\\laravel\\framework\\src\\Illuminate\\Routing\\Router.php(764): Illuminate\\Routing\\Router->runRoute(Object(Illuminate\\Http\\Request), Object(Illuminate\\Routing\\Route))
#35 C:\\Users\\Doaa alsattari\\Downloads\\bank-graduation-project-main\\bank-graduation-project-main\\vendor\\laravel\\framework\\src\\Illuminate\\Routing\\Router.php(753): Illuminate\\Routing\\Router->dispatchToRoute(Object(Illuminate\\Http\\Request))
#36 C:\\Users\\Doaa alsattari\\Downloads\\bank-graduation-project-main\\bank-graduation-project-main\\vendor\\laravel\\framework\\src\\Illuminate\\Foundation\\Http\\Kernel.php(200): Illuminate\\Routing\\Router->dispatch(Object(Illuminate\\Http\\Request))
#37 C:\\Users\\Doaa alsattari\\Downloads\\bank-graduation-project-main\\bank-graduation-project-main\\vendor\\laravel\\framework\\src\\Illuminate\\Pipeline\\Pipeline.php(180): Illuminate\\Foundation\\Http\\Kernel->Illuminate\\Foundation\\Http\\{closure}(Object(Illuminate\\Http\\Request))
#38 C:\\Users\\Doaa alsattari\\Downloads\\bank-graduation-project-main\\bank-graduation-project-main\\vendor\\laravel\\framework\\src\\Illuminate\\Foundation\\Http\\Middleware\\TransformsRequest.php(21): Illuminate\\Pipeline\\Pipeline->Illuminate\\Pipeline\\{closure}(Object(Illuminate\\Http\\Request))
#39 C:\\Users\\Doaa alsattari\\Downloads\\bank-graduation-project-main\\bank-graduation-project-main\\vendor\\laravel\\framework\\src\\Illuminate\\Foundation\\Http\\Middleware\\ConvertEmptyStringsToNull.php(31): Illuminate\\Foundation\\Http\\Middleware\\TransformsRequest->handle(Object(Illuminate\\Http\\Request), Object(Closure))
#40 C:\\Users\\Doaa alsattari\\Downloads\\bank-graduation-project-main\\bank-graduation-project-main\\vendor\\laravel\\framework\\src\\Illuminate\\Pipeline\\Pipeline.php(219): Illuminate\\Foundation\\Http\\Middleware\\ConvertEmptyStringsToNull->handle(Object(Illuminate\\Http\\Request), Object(Closure))
#41 C:\\Users\\Doaa alsattari\\Downloads\\bank-graduation-project-main\\bank-graduation-project-main\\vendor\\laravel\\framework\\src\\Illuminate\\Foundation\\Http\\Middleware\\TransformsRequest.php(21): Illuminate\\Pipeline\\Pipeline->Illuminate\\Pipeline\\{closure}(Object(Illuminate\\Http\\Request))
#42 C:\\Users\\Doaa alsattari\\Downloads\\bank-graduation-project-main\\bank-graduation-project-main\\vendor\\laravel\\framework\\src\\Illuminate\\Foundation\\Http\\Middleware\\TrimStrings.php(51): Illuminate\\Foundation\\Http\\Middleware\\TransformsRequest->handle(Object(Illuminate\\Http\\Request), Object(Closure))
#43 C:\\Users\\Doaa alsattari\\Downloads\\bank-graduation-project-main\\bank-graduation-project-main\\vendor\\laravel\\framework\\src\\Illuminate\\Pipeline\\Pipeline.php(219): Illuminate\\Foundation\\Http\\Middleware\\TrimStrings->handle(Object(Illuminate\\Http\\Request), Object(Closure))
#44 C:\\Users\\Doaa alsattari\\Downloads\\bank-graduation-project-main\\bank-graduation-project-main\\vendor\\laravel\\framework\\src\\Illuminate\\Http\\Middleware\\ValidatePostSize.php(27): Illuminate\\Pipeline\\Pipeline->Illuminate\\Pipeline\\{closure}(Object(Illuminate\\Http\\Request))
#45 C:\\Users\\Doaa alsattari\\Downloads\\bank-graduation-project-main\\bank-graduation-project-main\\vendor\\laravel\\framework\\src\\Illuminate\\Pipeline\\Pipeline.php(219): Illuminate\\Http\\Middleware\\ValidatePostSize->handle(Object(Illuminate\\Http\\Request), Object(Closure))
#46 C:\\Users\\Doaa alsattari\\Downloads\\bank-graduation-project-main\\bank-graduation-project-main\\vendor\\laravel\\framework\\src\\Illuminate\\Foundation\\Http\\Middleware\\PreventRequestsDuringMaintenance.php(109): Illuminate\\Pipeline\\Pipeline->Illuminate\\Pipeline\\{closure}(Object(Illuminate\\Http\\Request))
#47 C:\\Users\\Doaa alsattari\\Downloads\\bank-graduation-project-main\\bank-graduation-project-main\\vendor\\laravel\\framework\\src\\Illuminate\\Pipeline\\Pipeline.php(219): Illuminate\\Foundation\\Http\\Middleware\\PreventRequestsDuringMaintenance->handle(Object(Illuminate\\Http\\Request), Object(Closure))
#48 C:\\Users\\Doaa alsattari\\Downloads\\bank-graduation-project-main\\bank-graduation-project-main\\vendor\\laravel\\framework\\src\\Illuminate\\Http\\Middleware\\HandleCors.php(48): Illuminate\\Pipeline\\Pipeline->Illuminate\\Pipeline\\{closure}(Object(Illuminate\\Http\\Request))
#49 C:\\Users\\Doaa alsattari\\Downloads\\bank-graduation-project-main\\bank-graduation-project-main\\vendor\\laravel\\framework\\src\\Illuminate\\Pipeline\\Pipeline.php(219): Illuminate\\Http\\Middleware\\HandleCors->handle(Object(Illuminate\\Http\\Request), Object(Closure))
#50 C:\\Users\\Doaa alsattari\\Downloads\\bank-graduation-project-main\\bank-graduation-project-main\\vendor\\laravel\\framework\\src\\Illuminate\\Http\\Middleware\\TrustProxies.php(58): Illuminate\\Pipeline\\Pipeline->Illuminate\\Pipeline\\{closure}(Object(Illuminate\\Http\\Request))
#51 C:\\Users\\Doaa alsattari\\Downloads\\bank-graduation-project-main\\bank-graduation-project-main\\vendor\\laravel\\framework\\src\\Illuminate\\Pipeline\\Pipeline.php(219): Illuminate\\Http\\Middleware\\TrustProxies->handle(Object(Illuminate\\Http\\Request), Object(Closure))
#52 C:\\Users\\Doaa alsattari\\Downloads\\bank-graduation-project-main\\bank-graduation-project-main\\vendor\\laravel\\framework\\src\\Illuminate\\Foundation\\Http\\Middleware\\InvokeDeferredCallbacks.php(22): Illuminate\\Pipeline\\Pipeline->Illuminate\\Pipeline\\{closure}(Object(Illuminate\\Http\\Request))
#53 C:\\Users\\Doaa alsattari\\Downloads\\bank-graduation-project-main\\bank-graduation-project-main\\vendor\\laravel\\framework\\src\\Illuminate\\Pipeline\\Pipeline.php(219): Illuminate\\Foundation\\Http\\Middleware\\InvokeDeferredCallbacks->handle(Object(Illuminate\\Http\\Request), Object(Closure))
#54 C:\\Users\\Doaa alsattari\\Downloads\\bank-graduation-project-main\\bank-graduation-project-main\\vendor\\laravel\\framework\\src\\Illuminate\\Http\\Middleware\\ValidatePathEncoding.php(26): Illuminate\\Pipeline\\Pipeline->Illuminate\\Pipeline\\{closure}(Object(Illuminate\\Http\\Request))
#55 C:\\Users\\Doaa alsattari\\Downloads\\bank-graduation-project-main\\bank-graduation-project-main\\vendor\\laravel\\framework\\src\\Illuminate\\Pipeline\\Pipeline.php(219): Illuminate\\Http\\Middleware\\ValidatePathEncoding->handle(Object(Illuminate\\Http\\Request), Object(Closure))
#56 C:\\Users\\Doaa alsattari\\Downloads\\bank-graduation-project-main\\bank-graduation-project-main\\vendor\\laravel\\framework\\src\\Illuminate\\Pipeline\\Pipeline.php(137): Illuminate\\Pipeline\\Pipeline->Illuminate\\Pipeline\\{closure}(Object(Illuminate\\Http\\Request))
#57 C:\\Users\\Doaa alsattari\\Downloads\\bank-graduation-project-main\\bank-graduation-project-main\\vendor\\laravel\\framework\\src\\Illuminate\\Foundation\\Http\\Kernel.php(175): Illuminate\\Pipeline\\Pipeline->then(Object(Closure))
#58 C:\\Users\\Doaa alsattari\\Downloads\\bank-graduation-project-main\\bank-graduation-project-main\\vendor\\laravel\\framework\\src\\Illuminate\\Foundation\\Http\\Kernel.php(144): Illuminate\\Foundation\\Http\\Kernel->sendRequestThroughRouter(Object(Illuminate\\Http\\Request))
#59 C:\\Users\\Doaa alsattari\\Downloads\\bank-graduation-project-main\\bank-graduation-project-main\\vendor\\laravel\\framework\\src\\Illuminate\\Foundation\\Application.php(1220): Illuminate\\Foundation\\Http\\Kernel->handle(Object(Illuminate\\Http\\Request))
#60 C:\\Users\\Doaa alsattari\\Downloads\\bank-graduation-project-main\\bank-graduation-project-main\\public\\index.php(20): Illuminate\\Foundation\\Application->handleRequest(Object(Illuminate\\Http\\Request))
#61 C:\\Users\\Doaa alsattari\\Downloads\\bank-graduation-project-main\\bank-graduation-project-main\\vendor\\laravel\\framework\\src\\Illuminate\\Foundation\\resources\\server.php(23): require_once('C:\\\\Users\\\\Doaa a...')
#62 {main}
"} 
[2025-10-17 14:52:55] local.ERROR: SQLSTATE[42S02]: Base table or view not found: 1146 Table 'laravell.permission_user' doesn't exist (Connection: mysql, SQL: select exists(select * from `permissions` inner join `permission_user` on `permissions`.`id` = `permission_user`.`permission_id` where `permission_user`.`user_id` = 12 and `name` = view_admin_dashboard) as `exists`) (View: C:\Users\Doaa alsattari\Downloads\bank-graduation-project-main\bank-graduation-project-main\resources\views\Layouts\app.blade.php) (View: C:\Users\Doaa alsattari\Downloads\bank-graduation-project-main\bank-graduation-project-main\resources\views\Layouts\app.blade.php) {"userId":12,"exception":"[object] (Illuminate\\View\\ViewException(code: 0): SQLSTATE[42S02]: Base table or view not found: 1146 Table 'laravell.permission_user' doesn't exist (Connection: mysql, SQL: select exists(select * from `permissions` inner join `permission_user` on `permissions`.`id` = `permission_user`.`permission_id` where `permission_user`.`user_id` = 12 and `name` = view_admin_dashboard) as `exists`) (View: C:\\Users\\Doaa alsattari\\Downloads\\bank-graduation-project-main\\bank-graduation-project-main\\resources\\views\\Layouts\\app.blade.php) (View: C:\\Users\\Doaa alsattari\\Downloads\\bank-graduation-project-main\\bank-graduation-project-main\\resources\\views\\Layouts\\app.blade.php) at C:\\Users\\Doaa alsattari\\Downloads\\bank-graduation-project-main\\bank-graduation-project-main\\vendor\\laravel\\framework\\src\\Illuminate\\Database\\Connection.php:824)
[stacktrace]
#0 C:\\Users\\Doaa alsattari\\Downloads\\bank-graduation-project-main\\bank-graduation-project-main\\vendor\\laravel\\framework\\src\\Illuminate\\View\\Engines\\PhpEngine.php(59): Illuminate\\View\\Engines\\CompilerEngine->handleViewException(Object(Illuminate\\View\\ViewException), 1)
#1 C:\\Users\\Doaa alsattari\\Downloads\\bank-graduation-project-main\\bank-graduation-project-main\\vendor\\laravel\\framework\\src\\Illuminate\\View\\Engines\\CompilerEngine.php(76): Illuminate\\View\\Engines\\PhpEngine->evaluatePath('C:\\\\Users\\\\Doaa a...', Array)
#2 C:\\Users\\Doaa alsattari\\Downloads\\bank-graduation-project-main\\bank-graduation-project-main\\vendor\\laravel\\framework\\src\\Illuminate\\View\\View.php(208): Illuminate\\View\\Engines\\CompilerEngine->get('C:\\\\Users\\\\Doaa a...', Array)
#3 C:\\Users\\Doaa alsattari\\Downloads\\bank-graduation-project-main\\bank-graduation-project-main\\vendor\\laravel\\framework\\src\\Illuminate\\View\\View.php(191): Illuminate\\View\\View->getContents()
#4 C:\\Users\\Doaa alsattari\\Downloads\\bank-graduation-project-main\\bank-graduation-project-main\\vendor\\laravel\\framework\\src\\Illuminate\\View\\View.php(160): Illuminate\\View\\View->renderContents()
#5 C:\\Users\\Doaa alsattari\\Downloads\\bank-graduation-project-main\\bank-graduation-project-main\\vendor\\laravel\\framework\\src\\Illuminate\\Http\\Response.php(78): Illuminate\\View\\View->render()
#6 C:\\Users\\Doaa alsattari\\Downloads\\bank-graduation-project-main\\bank-graduation-project-main\\vendor\\laravel\\framework\\src\\Illuminate\\Http\\Response.php(34): Illuminate\\Http\\Response->setContent(Object(Illuminate\\View\\View))
#7 C:\\Users\\Doaa alsattari\\Downloads\\bank-graduation-project-main\\bank-graduation-project-main\\vendor\\laravel\\framework\\src\\Illuminate\\Routing\\Router.php(939): Illuminate\\Http\\Response->__construct(Object(Illuminate\\View\\View), 200, Array)
#8 C:\\Users\\Doaa alsattari\\Downloads\\bank-graduation-project-main\\bank-graduation-project-main\\vendor\\laravel\\framework\\src\\Illuminate\\Routing\\Router.php(906): Illuminate\\Routing\\Router::toResponse(Object(Illuminate\\Http\\Request), Object(Illuminate\\View\\View))
#9 C:\\Users\\Doaa alsattari\\Downloads\\bank-graduation-project-main\\bank-graduation-project-main\\vendor\\laravel\\framework\\src\\Illuminate\\Routing\\Router.php(821): Illuminate\\Routing\\Router->prepareResponse(Object(Illuminate\\Http\\Request), Object(Illuminate\\View\\View))
#10 C:\\Users\\Doaa alsattari\\Downloads\\bank-graduation-project-main\\bank-graduation-project-main\\vendor\\laravel\\framework\\src\\Illuminate\\Pipeline\\Pipeline.php(180): Illuminate\\Routing\\Router->Illuminate\\Routing\\{closure}(Object(Illuminate\\Http\\Request))
#11 C:\\Users\\Doaa alsattari\\Downloads\\bank-graduation-project-main\\bank-graduation-project-main\\app\\Http\\Middleware\\SetLocale.php(28): Illuminate\\Pipeline\\Pipeline->Illuminate\\Pipeline\\{closure}(Object(Illuminate\\Http\\Request))
#12 C:\\Users\\Doaa alsattari\\Downloads\\bank-graduation-project-main\\bank-graduation-project-main\\vendor\\laravel\\framework\\src\\Illuminate\\Pipeline\\Pipeline.php(219): App\\Http\\Middleware\\SetLocale->handle(Object(Illuminate\\Http\\Request), Object(Closure))
#13 C:\\Users\\Doaa alsattari\\Downloads\\bank-graduation-project-main\\bank-graduation-project-main\\vendor\\laravel\\framework\\src\\Illuminate\\Routing\\Middleware\\SubstituteBindings.php(50): Illuminate\\Pipeline\\Pipeline->Illuminate\\Pipeline\\{closure}(Object(Illuminate\\Http\\Request))
#14 C:\\Users\\Doaa alsattari\\Downloads\\bank-graduation-project-main\\bank-graduation-project-main\\vendor\\laravel\\framework\\src\\Illuminate\\Pipeline\\Pipeline.php(219): Illuminate\\Routing\\Middleware\\SubstituteBindings->handle(Object(Illuminate\\Http\\Request), Object(Closure))
#15 C:\\Users\\Doaa alsattari\\Downloads\\bank-graduation-project-main\\bank-graduation-project-main\\vendor\\laravel\\framework\\src\\Illuminate\\Auth\\Middleware\\Authenticate.php(63): Illuminate\\Pipeline\\Pipeline->Illuminate\\Pipeline\\{closure}(Object(Illuminate\\Http\\Request))
#16 C:\\Users\\Doaa alsattari\\Downloads\\bank-graduation-project-main\\bank-graduation-project-main\\vendor\\laravel\\framework\\src\\Illuminate\\Pipeline\\Pipeline.php(219): Illuminate\\Auth\\Middleware\\Authenticate->handle(Object(Illuminate\\Http\\Request), Object(Closure))
#17 C:\\Users\\Doaa alsattari\\Downloads\\bank-graduation-project-main\\bank-graduation-project-main\\vendor\\laravel\\framework\\src\\Illuminate\\Foundation\\Http\\Middleware\\VerifyCsrfToken.php(87): Illuminate\\Pipeline\\Pipeline->Illuminate\\Pipeline\\{closure}(Object(Illuminate\\Http\\Request))
#18 C:\\Users\\Doaa alsattari\\Downloads\\bank-graduation-project-main\\bank-graduation-project-main\\vendor\\laravel\\framework\\src\\Illuminate\\Pipeline\\Pipeline.php(219): Illuminate\\Foundation\\Http\\Middleware\\VerifyCsrfToken->handle(Object(Illuminate\\Http\\Request), Object(Closure))
#19 C:\\Users\\Doaa alsattari\\Downloads\\bank-graduation-project-main\\bank-graduation-project-main\\vendor\\laravel\\framework\\src\\Illuminate\\View\\Middleware\\ShareErrorsFromSession.php(48): Illuminate\\Pipeline\\Pipeline->Illuminate\\Pipeline\\{closure}(Object(Illuminate\\Http\\Request))
#20 C:\\Users\\Doaa alsattari\\Downloads\\bank-graduation-project-main\\bank-graduation-project-main\\vendor\\laravel\\framework\\src\\Illuminate\\Pipeline\\Pipeline.php(219): Illuminate\\View\\Middleware\\ShareErrorsFromSession->handle(Object(Illuminate\\Http\\Request), Object(Closure))
#21 C:\\Users\\Doaa alsattari\\Downloads\\bank-graduation-project-main\\bank-graduation-project-main\\vendor\\laravel\\framework\\src\\Illuminate\\Session\\Middleware\\StartSession.php(120): Illuminate\\Pipeline\\Pipeline->Illuminate\\Pipeline\\{closure}(Object(Illuminate\\Http\\Request))
#22 C:\\Users\\Doaa alsattari\\Downloads\\bank-graduation-project-main\\bank-graduation-project-main\\vendor\\laravel\\framework\\src\\Illuminate\\Session\\Middleware\\StartSession.php(63): Illuminate\\Session\\Middleware\\StartSession->handleStatefulRequest(Object(Illuminate\\Http\\Request), Object(Illuminate\\Session\\Store), Object(Closure))
#23 C:\\Users\\Doaa alsattari\\Downloads\\bank-graduation-project-main\\bank-graduation-project-main\\vendor\\laravel\\framework\\src\\Illuminate\\Pipeline\\Pipeline.php(219): Illuminate\\Session\\Middleware\\StartSession->handle(Object(Illuminate\\Http\\Request), Object(Closure))
#24 C:\\Users\\Doaa alsattari\\Downloads\\bank-graduation-project-main\\bank-graduation-project-main\\vendor\\laravel\\framework\\src\\Illuminate\\Cookie\\Middleware\\AddQueuedCookiesToResponse.php(36): Illuminate\\Pipeline\\Pipeline->Illuminate\\Pipeline\\{closure}(Object(Illuminate\\Http\\Request))
#25 C:\\Users\\Doaa alsattari\\Downloads\\bank-graduation-project-main\\bank-graduation-project-main\\vendor\\laravel\\framework\\src\\Illuminate\\Pipeline\\Pipeline.php(219): Illuminate\\Cookie\\Middleware\\AddQueuedCookiesToResponse->handle(Object(Illuminate\\Http\\Request), Object(Closure))
#26 C:\\Users\\Doaa alsattari\\Downloads\\bank-graduation-project-main\\bank-graduation-project-main\\vendor\\laravel\\framework\\src\\Illuminate\\Cookie\\Middleware\\EncryptCookies.php(74): Illuminate\\Pipeline\\Pipeline->Illuminate\\Pipeline\\{closure}(Object(Illuminate\\Http\\Request))
#27 C:\\Users\\Doaa alsattari\\Downloads\\bank-graduation-project-main\\bank-graduation-project-main\\vendor\\laravel\\framework\\src\\Illuminate\\Pipeline\\Pipeline.php(219): Illuminate\\Cookie\\Middleware\\EncryptCookies->handle(Object(Illuminate\\Http\\Request), Object(Closure))
#28 C:\\Users\\Doaa alsattari\\Downloads\\bank-graduation-project-main\\bank-graduation-project-main\\vendor\\laravel\\framework\\src\\Illuminate\\Pipeline\\Pipeline.php(137): Illuminate\\Pipeline\\Pipeline->Illuminate\\Pipeline\\{closure}(Object(Illuminate\\Http\\Request))
#29 C:\\Users\\Doaa alsattari\\Downloads\\bank-graduation-project-main\\bank-graduation-project-main\\vendor\\laravel\\framework\\src\\Illuminate\\Routing\\Router.php(821): Illuminate\\Pipeline\\Pipeline->then(Object(Closure))
#30 C:\\Users\\Doaa alsattari\\Downloads\\bank-graduation-project-main\\bank-graduation-project-main\\vendor\\laravel\\framework\\src\\Illuminate\\Routing\\Router.php(800): Illuminate\\Routing\\Router->runRouteWithinStack(Object(Illuminate\\Routing\\Route), Object(Illuminate\\Http\\Request))
#31 C:\\Users\\Doaa alsattari\\Downloads\\bank-graduation-project-main\\bank-graduation-project-main\\vendor\\laravel\\framework\\src\\Illuminate\\Routing\\Router.php(764): Illuminate\\Routing\\Router->runRoute(Object(Illuminate\\Http\\Request), Object(Illuminate\\Routing\\Route))
#32 C:\\Users\\Doaa alsattari\\Downloads\\bank-graduation-project-main\\bank-graduation-project-main\\vendor\\laravel\\framework\\src\\Illuminate\\Routing\\Router.php(753): Illuminate\\Routing\\Router->dispatchToRoute(Object(Illuminate\\Http\\Request))
#33 C:\\Users\\Doaa alsattari\\Downloads\\bank-graduation-project-main\\bank-graduation-project-main\\vendor\\laravel\\framework\\src\\Illuminate\\Foundation\\Http\\Kernel.php(200): Illuminate\\Routing\\Router->dispatch(Object(Illuminate\\Http\\Request))
#34 C:\\Users\\Doaa alsattari\\Downloads\\bank-graduation-project-main\\bank-graduation-project-main\\vendor\\laravel\\framework\\src\\Illuminate\\Pipeline\\Pipeline.php(180): Illuminate\\Foundation\\Http\\Kernel->Illuminate\\Foundation\\Http\\{closure}(Object(Illuminate\\Http\\Request))
#35 C:\\Users\\Doaa alsattari\\Downloads\\bank-graduation-project-main\\bank-graduation-project-main\\vendor\\laravel\\framework\\src\\Illuminate\\Foundation\\Http\\Middleware\\TransformsRequest.php(21): Illuminate\\Pipeline\\Pipeline->Illuminate\\Pipeline\\{closure}(Object(Illuminate\\Http\\Request))
#36 C:\\Users\\Doaa alsattari\\Downloads\\bank-graduation-project-main\\bank-graduation-project-main\\vendor\\laravel\\framework\\src\\Illuminate\\Foundation\\Http\\Middleware\\ConvertEmptyStringsToNull.php(31): Illuminate\\Foundation\\Http\\Middleware\\TransformsRequest->handle(Object(Illuminate\\Http\\Request), Object(Closure))
#37 C:\\Users\\Doaa alsattari\\Downloads\\bank-graduation-project-main\\bank-graduation-project-main\\vendor\\laravel\\framework\\src\\Illuminate\\Pipeline\\Pipeline.php(219): Illuminate\\Foundation\\Http\\Middleware\\ConvertEmptyStringsToNull->handle(Object(Illuminate\\Http\\Request), Object(Closure))
#38 C:\\Users\\Doaa alsattari\\Downloads\\bank-graduation-project-main\\bank-graduation-project-main\\vendor\\laravel\\framework\\src\\Illuminate\\Foundation\\Http\\Middleware\\TransformsRequest.php(21): Illuminate\\Pipeline\\Pipeline->Illuminate\\Pipeline\\{closure}(Object(Illuminate\\Http\\Request))
#39 C:\\Users\\Doaa alsattari\\Downloads\\bank-graduation-project-main\\bank-graduation-project-main\\vendor\\laravel\\framework\\src\\Illuminate\\Foundation\\Http\\Middleware\\TrimStrings.php(51): Illuminate\\Foundation\\Http\\Middleware\\TransformsRequest->handle(Object(Illuminate\\Http\\Request), Object(Closure))
#40 C:\\Users\\Doaa alsattari\\Downloads\\bank-graduation-project-main\\bank-graduation-project-main\\vendor\\laravel\\framework\\src\\Illuminate\\Pipeline\\Pipeline.php(219): Illuminate\\Foundation\\Http\\Middleware\\TrimStrings->handle(Object(Illuminate\\Http\\Request), Object(Closure))
#41 C:\\Users\\Doaa alsattari\\Downloads\\bank-graduation-project-main\\bank-graduation-project-main\\vendor\\laravel\\framework\\src\\Illuminate\\Http\\Middleware\\ValidatePostSize.php(27): Illuminate\\Pipeline\\Pipeline->Illuminate\\Pipeline\\{closure}(Object(Illuminate\\Http\\Request))
#42 C:\\Users\\Doaa alsattari\\Downloads\\bank-graduation-project-main\\bank-graduation-project-main\\vendor\\laravel\\framework\\src\\Illuminate\\Pipeline\\Pipeline.php(219): Illuminate\\Http\\Middleware\\ValidatePostSize->handle(Object(Illuminate\\Http\\Request), Object(Closure))
#43 C:\\Users\\Doaa alsattari\\Downloads\\bank-graduation-project-main\\bank-graduation-project-main\\vendor\\laravel\\framework\\src\\Illuminate\\Foundation\\Http\\Middleware\\PreventRequestsDuringMaintenance.php(109): Illuminate\\Pipeline\\Pipeline->Illuminate\\Pipeline\\{closure}(Object(Illuminate\\Http\\Request))
#44 C:\\Users\\Doaa alsattari\\Downloads\\bank-graduation-project-main\\bank-graduation-project-main\\vendor\\laravel\\framework\\src\\Illuminate\\Pipeline\\Pipeline.php(219): Illuminate\\Foundation\\Http\\Middleware\\PreventRequestsDuringMaintenance->handle(Object(Illuminate\\Http\\Request), Object(Closure))
#45 C:\\Users\\Doaa alsattari\\Downloads\\bank-graduation-project-main\\bank-graduation-project-main\\vendor\\laravel\\framework\\src\\Illuminate\\Http\\Middleware\\HandleCors.php(48): Illuminate\\Pipeline\\Pipeline->Illuminate\\Pipeline\\{closure}(Object(Illuminate\\Http\\Request))
#46 C:\\Users\\Doaa alsattari\\Downloads\\bank-graduation-project-main\\bank-graduation-project-main\\vendor\\laravel\\framework\\src\\Illuminate\\Pipeline\\Pipeline.php(219): Illuminate\\Http\\Middleware\\HandleCors->handle(Object(Illuminate\\Http\\Request), Object(Closure))
#47 C:\\Users\\Doaa alsattari\\Downloads\\bank-graduation-project-main\\bank-graduation-project-main\\vendor\\laravel\\framework\\src\\Illuminate\\Http\\Middleware\\TrustProxies.php(58): Illuminate\\Pipeline\\Pipeline->Illuminate\\Pipeline\\{closure}(Object(Illuminate\\Http\\Request))
#48 C:\\Users\\Doaa alsattari\\Downloads\\bank-graduation-project-main\\bank-graduation-project-main\\vendor\\laravel\\framework\\src\\Illuminate\\Pipeline\\Pipeline.php(219): Illuminate\\Http\\Middleware\\TrustProxies->handle(Object(Illuminate\\Http\\Request), Object(Closure))
#49 C:\\Users\\Doaa alsattari\\Downloads\\bank-graduation-project-main\\bank-graduation-project-main\\vendor\\laravel\\framework\\src\\Illuminate\\Foundation\\Http\\Middleware\\InvokeDeferredCallbacks.php(22): Illuminate\\Pipeline\\Pipeline->Illuminate\\Pipeline\\{closure}(Object(Illuminate\\Http\\Request))
#50 C:\\Users\\Doaa alsattari\\Downloads\\bank-graduation-project-main\\bank-graduation-project-main\\vendor\\laravel\\framework\\src\\Illuminate\\Pipeline\\Pipeline.php(219): Illuminate\\Foundation\\Http\\Middleware\\InvokeDeferredCallbacks->handle(Object(Illuminate\\Http\\Request), Object(Closure))
#51 C:\\Users\\Doaa alsattari\\Downloads\\bank-graduation-project-main\\bank-graduation-project-main\\vendor\\laravel\\framework\\src\\Illuminate\\Http\\Middleware\\ValidatePathEncoding.php(26): Illuminate\\Pipeline\\Pipeline->Illuminate\\Pipeline\\{closure}(Object(Illuminate\\Http\\Request))
#52 C:\\Users\\Doaa alsattari\\Downloads\\bank-graduation-project-main\\bank-graduation-project-main\\vendor\\laravel\\framework\\src\\Illuminate\\Pipeline\\Pipeline.php(219): Illuminate\\Http\\Middleware\\ValidatePathEncoding->handle(Object(Illuminate\\Http\\Request), Object(Closure))
#53 C:\\Users\\Doaa alsattari\\Downloads\\bank-graduation-project-main\\bank-graduation-project-main\\vendor\\laravel\\framework\\src\\Illuminate\\Pipeline\\Pipeline.php(137): Illuminate\\Pipeline\\Pipeline->Illuminate\\Pipeline\\{closure}(Object(Illuminate\\Http\\Request))
#54 C:\\Users\\Doaa alsattari\\Downloads\\bank-graduation-project-main\\bank-graduation-project-main\\vendor\\laravel\\framework\\src\\Illuminate\\Foundation\\Http\\Kernel.php(175): Illuminate\\Pipeline\\Pipeline->then(Object(Closure))
#55 C:\\Users\\Doaa alsattari\\Downloads\\bank-graduation-project-main\\bank-graduation-project-main\\vendor\\laravel\\framework\\src\\Illuminate\\Foundation\\Http\\Kernel.php(144): Illuminate\\Foundation\\Http\\Kernel->sendRequestThroughRouter(Object(Illuminate\\Http\\Request))
#56 C:\\Users\\Doaa alsattari\\Downloads\\bank-graduation-project-main\\bank-graduation-project-main\\vendor\\laravel\\framework\\src\\Illuminate\\Foundation\\Application.php(1220): Illuminate\\Foundation\\Http\\Kernel->handle(Object(Illuminate\\Http\\Request))
#57 C:\\Users\\Doaa alsattari\\Downloads\\bank-graduation-project-main\\bank-graduation-project-main\\public\\index.php(20): Illuminate\\Foundation\\Application->handleRequest(Object(Illuminate\\Http\\Request))
#58 C:\\Users\\Doaa alsattari\\Downloads\\bank-graduation-project-main\\bank-graduation-project-main\\vendor\\laravel\\framework\\src\\Illuminate\\Foundation\\resources\\server.php(23): require_once('C:\\\\Users\\\\Doaa a...')
#59 {main}

[previous exception] [object] (Illuminate\\View\\ViewException(code: 0): SQLSTATE[42S02]: Base table or view not found: 1146 Table 'laravell.permission_user' doesn't exist (Connection: mysql, SQL: select exists(select * from `permissions` inner join `permission_user` on `permissions`.`id` = `permission_user`.`permission_id` where `permission_user`.`user_id` = 12 and `name` = view_admin_dashboard) as `exists`) (View: C:\\Users\\Doaa alsattari\\Downloads\\bank-graduation-project-main\\bank-graduation-project-main\\resources\\views\\Layouts\\app.blade.php) at C:\\Users\\Doaa alsattari\\Downloads\\bank-graduation-project-main\\bank-graduation-project-main\\vendor\\laravel\\framework\\src\\Illuminate\\Database\\Connection.php:824)
[stacktrace]
#0 C:\\Users\\Doaa alsattari\\Downloads\\bank-graduation-project-main\\bank-graduation-project-main\\vendor\\laravel\\framework\\src\\Illuminate\\View\\Engines\\PhpEngine.php(59): Illuminate\\View\\Engines\\CompilerEngine->handleViewException(Object(Illuminate\\Database\\QueryException), 2)
#1 C:\\Users\\Doaa alsattari\\Downloads\\bank-graduation-project-main\\bank-graduation-project-main\\vendor\\laravel\\framework\\src\\Illuminate\\View\\Engines\\CompilerEngine.php(76): Illuminate\\View\\Engines\\PhpEngine->evaluatePath('C:\\\\Users\\\\Doaa a...', Array)
#2 C:\\Users\\Doaa alsattari\\Downloads\\bank-graduation-project-main\\bank-graduation-project-main\\vendor\\laravel\\framework\\src\\Illuminate\\View\\View.php(208): Illuminate\\View\\Engines\\CompilerEngine->get('C:\\\\Users\\\\Doaa a...', Array)
#3 C:\\Users\\Doaa alsattari\\Downloads\\bank-graduation-project-main\\bank-graduation-project-main\\vendor\\laravel\\framework\\src\\Illuminate\\View\\View.php(191): Illuminate\\View\\View->getContents()
#4 C:\\Users\\Doaa alsattari\\Downloads\\bank-graduation-project-main\\bank-graduation-project-main\\vendor\\laravel\\framework\\src\\Illuminate\\View\\View.php(160): Illuminate\\View\\View->renderContents()
#5 C:\\Users\\Doaa alsattari\\Downloads\\bank-graduation-project-main\\bank-graduation-project-main\\storage\\framework\\views\\9133b323c23ddea16658a4d3b8a469dd.php(180): Illuminate\\View\\View->render()
#6 C:\\Users\\Doaa alsattari\\Downloads\\bank-graduation-project-main\\bank-graduation-project-main\\vendor\\laravel\\framework\\src\\Illuminate\\Filesystem\\Filesystem.php(123): require('C:\\\\Users\\\\Doaa a...')
#7 C:\\Users\\Doaa alsattari\\Downloads\\bank-graduation-project-main\\bank-graduation-project-main\\vendor\\laravel\\framework\\src\\Illuminate\\Filesystem\\Filesystem.php(124): Illuminate\\Filesystem\\Filesystem::Illuminate\\Filesystem\\{closure}()
#8 C:\\Users\\Doaa alsattari\\Downloads\\bank-graduation-project-main\\bank-graduation-project-main\\vendor\\laravel\\framework\\src\\Illuminate\\View\\Engines\\PhpEngine.php(57): Illuminate\\Filesystem\\Filesystem->getRequire('C:\\\\Users\\\\Doaa a...', Array)
#9 C:\\Users\\Doaa alsattari\\Downloads\\bank-graduation-project-main\\bank-graduation-project-main\\vendor\\laravel\\framework\\src\\Illuminate\\View\\Engines\\CompilerEngine.php(76): Illuminate\\View\\Engines\\PhpEngine->evaluatePath('C:\\\\Users\\\\Doaa a...', Array)
#10 C:\\Users\\Doaa alsattari\\Downloads\\bank-graduation-project-main\\bank-graduation-project-main\\vendor\\laravel\\framework\\src\\Illuminate\\View\\View.php(208): Illuminate\\View\\Engines\\CompilerEngine->get('C:\\\\Users\\\\Doaa a...', Array)
#11 C:\\Users\\Doaa alsattari\\Downloads\\bank-graduation-project-main\\bank-graduation-project-main\\vendor\\laravel\\framework\\src\\Illuminate\\View\\View.php(191): Illuminate\\View\\View->getContents()
#12 C:\\Users\\Doaa alsattari\\Downloads\\bank-graduation-project-main\\bank-graduation-project-main\\vendor\\laravel\\framework\\src\\Illuminate\\View\\View.php(160): Illuminate\\View\\View->renderContents()
#13 C:\\Users\\Doaa alsattari\\Downloads\\bank-graduation-project-main\\bank-graduation-project-main\\vendor\\laravel\\framework\\src\\Illuminate\\Http\\Response.php(78): Illuminate\\View\\View->render()
#14 C:\\Users\\Doaa alsattari\\Downloads\\bank-graduation-project-main\\bank-graduation-project-main\\vendor\\laravel\\framework\\src\\Illuminate\\Http\\Response.php(34): Illuminate\\Http\\Response->setContent(Object(Illuminate\\View\\View))
#15 C:\\Users\\Doaa alsattari\\Downloads\\bank-graduation-project-main\\bank-graduation-project-main\\vendor\\laravel\\framework\\src\\Illuminate\\Routing\\Router.php(939): Illuminate\\Http\\Response->__construct(Object(Illuminate\\View\\View), 200, Array)
#16 C:\\Users\\Doaa alsattari\\Downloads\\bank-graduation-project-main\\bank-graduation-project-main\\vendor\\laravel\\framework\\src\\Illuminate\\Routing\\Router.php(906): Illuminate\\Routing\\Router::toResponse(Object(Illuminate\\Http\\Request), Object(Illuminate\\View\\View))
#17 C:\\Users\\Doaa alsattari\\Downloads\\bank-graduation-project-main\\bank-graduation-project-main\\vendor\\laravel\\framework\\src\\Illuminate\\Routing\\Router.php(821): Illuminate\\Routing\\Router->prepareResponse(Object(Illuminate\\Http\\Request), Object(Illuminate\\View\\View))
#18 C:\\Users\\Doaa alsattari\\Downloads\\bank-graduation-project-main\\bank-graduation-project-main\\vendor\\laravel\\framework\\src\\Illuminate\\Pipeline\\Pipeline.php(180): Illuminate\\Routing\\Router->Illuminate\\Routing\\{closure}(Object(Illuminate\\Http\\Request))
#19 C:\\Users\\Doaa alsattari\\Downloads\\bank-graduation-project-main\\bank-graduation-project-main\\app\\Http\\Middleware\\SetLocale.php(28): Illuminate\\Pipeline\\Pipeline->Illuminate\\Pipeline\\{closure}(Object(Illuminate\\Http\\Request))
#20 C:\\Users\\Doaa alsattari\\Downloads\\bank-graduation-project-main\\bank-graduation-project-main\\vendor\\laravel\\framework\\src\\Illuminate\\Pipeline\\Pipeline.php(219): App\\Http\\Middleware\\SetLocale->handle(Object(Illuminate\\Http\\Request), Object(Closure))
#21 C:\\Users\\Doaa alsattari\\Downloads\\bank-graduation-project-main\\bank-graduation-project-main\\vendor\\laravel\\framework\\src\\Illuminate\\Routing\\Middleware\\SubstituteBindings.php(50): Illuminate\\Pipeline\\Pipeline->Illuminate\\Pipeline\\{closure}(Object(Illuminate\\Http\\Request))
#22 C:\\Users\\Doaa alsattari\\Downloads\\bank-graduation-project-main\\bank-graduation-project-main\\vendor\\laravel\\framework\\src\\Illuminate\\Pipeline\\Pipeline.php(219): Illuminate\\Routing\\Middleware\\SubstituteBindings->handle(Object(Illuminate\\Http\\Request), Object(Closure))
#23 C:\\Users\\Doaa alsattari\\Downloads\\bank-graduation-project-main\\bank-graduation-project-main\\vendor\\laravel\\framework\\src\\Illuminate\\Auth\\Middleware\\Authenticate.php(63): Illuminate\\Pipeline\\Pipeline->Illuminate\\Pipeline\\{closure}(Object(Illuminate\\Http\\Request))
#24 C:\\Users\\Doaa alsattari\\Downloads\\bank-graduation-project-main\\bank-graduation-project-main\\vendor\\laravel\\framework\\src\\Illuminate\\Pipeline\\Pipeline.php(219): Illuminate\\Auth\\Middleware\\Authenticate->handle(Object(Illuminate\\Http\\Request), Object(Closure))
#25 C:\\Users\\Doaa alsattari\\Downloads\\bank-graduation-project-main\\bank-graduation-project-main\\vendor\\laravel\\framework\\src\\Illuminate\\Foundation\\Http\\Middleware\\VerifyCsrfToken.php(87): Illuminate\\Pipeline\\Pipeline->Illuminate\\Pipeline\\{closure}(Object(Illuminate\\Http\\Request))
#26 C:\\Users\\Doaa alsattari\\Downloads\\bank-graduation-project-main\\bank-graduation-project-main\\vendor\\laravel\\framework\\src\\Illuminate\\Pipeline\\Pipeline.php(219): Illuminate\\Foundation\\Http\\Middleware\\VerifyCsrfToken->handle(Object(Illuminate\\Http\\Request), Object(Closure))
#27 C:\\Users\\Doaa alsattari\\Downloads\\bank-graduation-project-main\\bank-graduation-project-main\\vendor\\laravel\\framework\\src\\Illuminate\\View\\Middleware\\ShareErrorsFromSession.php(48): Illuminate\\Pipeline\\Pipeline->Illuminate\\Pipeline\\{closure}(Object(Illuminate\\Http\\Request))
#28 C:\\Users\\Doaa alsattari\\Downloads\\bank-graduation-project-main\\bank-graduation-project-main\\vendor\\laravel\\framework\\src\\Illuminate\\Pipeline\\Pipeline.php(219): Illuminate\\View\\Middleware\\ShareErrorsFromSession->handle(Object(Illuminate\\Http\\Request), Object(Closure))
#29 C:\\Users\\Doaa alsattari\\Downloads\\bank-graduation-project-main\\bank-graduation-project-main\\vendor\\laravel\\framework\\src\\Illuminate\\Session\\Middleware\\StartSession.php(120): Illuminate\\Pipeline\\Pipeline->Illuminate\\Pipeline\\{closure}(Object(Illuminate\\Http\\Request))
#30 C:\\Users\\Doaa alsattari\\Downloads\\bank-graduation-project-main\\bank-graduation-project-main\\vendor\\laravel\\framework\\src\\Illuminate\\Session\\Middleware\\StartSession.php(63): Illuminate\\Session\\Middleware\\StartSession->handleStatefulRequest(Object(Illuminate\\Http\\Request), Object(Illuminate\\Session\\Store), Object(Closure))
#31 C:\\Users\\Doaa alsattari\\Downloads\\bank-graduation-project-main\\bank-graduation-project-main\\vendor\\laravel\\framework\\src\\Illuminate\\Pipeline\\Pipeline.php(219): Illuminate\\Session\\Middleware\\StartSession->handle(Object(Illuminate\\Http\\Request), Object(Closure))
#32 C:\\Users\\Doaa alsattari\\Downloads\\bank-graduation-project-main\\bank-graduation-project-main\\vendor\\laravel\\framework\\src\\Illuminate\\Cookie\\Middleware\\AddQueuedCookiesToResponse.php(36): Illuminate\\Pipeline\\Pipeline->Illuminate\\Pipeline\\{closure}(Object(Illuminate\\Http\\Request))
#33 C:\\Users\\Doaa alsattari\\Downloads\\bank-graduation-project-main\\bank-graduation-project-main\\vendor\\laravel\\framework\\src\\Illuminate\\Pipeline\\Pipeline.php(219): Illuminate\\Cookie\\Middleware\\AddQueuedCookiesToResponse->handle(Object(Illuminate\\Http\\Request), Object(Closure))
#34 C:\\Users\\Doaa alsattari\\Downloads\\bank-graduation-project-main\\bank-graduation-project-main\\vendor\\laravel\\framework\\src\\Illuminate\\Cookie\\Middleware\\EncryptCookies.php(74): Illuminate\\Pipeline\\Pipeline->Illuminate\\Pipeline\\{closure}(Object(Illuminate\\Http\\Request))
#35 C:\\Users\\Doaa alsattari\\Downloads\\bank-graduation-project-main\\bank-graduation-project-main\\vendor\\laravel\\framework\\src\\Illuminate\\Pipeline\\Pipeline.php(219): Illuminate\\Cookie\\Middleware\\EncryptCookies->handle(Object(Illuminate\\Http\\Request), Object(Closure))
#36 C:\\Users\\Doaa alsattari\\Downloads\\bank-graduation-project-main\\bank-graduation-project-main\\vendor\\laravel\\framework\\src\\Illuminate\\Pipeline\\Pipeline.php(137): Illuminate\\Pipeline\\Pipeline->Illuminate\\Pipeline\\{closure}(Object(Illuminate\\Http\\Request))
#37 C:\\Users\\Doaa alsattari\\Downloads\\bank-graduation-project-main\\bank-graduation-project-main\\vendor\\laravel\\framework\\src\\Illuminate\\Routing\\Router.php(821): Illuminate\\Pipeline\\Pipeline->then(Object(Closure))
#38 C:\\Users\\Doaa alsattari\\Downloads\\bank-graduation-project-main\\bank-graduation-project-main\\vendor\\laravel\\framework\\src\\Illuminate\\Routing\\Router.php(800): Illuminate\\Routing\\Router->runRouteWithinStack(Object(Illuminate\\Routing\\Route), Object(Illuminate\\Http\\Request))
#39 C:\\Users\\Doaa alsattari\\Downloads\\bank-graduation-project-main\\bank-graduation-project-main\\vendor\\laravel\\framework\\src\\Illuminate\\Routing\\Router.php(764): Illuminate\\Routing\\Router->runRoute(Object(Illuminate\\Http\\Request), Object(Illuminate\\Routing\\Route))
#40 C:\\Users\\Doaa alsattari\\Downloads\\bank-graduation-project-main\\bank-graduation-project-main\\vendor\\laravel\\framework\\src\\Illuminate\\Routing\\Router.php(753): Illuminate\\Routing\\Router->dispatchToRoute(Object(Illuminate\\Http\\Request))
#41 C:\\Users\\Doaa alsattari\\Downloads\\bank-graduation-project-main\\bank-graduation-project-main\\vendor\\laravel\\framework\\src\\Illuminate\\Foundation\\Http\\Kernel.php(200): Illuminate\\Routing\\Router->dispatch(Object(Illuminate\\Http\\Request))
#42 C:\\Users\\Doaa alsattari\\Downloads\\bank-graduation-project-main\\bank-graduation-project-main\\vendor\\laravel\\framework\\src\\Illuminate\\Pipeline\\Pipeline.php(180): Illuminate\\Foundation\\Http\\Kernel->Illuminate\\Foundation\\Http\\{closure}(Object(Illuminate\\Http\\Request))
#43 C:\\Users\\Doaa alsattari\\Downloads\\bank-graduation-project-main\\bank-graduation-project-main\\vendor\\laravel\\framework\\src\\Illuminate\\Foundation\\Http\\Middleware\\TransformsRequest.php(21): Illuminate\\Pipeline\\Pipeline->Illuminate\\Pipeline\\{closure}(Object(Illuminate\\Http\\Request))
#44 C:\\Users\\Doaa alsattari\\Downloads\\bank-graduation-project-main\\bank-graduation-project-main\\vendor\\laravel\\framework\\src\\Illuminate\\Foundation\\Http\\Middleware\\ConvertEmptyStringsToNull.php(31): Illuminate\\Foundation\\Http\\Middleware\\TransformsRequest->handle(Object(Illuminate\\Http\\Request), Object(Closure))
#45 C:\\Users\\Doaa alsattari\\Downloads\\bank-graduation-project-main\\bank-graduation-project-main\\vendor\\laravel\\framework\\src\\Illuminate\\Pipeline\\Pipeline.php(219): Illuminate\\Foundation\\Http\\Middleware\\ConvertEmptyStringsToNull->handle(Object(Illuminate\\Http\\Request), Object(Closure))
#46 C:\\Users\\Doaa alsattari\\Downloads\\bank-graduation-project-main\\bank-graduation-project-main\\vendor\\laravel\\framework\\src\\Illuminate\\Foundation\\Http\\Middleware\\TransformsRequest.php(21): Illuminate\\Pipeline\\Pipeline->Illuminate\\Pipeline\\{closure}(Object(Illuminate\\Http\\Request))
#47 C:\\Users\\Doaa alsattari\\Downloads\\bank-graduation-project-main\\bank-graduation-project-main\\vendor\\laravel\\framework\\src\\Illuminate\\Foundation\\Http\\Middleware\\TrimStrings.php(51): Illuminate\\Foundation\\Http\\Middleware\\TransformsRequest->handle(Object(Illuminate\\Http\\Request), Object(Closure))
#48 C:\\Users\\Doaa alsattari\\Downloads\\bank-graduation-project-main\\bank-graduation-project-main\\vendor\\laravel\\framework\\src\\Illuminate\\Pipeline\\Pipeline.php(219): Illuminate\\Foundation\\Http\\Middleware\\TrimStrings->handle(Object(Illuminate\\Http\\Request), Object(Closure))
#49 C:\\Users\\Doaa alsattari\\Downloads\\bank-graduation-project-main\\bank-graduation-project-main\\vendor\\laravel\\framework\\src\\Illuminate\\Http\\Middleware\\ValidatePostSize.php(27): Illuminate\\Pipeline\\Pipeline->Illuminate\\Pipeline\\{closure}(Object(Illuminate\\Http\\Request))
#50 C:\\Users\\Doaa alsattari\\Downloads\\bank-graduation-project-main\\bank-graduation-project-main\\vendor\\laravel\\framework\\src\\Illuminate\\Pipeline\\Pipeline.php(219): Illuminate\\Http\\Middleware\\ValidatePostSize->handle(Object(Illuminate\\Http\\Request), Object(Closure))
#51 C:\\Users\\Doaa alsattari\\Downloads\\bank-graduation-project-main\\bank-graduation-project-main\\vendor\\laravel\\framework\\src\\Illuminate\\Foundation\\Http\\Middleware\\PreventRequestsDuringMaintenance.php(109): Illuminate\\Pipeline\\Pipeline->Illuminate\\Pipeline\\{closure}(Object(Illuminate\\Http\\Request))
#52 C:\\Users\\Doaa alsattari\\Downloads\\bank-graduation-project-main\\bank-graduation-project-main\\vendor\\laravel\\framework\\src\\Illuminate\\Pipeline\\Pipeline.php(219): Illuminate\\Foundation\\Http\\Middleware\\PreventRequestsDuringMaintenance->handle(Object(Illuminate\\Http\\Request), Object(Closure))
#53 C:\\Users\\Doaa alsattari\\Downloads\\bank-graduation-project-main\\bank-graduation-project-main\\vendor\\laravel\\framework\\src\\Illuminate\\Http\\Middleware\\HandleCors.php(48): Illuminate\\Pipeline\\Pipeline->Illuminate\\Pipeline\\{closure}(Object(Illuminate\\Http\\Request))
#54 C:\\Users\\Doaa alsattari\\Downloads\\bank-graduation-project-main\\bank-graduation-project-main\\vendor\\laravel\\framework\\src\\Illuminate\\Pipeline\\Pipeline.php(219): Illuminate\\Http\\Middleware\\HandleCors->handle(Object(Illuminate\\Http\\Request), Object(Closure))
#55 C:\\Users\\Doaa alsattari\\Downloads\\bank-graduation-project-main\\bank-graduation-project-main\\vendor\\laravel\\framework\\src\\Illuminate\\Http\\Middleware\\TrustProxies.php(58): Illuminate\\Pipeline\\Pipeline->Illuminate\\Pipeline\\{closure}(Object(Illuminate\\Http\\Request))
#56 C:\\Users\\Doaa alsattari\\Downloads\\bank-graduation-project-main\\bank-graduation-project-main\\vendor\\laravel\\framework\\src\\Illuminate\\Pipeline\\Pipeline.php(219): Illuminate\\Http\\Middleware\\TrustProxies->handle(Object(Illuminate\\Http\\Request), Object(Closure))
#57 C:\\Users\\Doaa alsattari\\Downloads\\bank-graduation-project-main\\bank-graduation-project-main\\vendor\\laravel\\framework\\src\\Illuminate\\Foundation\\Http\\Middleware\\InvokeDeferredCallbacks.php(22): Illuminate\\Pipeline\\Pipeline->Illuminate\\Pipeline\\{closure}(Object(Illuminate\\Http\\Request))
#58 C:\\Users\\Doaa alsattari\\Downloads\\bank-graduation-project-main\\bank-graduation-project-main\\vendor\\laravel\\framework\\src\\Illuminate\\Pipeline\\Pipeline.php(219): Illuminate\\Foundation\\Http\\Middleware\\InvokeDeferredCallbacks->handle(Object(Illuminate\\Http\\Request), Object(Closure))
#59 C:\\Users\\Doaa alsattari\\Downloads\\bank-graduation-project-main\\bank-graduation-project-main\\vendor\\laravel\\framework\\src\\Illuminate\\Http\\Middleware\\ValidatePathEncoding.php(26): Illuminate\\Pipeline\\Pipeline->Illuminate\\Pipeline\\{closure}(Object(Illuminate\\Http\\Request))
#60 C:\\Users\\Doaa alsattari\\Downloads\\bank-graduation-project-main\\bank-graduation-project-main\\vendor\\laravel\\framework\\src\\Illuminate\\Pipeline\\Pipeline.php(219): Illuminate\\Http\\Middleware\\ValidatePathEncoding->handle(Object(Illuminate\\Http\\Request), Object(Closure))
#61 C:\\Users\\Doaa alsattari\\Downloads\\bank-graduation-project-main\\bank-graduation-project-main\\vendor\\laravel\\framework\\src\\Illuminate\\Pipeline\\Pipeline.php(137): Illuminate\\Pipeline\\Pipeline->Illuminate\\Pipeline\\{closure}(Object(Illuminate\\Http\\Request))
#62 C:\\Users\\Doaa alsattari\\Downloads\\bank-graduation-project-main\\bank-graduation-project-main\\vendor\\laravel\\framework\\src\\Illuminate\\Foundation\\Http\\Kernel.php(175): Illuminate\\Pipeline\\Pipeline->then(Object(Closure))
#63 C:\\Users\\Doaa alsattari\\Downloads\\bank-graduation-project-main\\bank-graduation-project-main\\vendor\\laravel\\framework\\src\\Illuminate\\Foundation\\Http\\Kernel.php(144): Illuminate\\Foundation\\Http\\Kernel->sendRequestThroughRouter(Object(Illuminate\\Http\\Request))
#64 C:\\Users\\Doaa alsattari\\Downloads\\bank-graduation-project-main\\bank-graduation-project-main\\vendor\\laravel\\framework\\src\\Illuminate\\Foundation\\Application.php(1220): Illuminate\\Foundation\\Http\\Kernel->handle(Object(Illuminate\\Http\\Request))
#65 C:\\Users\\Doaa alsattari\\Downloads\\bank-graduation-project-main\\bank-graduation-project-main\\public\\index.php(20): Illuminate\\Foundation\\Application->handleRequest(Object(Illuminate\\Http\\Request))
#66 C:\\Users\\Doaa alsattari\\Downloads\\bank-graduation-project-main\\bank-graduation-project-main\\vendor\\laravel\\framework\\src\\Illuminate\\Foundation\\resources\\server.php(23): require_once('C:\\\\Users\\\\Doaa a...')
#67 {main}

[previous exception] [object] (Illuminate\\Database\\QueryException(code: 42S02): SQLSTATE[42S02]: Base table or view not found: 1146 Table 'laravell.permission_user' doesn't exist (Connection: mysql, SQL: select exists(select * from `permissions` inner join `permission_user` on `permissions`.`id` = `permission_user`.`permission_id` where `permission_user`.`user_id` = 12 and `name` = view_admin_dashboard) as `exists`) at C:\\Users\\Doaa alsattari\\Downloads\\bank-graduation-project-main\\bank-graduation-project-main\\vendor\\laravel\\framework\\src\\Illuminate\\Database\\Connection.php:824)
[stacktrace]
#0 C:\\Users\\Doaa alsattari\\Downloads\\bank-graduation-project-main\\bank-graduation-project-main\\vendor\\laravel\\framework\\src\\Illuminate\\Database\\Connection.php(778): Illuminate\\Database\\Connection->runQueryCallback('select exists(s...', Array, Object(Closure))
#1 C:\\Users\\Doaa alsattari\\Downloads\\bank-graduation-project-main\\bank-graduation-project-main\\vendor\\laravel\\framework\\src\\Illuminate\\Database\\Connection.php(397): Illuminate\\Database\\Connection->run('select exists(s...', Array, Object(Closure))
#2 C:\\Users\\Doaa alsattari\\Downloads\\bank-graduation-project-main\\bank-graduation-project-main\\vendor\\laravel\\framework\\src\\Illuminate\\Database\\Query\\Builder.php(3561): Illuminate\\Database\\Connection->select('select exists(s...', Array, true)
#3 C:\\Users\\Doaa alsattari\\Downloads\\bank-graduation-project-main\\bank-graduation-project-main\\vendor\\laravel\\framework\\src\\Illuminate\\Database\\Eloquent\\Builder.php(2235): Illuminate\\Database\\Query\\Builder->exists()
#4 C:\\Users\\Doaa alsattari\\Downloads\\bank-graduation-project-main\\bank-graduation-project-main\\vendor\\laravel\\framework\\src\\Illuminate\\Support\\Traits\\ForwardsCalls.php(23): Illuminate\\Database\\Eloquent\\Builder->__call('exists', Array)
#5 C:\\Users\\Doaa alsattari\\Downloads\\bank-graduation-project-main\\bank-graduation-project-main\\vendor\\laravel\\framework\\src\\Illuminate\\Support\\Traits\\ForwardsCalls.php(52): Illuminate\\Database\\Eloquent\\Relations\\Relation->forwardCallTo(Object(Illuminate\\Database\\Eloquent\\Builder), 'exists', Array)
#6 C:\\Users\\Doaa alsattari\\Downloads\\bank-graduation-project-main\\bank-graduation-project-main\\vendor\\laravel\\framework\\src\\Illuminate\\Database\\Eloquent\\Relations\\Relation.php(538): Illuminate\\Database\\Eloquent\\Relations\\Relation->forwardDecoratedCallTo(Object(Illuminate\\Database\\Eloquent\\Builder), 'exists', Array)
#7 C:\\Users\\Doaa alsattari\\Downloads\\bank-graduation-project-main\\bank-graduation-project-main\\app\\Traits\\HasRolesAndPermissions.php(103): Illuminate\\Database\\Eloquent\\Relations\\Relation->__call('exists', Array)
#8 C:\\Users\\Doaa alsattari\\Downloads\\bank-graduation-project-main\\bank-graduation-project-main\\app\\Providers\\AppServiceProvider.php(30): App\\Models\\User->hasPermission('view_admin_dash...')
#9 [internal function]: App\\Providers\\AppServiceProvider->App\\Providers\\{closure}('view_admin_dash...')
#10 C:\\Users\\Doaa alsattari\\Downloads\\bank-graduation-project-main\\bank-graduation-project-main\\vendor\\laravel\\framework\\src\\Illuminate\\View\\Compilers\\BladeCompiler.php(761): call_user_func(Object(Closure), 'view_admin_dash...')
#11 C:\\Users\\Doaa alsattari\\Downloads\\bank-graduation-project-main\\bank-graduation-project-main\\vendor\\laravel\\framework\\src\\Illuminate\\Support\\Facades\\Facade.php(363): Illuminate\\View\\Compilers\\BladeCompiler->check('permission', 'view_admin_dash...')
#12 C:\\Users\\Doaa alsattari\\Downloads\\bank-graduation-project-main\\bank-graduation-project-main\\storage\\framework\\views\\a24fe281bb0c8ce5569c93fd1859cb52.php(204): Illuminate\\Support\\Facades\\Facade::__callStatic('check', Array)
#13 C:\\Users\\Doaa alsattari\\Downloads\\bank-graduation-project-main\\bank-graduation-project-main\\vendor\\laravel\\framework\\src\\Illuminate\\Filesystem\\Filesystem.php(123): require('C:\\\\Users\\\\Doaa a...')
#14 C:\\Users\\Doaa alsattari\\Downloads\\bank-graduation-project-main\\bank-graduation-project-main\\vendor\\laravel\\framework\\src\\Illuminate\\Filesystem\\Filesystem.php(124): Illuminate\\Filesystem\\Filesystem::Illuminate\\Filesystem\\{closure}()
#15 C:\\Users\\Doaa alsattari\\Downloads\\bank-graduation-project-main\\bank-graduation-project-main\\vendor\\laravel\\framework\\src\\Illuminate\\View\\Engines\\PhpEngine.php(57): Illuminate\\Filesystem\\Filesystem->getRequire('C:\\\\Users\\\\Doaa a...', Array)
#16 C:\\Users\\Doaa alsattari\\Downloads\\bank-graduation-project-main\\bank-graduation-project-main\\vendor\\laravel\\framework\\src\\Illuminate\\View\\Engines\\CompilerEngine.php(76): Illuminate\\View\\Engines\\PhpEngine->evaluatePath('C:\\\\Users\\\\Doaa a...', Array)
#17 C:\\Users\\Doaa alsattari\\Downloads\\bank-graduation-project-main\\bank-graduation-project-main\\vendor\\laravel\\framework\\src\\Illuminate\\View\\View.php(208): Illuminate\\View\\Engines\\CompilerEngine->get('C:\\\\Users\\\\Doaa a...', Array)
#18 C:\\Users\\Doaa alsattari\\Downloads\\bank-graduation-project-main\\bank-graduation-project-main\\vendor\\laravel\\framework\\src\\Illuminate\\View\\View.php(191): Illuminate\\View\\View->getContents()
#19 C:\\Users\\Doaa alsattari\\Downloads\\bank-graduation-project-main\\bank-graduation-project-main\\vendor\\laravel\\framework\\src\\Illuminate\\View\\View.php(160): Illuminate\\View\\View->renderContents()
#20 C:\\Users\\Doaa alsattari\\Downloads\\bank-graduation-project-main\\bank-graduation-project-main\\storage\\framework\\views\\9133b323c23ddea16658a4d3b8a469dd.php(180): Illuminate\\View\\View->render()
#21 C:\\Users\\Doaa alsattari\\Downloads\\bank-graduation-project-main\\bank-graduation-project-main\\vendor\\laravel\\framework\\src\\Illuminate\\Filesystem\\Filesystem.php(123): require('C:\\\\Users\\\\Doaa a...')
#22 C:\\Users\\Doaa alsattari\\Downloads\\bank-graduation-project-main\\bank-graduation-project-main\\vendor\\laravel\\framework\\src\\Illuminate\\Filesystem\\Filesystem.php(124): Illuminate\\Filesystem\\Filesystem::Illuminate\\Filesystem\\{closure}()
#23 C:\\Users\\Doaa alsattari\\Downloads\\bank-graduation-project-main\\bank-graduation-project-main\\vendor\\laravel\\framework\\src\\Illuminate\\View\\Engines\\PhpEngine.php(57): Illuminate\\Filesystem\\Filesystem->getRequire('C:\\\\Users\\\\Doaa a...', Array)
#24 C:\\Users\\Doaa alsattari\\Downloads\\bank-graduation-project-main\\bank-graduation-project-main\\vendor\\laravel\\framework\\src\\Illuminate\\View\\Engines\\CompilerEngine.php(76): Illuminate\\View\\Engines\\PhpEngine->evaluatePath('C:\\\\Users\\\\Doaa a...', Array)
#25 C:\\Users\\Doaa alsattari\\Downloads\\bank-graduation-project-main\\bank-graduation-project-main\\vendor\\laravel\\framework\\src\\Illuminate\\View\\View.php(208): Illuminate\\View\\Engines\\CompilerEngine->get('C:\\\\Users\\\\Doaa a...', Array)
#26 C:\\Users\\Doaa alsattari\\Downloads\\bank-graduation-project-main\\bank-graduation-project-main\\vendor\\laravel\\framework\\src\\Illuminate\\View\\View.php(191): Illuminate\\View\\View->getContents()
#27 C:\\Users\\Doaa alsattari\\Downloads\\bank-graduation-project-main\\bank-graduation-project-main\\vendor\\laravel\\framework\\src\\Illuminate\\View\\View.php(160): Illuminate\\View\\View->renderContents()
#28 C:\\Users\\Doaa alsattari\\Downloads\\bank-graduation-project-main\\bank-graduation-project-main\\vendor\\laravel\\framework\\src\\Illuminate\\Http\\Response.php(78): Illuminate\\View\\View->render()
#29 C:\\Users\\Doaa alsattari\\Downloads\\bank-graduation-project-main\\bank-graduation-project-main\\vendor\\laravel\\framework\\src\\Illuminate\\Http\\Response.php(34): Illuminate\\Http\\Response->setContent(Object(Illuminate\\View\\View))
#30 C:\\Users\\Doaa alsattari\\Downloads\\bank-graduation-project-main\\bank-graduation-project-main\\vendor\\laravel\\framework\\src\\Illuminate\\Routing\\Router.php(939): Illuminate\\Http\\Response->__construct(Object(Illuminate\\View\\View), 200, Array)
#31 C:\\Users\\Doaa alsattari\\Downloads\\bank-graduation-project-main\\bank-graduation-project-main\\vendor\\laravel\\framework\\src\\Illuminate\\Routing\\Router.php(906): Illuminate\\Routing\\Router::toResponse(Object(Illuminate\\Http\\Request), Object(Illuminate\\View\\View))
#32 C:\\Users\\Doaa alsattari\\Downloads\\bank-graduation-project-main\\bank-graduation-project-main\\vendor\\laravel\\framework\\src\\Illuminate\\Routing\\Router.php(821): Illuminate\\Routing\\Router->prepareResponse(Object(Illuminate\\Http\\Request), Object(Illuminate\\View\\View))
#33 C:\\Users\\Doaa alsattari\\Downloads\\bank-graduation-project-main\\bank-graduation-project-main\\vendor\\laravel\\framework\\src\\Illuminate\\Pipeline\\Pipeline.php(180): Illuminate\\Routing\\Router->Illuminate\\Routing\\{closure}(Object(Illuminate\\Http\\Request))
#34 C:\\Users\\Doaa alsattari\\Downloads\\bank-graduation-project-main\\bank-graduation-project-main\\app\\Http\\Middleware\\SetLocale.php(28): Illuminate\\Pipeline\\Pipeline->Illuminate\\Pipeline\\{closure}(Object(Illuminate\\Http\\Request))
#35 C:\\Users\\Doaa alsattari\\Downloads\\bank-graduation-project-main\\bank-graduation-project-main\\vendor\\laravel\\framework\\src\\Illuminate\\Pipeline\\Pipeline.php(219): App\\Http\\Middleware\\SetLocale->handle(Object(Illuminate\\Http\\Request), Object(Closure))
#36 C:\\Users\\Doaa alsattari\\Downloads\\bank-graduation-project-main\\bank-graduation-project-main\\vendor\\laravel\\framework\\src\\Illuminate\\Routing\\Middleware\\SubstituteBindings.php(50): Illuminate\\Pipeline\\Pipeline->Illuminate\\Pipeline\\{closure}(Object(Illuminate\\Http\\Request))
#37 C:\\Users\\Doaa alsattari\\Downloads\\bank-graduation-project-main\\bank-graduation-project-main\\vendor\\laravel\\framework\\src\\Illuminate\\Pipeline\\Pipeline.php(219): Illuminate\\Routing\\Middleware\\SubstituteBindings->handle(Object(Illuminate\\Http\\Request), Object(Closure))
#38 C:\\Users\\Doaa alsattari\\Downloads\\bank-graduation-project-main\\bank-graduation-project-main\\vendor\\laravel\\framework\\src\\Illuminate\\Auth\\Middleware\\Authenticate.php(63): Illuminate\\Pipeline\\Pipeline->Illuminate\\Pipeline\\{closure}(Object(Illuminate\\Http\\Request))
#39 C:\\Users\\Doaa alsattari\\Downloads\\bank-graduation-project-main\\bank-graduation-project-main\\vendor\\laravel\\framework\\src\\Illuminate\\Pipeline\\Pipeline.php(219): Illuminate\\Auth\\Middleware\\Authenticate->handle(Object(Illuminate\\Http\\Request), Object(Closure))
#40 C:\\Users\\Doaa alsattari\\Downloads\\bank-graduation-project-main\\bank-graduation-project-main\\vendor\\laravel\\framework\\src\\Illuminate\\Foundation\\Http\\Middleware\\VerifyCsrfToken.php(87): Illuminate\\Pipeline\\Pipeline->Illuminate\\Pipeline\\{closure}(Object(Illuminate\\Http\\Request))
#41 C:\\Users\\Doaa alsattari\\Downloads\\bank-graduation-project-main\\bank-graduation-project-main\\vendor\\laravel\\framework\\src\\Illuminate\\Pipeline\\Pipeline.php(219): Illuminate\\Foundation\\Http\\Middleware\\VerifyCsrfToken->handle(Object(Illuminate\\Http\\Request), Object(Closure))
#42 C:\\Users\\Doaa alsattari\\Downloads\\bank-graduation-project-main\\bank-graduation-project-main\\vendor\\laravel\\framework\\src\\Illuminate\\View\\Middleware\\ShareErrorsFromSession.php(48): Illuminate\\Pipeline\\Pipeline->Illuminate\\Pipeline\\{closure}(Object(Illuminate\\Http\\Request))
#43 C:\\Users\\Doaa alsattari\\Downloads\\bank-graduation-project-main\\bank-graduation-project-main\\vendor\\laravel\\framework\\src\\Illuminate\\Pipeline\\Pipeline.php(219): Illuminate\\View\\Middleware\\ShareErrorsFromSession->handle(Object(Illuminate\\Http\\Request), Object(Closure))
#44 C:\\Users\\Doaa alsattari\\Downloads\\bank-graduation-project-main\\bank-graduation-project-main\\vendor\\laravel\\framework\\src\\Illuminate\\Session\\Middleware\\StartSession.php(120): Illuminate\\Pipeline\\Pipeline->Illuminate\\Pipeline\\{closure}(Object(Illuminate\\Http\\Request))
#45 C:\\Users\\Doaa alsattari\\Downloads\\bank-graduation-project-main\\bank-graduation-project-main\\vendor\\laravel\\framework\\src\\Illuminate\\Session\\Middleware\\StartSession.php(63): Illuminate\\Session\\Middleware\\StartSession->handleStatefulRequest(Object(Illuminate\\Http\\Request), Object(Illuminate\\Session\\Store), Object(Closure))
#46 C:\\Users\\Doaa alsattari\\Downloads\\bank-graduation-project-main\\bank-graduation-project-main\\vendor\\laravel\\framework\\src\\Illuminate\\Pipeline\\Pipeline.php(219): Illuminate\\Session\\Middleware\\StartSession->handle(Object(Illuminate\\Http\\Request), Object(Closure))
#47 C:\\Users\\Doaa alsattari\\Downloads\\bank-graduation-project-main\\bank-graduation-project-main\\vendor\\laravel\\framework\\src\\Illuminate\\Cookie\\Middleware\\AddQueuedCookiesToResponse.php(36): Illuminate\\Pipeline\\Pipeline->Illuminate\\Pipeline\\{closure}(Object(Illuminate\\Http\\Request))
#48 C:\\Users\\Doaa alsattari\\Downloads\\bank-graduation-project-main\\bank-graduation-project-main\\vendor\\laravel\\framework\\src\\Illuminate\\Pipeline\\Pipeline.php(219): Illuminate\\Cookie\\Middleware\\AddQueuedCookiesToResponse->handle(Object(Illuminate\\Http\\Request), Object(Closure))
#49 C:\\Users\\Doaa alsattari\\Downloads\\bank-graduation-project-main\\bank-graduation-project-main\\vendor\\laravel\\framework\\src\\Illuminate\\Cookie\\Middleware\\EncryptCookies.php(74): Illuminate\\Pipeline\\Pipeline->Illuminate\\Pipeline\\{closure}(Object(Illuminate\\Http\\Request))
#50 C:\\Users\\Doaa alsattari\\Downloads\\bank-graduation-project-main\\bank-graduation-project-main\\vendor\\laravel\\framework\\src\\Illuminate\\Pipeline\\Pipeline.php(219): Illuminate\\Cookie\\Middleware\\EncryptCookies->handle(Object(Illuminate\\Http\\Request), Object(Closure))
#51 C:\\Users\\Doaa alsattari\\Downloads\\bank-graduation-project-main\\bank-graduation-project-main\\vendor\\laravel\\framework\\src\\Illuminate\\Pipeline\\Pipeline.php(137): Illuminate\\Pipeline\\Pipeline->Illuminate\\Pipeline\\{closure}(Object(Illuminate\\Http\\Request))
#52 C:\\Users\\Doaa alsattari\\Downloads\\bank-graduation-project-main\\bank-graduation-project-main\\vendor\\laravel\\framework\\src\\Illuminate\\Routing\\Router.php(821): Illuminate\\Pipeline\\Pipeline->then(Object(Closure))
#53 C:\\Users\\Doaa alsattari\\Downloads\\bank-graduation-project-main\\bank-graduation-project-main\\vendor\\laravel\\framework\\src\\Illuminate\\Routing\\Router.php(800): Illuminate\\Routing\\Router->runRouteWithinStack(Object(Illuminate\\Routing\\Route), Object(Illuminate\\Http\\Request))
#54 C:\\Users\\Doaa alsattari\\Downloads\\bank-graduation-project-main\\bank-graduation-project-main\\vendor\\laravel\\framework\\src\\Illuminate\\Routing\\Router.php(764): Illuminate\\Routing\\Router->runRoute(Object(Illuminate\\Http\\Request), Object(Illuminate\\Routing\\Route))
#55 C:\\Users\\Doaa alsattari\\Downloads\\bank-graduation-project-main\\bank-graduation-project-main\\vendor\\laravel\\framework\\src\\Illuminate\\Routing\\Router.php(753): Illuminate\\Routing\\Router->dispatchToRoute(Object(Illuminate\\Http\\Request))
#56 C:\\Users\\Doaa alsattari\\Downloads\\bank-graduation-project-main\\bank-graduation-project-main\\vendor\\laravel\\framework\\src\\Illuminate\\Foundation\\Http\\Kernel.php(200): Illuminate\\Routing\\Router->dispatch(Object(Illuminate\\Http\\Request))
#57 C:\\Users\\Doaa alsattari\\Downloads\\bank-graduation-project-main\\bank-graduation-project-main\\vendor\\laravel\\framework\\src\\Illuminate\\Pipeline\\Pipeline.php(180): Illuminate\\Foundation\\Http\\Kernel->Illuminate\\Foundation\\Http\\{closure}(Object(Illuminate\\Http\\Request))
#58 C:\\Users\\Doaa alsattari\\Downloads\\bank-graduation-project-main\\bank-graduation-project-main\\vendor\\laravel\\framework\\src\\Illuminate\\Foundation\\Http\\Middleware\\TransformsRequest.php(21): Illuminate\\Pipeline\\Pipeline->Illuminate\\Pipeline\\{closure}(Object(Illuminate\\Http\\Request))
#59 C:\\Users\\Doaa alsattari\\Downloads\\bank-graduation-project-main\\bank-graduation-project-main\\vendor\\laravel\\framework\\src\\Illuminate\\Foundation\\Http\\Middleware\\ConvertEmptyStringsToNull.php(31): Illuminate\\Foundation\\Http\\Middleware\\TransformsRequest->handle(Object(Illuminate\\Http\\Request), Object(Closure))
#60 C:\\Users\\Doaa alsattari\\Downloads\\bank-graduation-project-main\\bank-graduation-project-main\\vendor\\laravel\\framework\\src\\Illuminate\\Pipeline\\Pipeline.php(219): Illuminate\\Foundation\\Http\\Middleware\\ConvertEmptyStringsToNull->handle(Object(Illuminate\\Http\\Request), Object(Closure))
#61 C:\\Users\\Doaa alsattari\\Downloads\\bank-graduation-project-main\\bank-graduation-project-main\\vendor\\laravel\\framework\\src\\Illuminate\\Foundation\\Http\\Middleware\\TransformsRequest.php(21): Illuminate\\Pipeline\\Pipeline->Illuminate\\Pipeline\\{closure}(Object(Illuminate\\Http\\Request))
#62 C:\\Users\\Doaa alsattari\\Downloads\\bank-graduation-project-main\\bank-graduation-project-main\\vendor\\laravel\\framework\\src\\Illuminate\\Foundation\\Http\\Middleware\\TrimStrings.php(51): Illuminate\\Foundation\\Http\\Middleware\\TransformsRequest->handle(Object(Illuminate\\Http\\Request), Object(Closure))
#63 C:\\Users\\Doaa alsattari\\Downloads\\bank-graduation-project-main\\bank-graduation-project-main\\vendor\\laravel\\framework\\src\\Illuminate\\Pipeline\\Pipeline.php(219): Illuminate\\Foundation\\Http\\Middleware\\TrimStrings->handle(Object(Illuminate\\Http\\Request), Object(Closure))
#64 C:\\Users\\Doaa alsattari\\Downloads\\bank-graduation-project-main\\bank-graduation-project-main\\vendor\\laravel\\framework\\src\\Illuminate\\Http\\Middleware\\ValidatePostSize.php(27): Illuminate\\Pipeline\\Pipeline->Illuminate\\Pipeline\\{closure}(Object(Illuminate\\Http\\Request))
#65 C:\\Users\\Doaa alsattari\\Downloads\\bank-graduation-project-main\\bank-graduation-project-main\\vendor\\laravel\\framework\\src\\Illuminate\\Pipeline\\Pipeline.php(219): Illuminate\\Http\\Middleware\\ValidatePostSize->handle(Object(Illuminate\\Http\\Request), Object(Closure))
#66 C:\\Users\\Doaa alsattari\\Downloads\\bank-graduation-project-main\\bank-graduation-project-main\\vendor\\laravel\\framework\\src\\Illuminate\\Foundation\\Http\\Middleware\\PreventRequestsDuringMaintenance.php(109): Illuminate\\Pipeline\\Pipeline->Illuminate\\Pipeline\\{closure}(Object(Illuminate\\Http\\Request))
#67 C:\\Users\\Doaa alsattari\\Downloads\\bank-graduation-project-main\\bank-graduation-project-main\\vendor\\laravel\\framework\\src\\Illuminate\\Pipeline\\Pipeline.php(219): Illuminate\\Foundation\\Http\\Middleware\\PreventRequestsDuringMaintenance->handle(Object(Illuminate\\Http\\Request), Object(Closure))
#68 C:\\Users\\Doaa alsattari\\Downloads\\bank-graduation-project-main\\bank-graduation-project-main\\vendor\\laravel\\framework\\src\\Illuminate\\Http\\Middleware\\HandleCors.php(48): Illuminate\\Pipeline\\Pipeline->Illuminate\\Pipeline\\{closure}(Object(Illuminate\\Http\\Request))
#69 C:\\Users\\Doaa alsattari\\Downloads\\bank-graduation-project-main\\bank-graduation-project-main\\vendor\\laravel\\framework\\src\\Illuminate\\Pipeline\\Pipeline.php(219): Illuminate\\Http\\Middleware\\HandleCors->handle(Object(Illuminate\\Http\\Request), Object(Closure))
#70 C:\\Users\\Doaa alsattari\\Downloads\\bank-graduation-project-main\\bank-graduation-project-main\\vendor\\laravel\\framework\\src\\Illuminate\\Http\\Middleware\\TrustProxies.php(58): Illuminate\\Pipeline\\Pipeline->Illuminate\\Pipeline\\{closure}(Object(Illuminate\\Http\\Request))
#71 C:\\Users\\Doaa alsattari\\Downloads\\bank-graduation-project-main\\bank-graduation-project-main\\vendor\\laravel\\framework\\src\\Illuminate\\Pipeline\\Pipeline.php(219): Illuminate\\Http\\Middleware\\TrustProxies->handle(Object(Illuminate\\Http\\Request), Object(Closure))
#72 C:\\Users\\Doaa alsattari\\Downloads\\bank-graduation-project-main\\bank-graduation-project-main\\vendor\\laravel\\framework\\src\\Illuminate\\Foundation\\Http\\Middleware\\InvokeDeferredCallbacks.php(22): Illuminate\\Pipeline\\Pipeline->Illuminate\\Pipeline\\{closure}(Object(Illuminate\\Http\\Request))
#73 C:\\Users\\Doaa alsattari\\Downloads\\bank-graduation-project-main\\bank-graduation-project-main\\vendor\\laravel\\framework\\src\\Illuminate\\Pipeline\\Pipeline.php(219): Illuminate\\Foundation\\Http\\Middleware\\InvokeDeferredCallbacks->handle(Object(Illuminate\\Http\\Request), Object(Closure))
#74 C:\\Users\\Doaa alsattari\\Downloads\\bank-graduation-project-main\\bank-graduation-project-main\\vendor\\laravel\\framework\\src\\Illuminate\\Http\\Middleware\\ValidatePathEncoding.php(26): Illuminate\\Pipeline\\Pipeline->Illuminate\\Pipeline\\{closure}(Object(Illuminate\\Http\\Request))
#75 C:\\Users\\Doaa alsattari\\Downloads\\bank-graduation-project-main\\bank-graduation-project-main\\vendor\\laravel\\framework\\src\\Illuminate\\Pipeline\\Pipeline.php(219): Illuminate\\Http\\Middleware\\ValidatePathEncoding->handle(Object(Illuminate\\Http\\Request), Object(Closure))
#76 C:\\Users\\Doaa alsattari\\Downloads\\bank-graduation-project-main\\bank-graduation-project-main\\vendor\\laravel\\framework\\src\\Illuminate\\Pipeline\\Pipeline.php(137): Illuminate\\Pipeline\\Pipeline->Illuminate\\Pipeline\\{closure}(Object(Illuminate\\Http\\Request))
#77 C:\\Users\\Doaa alsattari\\Downloads\\bank-graduation-project-main\\bank-graduation-project-main\\vendor\\laravel\\framework\\src\\Illuminate\\Foundation\\Http\\Kernel.php(175): Illuminate\\Pipeline\\Pipeline->then(Object(Closure))
#78 C:\\Users\\Doaa alsattari\\Downloads\\bank-graduation-project-main\\bank-graduation-project-main\\vendor\\laravel\\framework\\src\\Illuminate\\Foundation\\Http\\Kernel.php(144): Illuminate\\Foundation\\Http\\Kernel->sendRequestThroughRouter(Object(Illuminate\\Http\\Request))
#79 C:\\Users\\Doaa alsattari\\Downloads\\bank-graduation-project-main\\bank-graduation-project-main\\vendor\\laravel\\framework\\src\\Illuminate\\Foundation\\Application.php(1220): Illuminate\\Foundation\\Http\\Kernel->handle(Object(Illuminate\\Http\\Request))
#80 C:\\Users\\Doaa alsattari\\Downloads\\bank-graduation-project-main\\bank-graduation-project-main\\public\\index.php(20): Illuminate\\Foundation\\Application->handleRequest(Object(Illuminate\\Http\\Request))
#81 C:\\Users\\Doaa alsattari\\Downloads\\bank-graduation-project-main\\bank-graduation-project-main\\vendor\\laravel\\framework\\src\\Illuminate\\Foundation\\resources\\server.php(23): require_once('C:\\\\Users\\\\Doaa a...')
#82 {main}

[previous exception] [object] (PDOException(code: 42S02): SQLSTATE[42S02]: Base table or view not found: 1146 Table 'laravell.permission_user' doesn't exist at C:\\Users\\Doaa alsattari\\Downloads\\bank-graduation-project-main\\bank-graduation-project-main\\vendor\\laravel\\framework\\src\\Illuminate\\Database\\Connection.php:406)
[stacktrace]
#0 C:\\Users\\Doaa alsattari\\Downloads\\bank-graduation-project-main\\bank-graduation-project-main\\vendor\\laravel\\framework\\src\\Illuminate\\Database\\Connection.php(406): PDO->prepare('select exists(s...')
#1 C:\\Users\\Doaa alsattari\\Downloads\\bank-graduation-project-main\\bank-graduation-project-main\\vendor\\laravel\\framework\\src\\Illuminate\\Database\\Connection.php(811): Illuminate\\Database\\Connection->Illuminate\\Database\\{closure}('select exists(s...', Array)
#2 C:\\Users\\Doaa alsattari\\Downloads\\bank-graduation-project-main\\bank-graduation-project-main\\vendor\\laravel\\framework\\src\\Illuminate\\Database\\Connection.php(778): Illuminate\\Database\\Connection->runQueryCallback('select exists(s...', Array, Object(Closure))
#3 C:\\Users\\Doaa alsattari\\Downloads\\bank-graduation-project-main\\bank-graduation-project-main\\vendor\\laravel\\framework\\src\\Illuminate\\Database\\Connection.php(397): Illuminate\\Database\\Connection->run('select exists(s...', Array, Object(Closure))
#4 C:\\Users\\Doaa alsattari\\Downloads\\bank-graduation-project-main\\bank-graduation-project-main\\vendor\\laravel\\framework\\src\\Illuminate\\Database\\Query\\Builder.php(3561): Illuminate\\Database\\Connection->select('select exists(s...', Array, true)
#5 C:\\Users\\Doaa alsattari\\Downloads\\bank-graduation-project-main\\bank-graduation-project-main\\vendor\\laravel\\framework\\src\\Illuminate\\Database\\Eloquent\\Builder.php(2235): Illuminate\\Database\\Query\\Builder->exists()
#6 C:\\Users\\Doaa alsattari\\Downloads\\bank-graduation-project-main\\bank-graduation-project-main\\vendor\\laravel\\framework\\src\\Illuminate\\Support\\Traits\\ForwardsCalls.php(23): Illuminate\\Database\\Eloquent\\Builder->__call('exists', Array)
#7 C:\\Users\\Doaa alsattari\\Downloads\\bank-graduation-project-main\\bank-graduation-project-main\\vendor\\laravel\\framework\\src\\Illuminate\\Support\\Traits\\ForwardsCalls.php(52): Illuminate\\Database\\Eloquent\\Relations\\Relation->forwardCallTo(Object(Illuminate\\Database\\Eloquent\\Builder), 'exists', Array)
#8 C:\\Users\\Doaa alsattari\\Downloads\\bank-graduation-project-main\\bank-graduation-project-main\\vendor\\laravel\\framework\\src\\Illuminate\\Database\\Eloquent\\Relations\\Relation.php(538): Illuminate\\Database\\Eloquent\\Relations\\Relation->forwardDecoratedCallTo(Object(Illuminate\\Database\\Eloquent\\Builder), 'exists', Array)
#9 C:\\Users\\Doaa alsattari\\Downloads\\bank-graduation-project-main\\bank-graduation-project-main\\app\\Traits\\HasRolesAndPermissions.php(103): Illuminate\\Database\\Eloquent\\Relations\\Relation->__call('exists', Array)
#10 C:\\Users\\Doaa alsattari\\Downloads\\bank-graduation-project-main\\bank-graduation-project-main\\app\\Providers\\AppServiceProvider.php(30): App\\Models\\User->hasPermission('view_admin_dash...')
#11 [internal function]: App\\Providers\\AppServiceProvider->App\\Providers\\{closure}('view_admin_dash...')
#12 C:\\Users\\Doaa alsattari\\Downloads\\bank-graduation-project-main\\bank-graduation-project-main\\vendor\\laravel\\framework\\src\\Illuminate\\View\\Compilers\\BladeCompiler.php(761): call_user_func(Object(Closure), 'view_admin_dash...')
#13 C:\\Users\\Doaa alsattari\\Downloads\\bank-graduation-project-main\\bank-graduation-project-main\\vendor\\laravel\\framework\\src\\Illuminate\\Support\\Facades\\Facade.php(363): Illuminate\\View\\Compilers\\BladeCompiler->check('permission', 'view_admin_dash...')
#14 C:\\Users\\Doaa alsattari\\Downloads\\bank-graduation-project-main\\bank-graduation-project-main\\storage\\framework\\views\\a24fe281bb0c8ce5569c93fd1859cb52.php(204): Illuminate\\Support\\Facades\\Facade::__callStatic('check', Array)
#15 C:\\Users\\Doaa alsattari\\Downloads\\bank-graduation-project-main\\bank-graduation-project-main\\vendor\\laravel\\framework\\src\\Illuminate\\Filesystem\\Filesystem.php(123): require('C:\\\\Users\\\\Doaa a...')
#16 C:\\Users\\Doaa alsattari\\Downloads\\bank-graduation-project-main\\bank-graduation-project-main\\vendor\\laravel\\framework\\src\\Illuminate\\Filesystem\\Filesystem.php(124): Illuminate\\Filesystem\\Filesystem::Illuminate\\Filesystem\\{closure}()
#17 C:\\Users\\Doaa alsattari\\Downloads\\bank-graduation-project-main\\bank-graduation-project-main\\vendor\\laravel\\framework\\src\\Illuminate\\View\\Engines\\PhpEngine.php(57): Illuminate\\Filesystem\\Filesystem->getRequire('C:\\\\Users\\\\Doaa a...', Array)
#18 C:\\Users\\Doaa alsattari\\Downloads\\bank-graduation-project-main\\bank-graduation-project-main\\vendor\\laravel\\framework\\src\\Illuminate\\View\\Engines\\CompilerEngine.php(76): Illuminate\\View\\Engines\\PhpEngine->evaluatePath('C:\\\\Users\\\\Doaa a...', Array)
#19 C:\\Users\\Doaa alsattari\\Downloads\\bank-graduation-project-main\\bank-graduation-project-main\\vendor\\laravel\\framework\\src\\Illuminate\\View\\View.php(208): Illuminate\\View\\Engines\\CompilerEngine->get('C:\\\\Users\\\\Doaa a...', Array)
#20 C:\\Users\\Doaa alsattari\\Downloads\\bank-graduation-project-main\\bank-graduation-project-main\\vendor\\laravel\\framework\\src\\Illuminate\\View\\View.php(191): Illuminate\\View\\View->getContents()
#21 C:\\Users\\Doaa alsattari\\Downloads\\bank-graduation-project-main\\bank-graduation-project-main\\vendor\\laravel\\framework\\src\\Illuminate\\View\\View.php(160): Illuminate\\View\\View->renderContents()
#22 C:\\Users\\Doaa alsattari\\Downloads\\bank-graduation-project-main\\bank-graduation-project-main\\storage\\framework\\views\\9133b323c23ddea16658a4d3b8a469dd.php(180): Illuminate\\View\\View->render()
#23 C:\\Users\\Doaa alsattari\\Downloads\\bank-graduation-project-main\\bank-graduation-project-main\\vendor\\laravel\\framework\\src\\Illuminate\\Filesystem\\Filesystem.php(123): require('C:\\\\Users\\\\Doaa a...')
#24 C:\\Users\\Doaa alsattari\\Downloads\\bank-graduation-project-main\\bank-graduation-project-main\\vendor\\laravel\\framework\\src\\Illuminate\\Filesystem\\Filesystem.php(124): Illuminate\\Filesystem\\Filesystem::Illuminate\\Filesystem\\{closure}()
#25 C:\\Users\\Doaa alsattari\\Downloads\\bank-graduation-project-main\\bank-graduation-project-main\\vendor\\laravel\\framework\\src\\Illuminate\\View\\Engines\\PhpEngine.php(57): Illuminate\\Filesystem\\Filesystem->getRequire('C:\\\\Users\\\\Doaa a...', Array)
#26 C:\\Users\\Doaa alsattari\\Downloads\\bank-graduation-project-main\\bank-graduation-project-main\\vendor\\laravel\\framework\\src\\Illuminate\\View\\Engines\\CompilerEngine.php(76): Illuminate\\View\\Engines\\PhpEngine->evaluatePath('C:\\\\Users\\\\Doaa a...', Array)
#27 C:\\Users\\Doaa alsattari\\Downloads\\bank-graduation-project-main\\bank-graduation-project-main\\vendor\\laravel\\framework\\src\\Illuminate\\View\\View.php(208): Illuminate\\View\\Engines\\CompilerEngine->get('C:\\\\Users\\\\Doaa a...', Array)
#28 C:\\Users\\Doaa alsattari\\Downloads\\bank-graduation-project-main\\bank-graduation-project-main\\vendor\\laravel\\framework\\src\\Illuminate\\View\\View.php(191): Illuminate\\View\\View->getContents()
#29 C:\\Users\\Doaa alsattari\\Downloads\\bank-graduation-project-main\\bank-graduation-project-main\\vendor\\laravel\\framework\\src\\Illuminate\\View\\View.php(160): Illuminate\\View\\View->renderContents()
#30 C:\\Users\\Doaa alsattari\\Downloads\\bank-graduation-project-main\\bank-graduation-project-main\\vendor\\laravel\\framework\\src\\Illuminate\\Http\\Response.php(78): Illuminate\\View\\View->render()
#31 C:\\Users\\Doaa alsattari\\Downloads\\bank-graduation-project-main\\bank-graduation-project-main\\vendor\\laravel\\framework\\src\\Illuminate\\Http\\Response.php(34): Illuminate\\Http\\Response->setContent(Object(Illuminate\\View\\View))
#32 C:\\Users\\Doaa alsattari\\Downloads\\bank-graduation-project-main\\bank-graduation-project-main\\vendor\\laravel\\framework\\src\\Illuminate\\Routing\\Router.php(939): Illuminate\\Http\\Response->__construct(Object(Illuminate\\View\\View), 200, Array)
#33 C:\\Users\\Doaa alsattari\\Downloads\\bank-graduation-project-main\\bank-graduation-project-main\\vendor\\laravel\\framework\\src\\Illuminate\\Routing\\Router.php(906): Illuminate\\Routing\\Router::toResponse(Object(Illuminate\\Http\\Request), Object(Illuminate\\View\\View))
#34 C:\\Users\\Doaa alsattari\\Downloads\\bank-graduation-project-main\\bank-graduation-project-main\\vendor\\laravel\\framework\\src\\Illuminate\\Routing\\Router.php(821): Illuminate\\Routing\\Router->prepareResponse(Object(Illuminate\\Http\\Request), Object(Illuminate\\View\\View))
#35 C:\\Users\\Doaa alsattari\\Downloads\\bank-graduation-project-main\\bank-graduation-project-main\\vendor\\laravel\\framework\\src\\Illuminate\\Pipeline\\Pipeline.php(180): Illuminate\\Routing\\Router->Illuminate\\Routing\\{closure}(Object(Illuminate\\Http\\Request))
#36 C:\\Users\\Doaa alsattari\\Downloads\\bank-graduation-project-main\\bank-graduation-project-main\\app\\Http\\Middleware\\SetLocale.php(28): Illuminate\\Pipeline\\Pipeline->Illuminate\\Pipeline\\{closure}(Object(Illuminate\\Http\\Request))
#37 C:\\Users\\Doaa alsattari\\Downloads\\bank-graduation-project-main\\bank-graduation-project-main\\vendor\\laravel\\framework\\src\\Illuminate\\Pipeline\\Pipeline.php(219): App\\Http\\Middleware\\SetLocale->handle(Object(Illuminate\\Http\\Request), Object(Closure))
#38 C:\\Users\\Doaa alsattari\\Downloads\\bank-graduation-project-main\\bank-graduation-project-main\\vendor\\laravel\\framework\\src\\Illuminate\\Routing\\Middleware\\SubstituteBindings.php(50): Illuminate\\Pipeline\\Pipeline->Illuminate\\Pipeline\\{closure}(Object(Illuminate\\Http\\Request))
#39 C:\\Users\\Doaa alsattari\\Downloads\\bank-graduation-project-main\\bank-graduation-project-main\\vendor\\laravel\\framework\\src\\Illuminate\\Pipeline\\Pipeline.php(219): Illuminate\\Routing\\Middleware\\SubstituteBindings->handle(Object(Illuminate\\Http\\Request), Object(Closure))
#40 C:\\Users\\Doaa alsattari\\Downloads\\bank-graduation-project-main\\bank-graduation-project-main\\vendor\\laravel\\framework\\src\\Illuminate\\Auth\\Middleware\\Authenticate.php(63): Illuminate\\Pipeline\\Pipeline->Illuminate\\Pipeline\\{closure}(Object(Illuminate\\Http\\Request))
#41 C:\\Users\\Doaa alsattari\\Downloads\\bank-graduation-project-main\\bank-graduation-project-main\\vendor\\laravel\\framework\\src\\Illuminate\\Pipeline\\Pipeline.php(219): Illuminate\\Auth\\Middleware\\Authenticate->handle(Object(Illuminate\\Http\\Request), Object(Closure))
#42 C:\\Users\\Doaa alsattari\\Downloads\\bank-graduation-project-main\\bank-graduation-project-main\\vendor\\laravel\\framework\\src\\Illuminate\\Foundation\\Http\\Middleware\\VerifyCsrfToken.php(87): Illuminate\\Pipeline\\Pipeline->Illuminate\\Pipeline\\{closure}(Object(Illuminate\\Http\\Request))
#43 C:\\Users\\Doaa alsattari\\Downloads\\bank-graduation-project-main\\bank-graduation-project-main\\vendor\\laravel\\framework\\src\\Illuminate\\Pipeline\\Pipeline.php(219): Illuminate\\Foundation\\Http\\Middleware\\VerifyCsrfToken->handle(Object(Illuminate\\Http\\Request), Object(Closure))
#44 C:\\Users\\Doaa alsattari\\Downloads\\bank-graduation-project-main\\bank-graduation-project-main\\vendor\\laravel\\framework\\src\\Illuminate\\View\\Middleware\\ShareErrorsFromSession.php(48): Illuminate\\Pipeline\\Pipeline->Illuminate\\Pipeline\\{closure}(Object(Illuminate\\Http\\Request))
#45 C:\\Users\\Doaa alsattari\\Downloads\\bank-graduation-project-main\\bank-graduation-project-main\\vendor\\laravel\\framework\\src\\Illuminate\\Pipeline\\Pipeline.php(219): Illuminate\\View\\Middleware\\ShareErrorsFromSession->handle(Object(Illuminate\\Http\\Request), Object(Closure))
#46 C:\\Users\\Doaa alsattari\\Downloads\\bank-graduation-project-main\\bank-graduation-project-main\\vendor\\laravel\\framework\\src\\Illuminate\\Session\\Middleware\\StartSession.php(120): Illuminate\\Pipeline\\Pipeline->Illuminate\\Pipeline\\{closure}(Object(Illuminate\\Http\\Request))
#47 C:\\Users\\Doaa alsattari\\Downloads\\bank-graduation-project-main\\bank-graduation-project-main\\vendor\\laravel\\framework\\src\\Illuminate\\Session\\Middleware\\StartSession.php(63): Illuminate\\Session\\Middleware\\StartSession->handleStatefulRequest(Object(Illuminate\\Http\\Request), Object(Illuminate\\Session\\Store), Object(Closure))
#48 C:\\Users\\Doaa alsattari\\Downloads\\bank-graduation-project-main\\bank-graduation-project-main\\vendor\\laravel\\framework\\src\\Illuminate\\Pipeline\\Pipeline.php(219): Illuminate\\Session\\Middleware\\StartSession->handle(Object(Illuminate\\Http\\Request), Object(Closure))
#49 C:\\Users\\Doaa alsattari\\Downloads\\bank-graduation-project-main\\bank-graduation-project-main\\vendor\\laravel\\framework\\src\\Illuminate\\Cookie\\Middleware\\AddQueuedCookiesToResponse.php(36): Illuminate\\Pipeline\\Pipeline->Illuminate\\Pipeline\\{closure}(Object(Illuminate\\Http\\Request))
#50 C:\\Users\\Doaa alsattari\\Downloads\\bank-graduation-project-main\\bank-graduation-project-main\\vendor\\laravel\\framework\\src\\Illuminate\\Pipeline\\Pipeline.php(219): Illuminate\\Cookie\\Middleware\\AddQueuedCookiesToResponse->handle(Object(Illuminate\\Http\\Request), Object(Closure))
#51 C:\\Users\\Doaa alsattari\\Downloads\\bank-graduation-project-main\\bank-graduation-project-main\\vendor\\laravel\\framework\\src\\Illuminate\\Cookie\\Middleware\\EncryptCookies.php(74): Illuminate\\Pipeline\\Pipeline->Illuminate\\Pipeline\\{closure}(Object(Illuminate\\Http\\Request))
#52 C:\\Users\\Doaa alsattari\\Downloads\\bank-graduation-project-main\\bank-graduation-project-main\\vendor\\laravel\\framework\\src\\Illuminate\\Pipeline\\Pipeline.php(219): Illuminate\\Cookie\\Middleware\\EncryptCookies->handle(Object(Illuminate\\Http\\Request), Object(Closure))
#53 C:\\Users\\Doaa alsattari\\Downloads\\bank-graduation-project-main\\bank-graduation-project-main\\vendor\\laravel\\framework\\src\\Illuminate\\Pipeline\\Pipeline.php(137): Illuminate\\Pipeline\\Pipeline->Illuminate\\Pipeline\\{closure}(Object(Illuminate\\Http\\Request))
#54 C:\\Users\\Doaa alsattari\\Downloads\\bank-graduation-project-main\\bank-graduation-project-main\\vendor\\laravel\\framework\\src\\Illuminate\\Routing\\Router.php(821): Illuminate\\Pipeline\\Pipeline->then(Object(Closure))
#55 C:\\Users\\Doaa alsattari\\Downloads\\bank-graduation-project-main\\bank-graduation-project-main\\vendor\\laravel\\framework\\src\\Illuminate\\Routing\\Router.php(800): Illuminate\\Routing\\Router->runRouteWithinStack(Object(Illuminate\\Routing\\Route), Object(Illuminate\\Http\\Request))
#56 C:\\Users\\Doaa alsattari\\Downloads\\bank-graduation-project-main\\bank-graduation-project-main\\vendor\\laravel\\framework\\src\\Illuminate\\Routing\\Router.php(764): Illuminate\\Routing\\Router->runRoute(Object(Illuminate\\Http\\Request), Object(Illuminate\\Routing\\Route))
#57 C:\\Users\\Doaa alsattari\\Downloads\\bank-graduation-project-main\\bank-graduation-project-main\\vendor\\laravel\\framework\\src\\Illuminate\\Routing\\Router.php(753): Illuminate\\Routing\\Router->dispatchToRoute(Object(Illuminate\\Http\\Request))
#58 C:\\Users\\Doaa alsattari\\Downloads\\bank-graduation-project-main\\bank-graduation-project-main\\vendor\\laravel\\framework\\src\\Illuminate\\Foundation\\Http\\Kernel.php(200): Illuminate\\Routing\\Router->dispatch(Object(Illuminate\\Http\\Request))
#59 C:\\Users\\Doaa alsattari\\Downloads\\bank-graduation-project-main\\bank-graduation-project-main\\vendor\\laravel\\framework\\src\\Illuminate\\Pipeline\\Pipeline.php(180): Illuminate\\Foundation\\Http\\Kernel->Illuminate\\Foundation\\Http\\{closure}(Object(Illuminate\\Http\\Request))
#60 C:\\Users\\Doaa alsattari\\Downloads\\bank-graduation-project-main\\bank-graduation-project-main\\vendor\\laravel\\framework\\src\\Illuminate\\Foundation\\Http\\Middleware\\TransformsRequest.php(21): Illuminate\\Pipeline\\Pipeline->Illuminate\\Pipeline\\{closure}(Object(Illuminate\\Http\\Request))
#61 C:\\Users\\Doaa alsattari\\Downloads\\bank-graduation-project-main\\bank-graduation-project-main\\vendor\\laravel\\framework\\src\\Illuminate\\Foundation\\Http\\Middleware\\ConvertEmptyStringsToNull.php(31): Illuminate\\Foundation\\Http\\Middleware\\TransformsRequest->handle(Object(Illuminate\\Http\\Request), Object(Closure))
#62 C:\\Users\\Doaa alsattari\\Downloads\\bank-graduation-project-main\\bank-graduation-project-main\\vendor\\laravel\\framework\\src\\Illuminate\\Pipeline\\Pipeline.php(219): Illuminate\\Foundation\\Http\\Middleware\\ConvertEmptyStringsToNull->handle(Object(Illuminate\\Http\\Request), Object(Closure))
#63 C:\\Users\\Doaa alsattari\\Downloads\\bank-graduation-project-main\\bank-graduation-project-main\\vendor\\laravel\\framework\\src\\Illuminate\\Foundation\\Http\\Middleware\\TransformsRequest.php(21): Illuminate\\Pipeline\\Pipeline->Illuminate\\Pipeline\\{closure}(Object(Illuminate\\Http\\Request))
#64 C:\\Users\\Doaa alsattari\\Downloads\\bank-graduation-project-main\\bank-graduation-project-main\\vendor\\laravel\\framework\\src\\Illuminate\\Foundation\\Http\\Middleware\\TrimStrings.php(51): Illuminate\\Foundation\\Http\\Middleware\\TransformsRequest->handle(Object(Illuminate\\Http\\Request), Object(Closure))
#65 C:\\Users\\Doaa alsattari\\Downloads\\bank-graduation-project-main\\bank-graduation-project-main\\vendor\\laravel\\framework\\src\\Illuminate\\Pipeline\\Pipeline.php(219): Illuminate\\Foundation\\Http\\Middleware\\TrimStrings->handle(Object(Illuminate\\Http\\Request), Object(Closure))
#66 C:\\Users\\Doaa alsattari\\Downloads\\bank-graduation-project-main\\bank-graduation-project-main\\vendor\\laravel\\framework\\src\\Illuminate\\Http\\Middleware\\ValidatePostSize.php(27): Illuminate\\Pipeline\\Pipeline->Illuminate\\Pipeline\\{closure}(Object(Illuminate\\Http\\Request))
#67 C:\\Users\\Doaa alsattari\\Downloads\\bank-graduation-project-main\\bank-graduation-project-main\\vendor\\laravel\\framework\\src\\Illuminate\\Pipeline\\Pipeline.php(219): Illuminate\\Http\\Middleware\\ValidatePostSize->handle(Object(Illuminate\\Http\\Request), Object(Closure))
#68 C:\\Users\\Doaa alsattari\\Downloads\\bank-graduation-project-main\\bank-graduation-project-main\\vendor\\laravel\\framework\\src\\Illuminate\\Foundation\\Http\\Middleware\\PreventRequestsDuringMaintenance.php(109): Illuminate\\Pipeline\\Pipeline->Illuminate\\Pipeline\\{closure}(Object(Illuminate\\Http\\Request))
#69 C:\\Users\\Doaa alsattari\\Downloads\\bank-graduation-project-main\\bank-graduation-project-main\\vendor\\laravel\\framework\\src\\Illuminate\\Pipeline\\Pipeline.php(219): Illuminate\\Foundation\\Http\\Middleware\\PreventRequestsDuringMaintenance->handle(Object(Illuminate\\Http\\Request), Object(Closure))
#70 C:\\Users\\Doaa alsattari\\Downloads\\bank-graduation-project-main\\bank-graduation-project-main\\vendor\\laravel\\framework\\src\\Illuminate\\Http\\Middleware\\HandleCors.php(48): Illuminate\\Pipeline\\Pipeline->Illuminate\\Pipeline\\{closure}(Object(Illuminate\\Http\\Request))
#71 C:\\Users\\Doaa alsattari\\Downloads\\bank-graduation-project-main\\bank-graduation-project-main\\vendor\\laravel\\framework\\src\\Illuminate\\Pipeline\\Pipeline.php(219): Illuminate\\Http\\Middleware\\HandleCors->handle(Object(Illuminate\\Http\\Request), Object(Closure))
#72 C:\\Users\\Doaa alsattari\\Downloads\\bank-graduation-project-main\\bank-graduation-project-main\\vendor\\laravel\\framework\\src\\Illuminate\\Http\\Middleware\\TrustProxies.php(58): Illuminate\\Pipeline\\Pipeline->Illuminate\\Pipeline\\{closure}(Object(Illuminate\\Http\\Request))
#73 C:\\Users\\Doaa alsattari\\Downloads\\bank-graduation-project-main\\bank-graduation-project-main\\vendor\\laravel\\framework\\src\\Illuminate\\Pipeline\\Pipeline.php(219): Illuminate\\Http\\Middleware\\TrustProxies->handle(Object(Illuminate\\Http\\Request), Object(Closure))
#74 C:\\Users\\Doaa alsattari\\Downloads\\bank-graduation-project-main\\bank-graduation-project-main\\vendor\\laravel\\framework\\src\\Illuminate\\Foundation\\Http\\Middleware\\InvokeDeferredCallbacks.php(22): Illuminate\\Pipeline\\Pipeline->Illuminate\\Pipeline\\{closure}(Object(Illuminate\\Http\\Request))
#75 C:\\Users\\Doaa alsattari\\Downloads\\bank-graduation-project-main\\bank-graduation-project-main\\vendor\\laravel\\framework\\src\\Illuminate\\Pipeline\\Pipeline.php(219): Illuminate\\Foundation\\Http\\Middleware\\InvokeDeferredCallbacks->handle(Object(Illuminate\\Http\\Request), Object(Closure))
#76 C:\\Users\\Doaa alsattari\\Downloads\\bank-graduation-project-main\\bank-graduation-project-main\\vendor\\laravel\\framework\\src\\Illuminate\\Http\\Middleware\\ValidatePathEncoding.php(26): Illuminate\\Pipeline\\Pipeline->Illuminate\\Pipeline\\{closure}(Object(Illuminate\\Http\\Request))
#77 C:\\Users\\Doaa alsattari\\Downloads\\bank-graduation-project-main\\bank-graduation-project-main\\vendor\\laravel\\framework\\src\\Illuminate\\Pipeline\\Pipeline.php(219): Illuminate\\Http\\Middleware\\ValidatePathEncoding->handle(Object(Illuminate\\Http\\Request), Object(Closure))
#78 C:\\Users\\Doaa alsattari\\Downloads\\bank-graduation-project-main\\bank-graduation-project-main\\vendor\\laravel\\framework\\src\\Illuminate\\Pipeline\\Pipeline.php(137): Illuminate\\Pipeline\\Pipeline->Illuminate\\Pipeline\\{closure}(Object(Illuminate\\Http\\Request))
#79 C:\\Users\\Doaa alsattari\\Downloads\\bank-graduation-project-main\\bank-graduation-project-main\\vendor\\laravel\\framework\\src\\Illuminate\\Foundation\\Http\\Kernel.php(175): Illuminate\\Pipeline\\Pipeline->then(Object(Closure))
#80 C:\\Users\\Doaa alsattari\\Downloads\\bank-graduation-project-main\\bank-graduation-project-main\\vendor\\laravel\\framework\\src\\Illuminate\\Foundation\\Http\\Kernel.php(144): Illuminate\\Foundation\\Http\\Kernel->sendRequestThroughRouter(Object(Illuminate\\Http\\Request))
#81 C:\\Users\\Doaa alsattari\\Downloads\\bank-graduation-project-main\\bank-graduation-project-main\\vendor\\laravel\\framework\\src\\Illuminate\\Foundation\\Application.php(1220): Illuminate\\Foundation\\Http\\Kernel->handle(Object(Illuminate\\Http\\Request))
#82 C:\\Users\\Doaa alsattari\\Downloads\\bank-graduation-project-main\\bank-graduation-project-main\\public\\index.php(20): Illuminate\\Foundation\\Application->handleRequest(Object(Illuminate\\Http\\Request))
#83 C:\\Users\\Doaa alsattari\\Downloads\\bank-graduation-project-main\\bank-graduation-project-main\\vendor\\laravel\\framework\\src\\Illuminate\\Foundation\\resources\\server.php(23): require_once('C:\\\\Users\\\\Doaa a...')
#84 {main}
"} 
[2025-10-17 14:54:03] local.ERROR: SQLSTATE[42S01]: Base table or view already exists: 1050 Table 'card_requests' already exists (Connection: mysql, SQL: create table `card_requests` (`id` bigint unsigned not null auto_increment primary key, `user_id` bigint unsigned not null, `card_type` enum('debit', 'credit') not null, `card_holder_name` varchar(255) not null, `status` enum('pending', 'approved', 'rejected') not null default 'pending', `card_id` bigint unsigned null, `approved_by` bigint unsigned null, `approved_at` timestamp null, `rejection_reason` text null, `created_at` timestamp null, `updated_at` timestamp null) default character set utf8mb4 collate 'utf8mb4_unicode_ci') {"exception":"[object] (Illuminate\\Database\\QueryException(code: 42S01): SQLSTATE[42S01]: Base table or view already exists: 1050 Table 'card_requests' already exists (Connection: mysql, SQL: create table `card_requests` (`id` bigint unsigned not null auto_increment primary key, `user_id` bigint unsigned not null, `card_type` enum('debit', 'credit') not null, `card_holder_name` varchar(255) not null, `status` enum('pending', 'approved', 'rejected') not null default 'pending', `card_id` bigint unsigned null, `approved_by` bigint unsigned null, `approved_at` timestamp null, `rejection_reason` text null, `created_at` timestamp null, `updated_at` timestamp null) default character set utf8mb4 collate 'utf8mb4_unicode_ci') at C:\\Users\\Doaa alsattari\\Downloads\\bank-graduation-project-main\\bank-graduation-project-main\\vendor\\laravel\\framework\\src\\Illuminate\\Database\\Connection.php:824)
[stacktrace]
#0 C:\\Users\\Doaa alsattari\\Downloads\\bank-graduation-project-main\\bank-graduation-project-main\\vendor\\laravel\\framework\\src\\Illuminate\\Database\\Connection.php(778): Illuminate\\Database\\Connection->runQueryCallback('create table `c...', Array, Object(Closure))
#1 C:\\Users\\Doaa alsattari\\Downloads\\bank-graduation-project-main\\bank-graduation-project-main\\vendor\\laravel\\framework\\src\\Illuminate\\Database\\Connection.php(559): Illuminate\\Database\\Connection->run('create table `c...', Array, Object(Closure))
#2 C:\\Users\\Doaa alsattari\\Downloads\\bank-graduation-project-main\\bank-graduation-project-main\\vendor\\laravel\\framework\\src\\Illuminate\\Database\\Schema\\Blueprint.php(121): Illuminate\\Database\\Connection->statement('create table `c...')
#3 C:\\Users\\Doaa alsattari\\Downloads\\bank-graduation-project-main\\bank-graduation-project-main\\vendor\\laravel\\framework\\src\\Illuminate\\Database\\Schema\\Builder.php(618): Illuminate\\Database\\Schema\\Blueprint->build()
#4 C:\\Users\\Doaa alsattari\\Downloads\\bank-graduation-project-main\\bank-graduation-project-main\\vendor\\laravel\\framework\\src\\Illuminate\\Database\\Schema\\Builder.php(472): Illuminate\\Database\\Schema\\Builder->build(Object(Illuminate\\Database\\Schema\\Blueprint))
#5 C:\\Users\\Doaa alsattari\\Downloads\\bank-graduation-project-main\\bank-graduation-project-main\\vendor\\laravel\\framework\\src\\Illuminate\\Support\\Facades\\Facade.php(363): Illuminate\\Database\\Schema\\Builder->create('card_requests', Object(Closure))
#6 C:\\Users\\Doaa alsattari\\Downloads\\bank-graduation-project-main\\bank-graduation-project-main\\database\\migrations\\2025_10_14_144459_create_card_requests_table.php(14): Illuminate\\Support\\Facades\\Facade::__callStatic('create', Array)
#7 C:\\Users\\Doaa alsattari\\Downloads\\bank-graduation-project-main\\bank-graduation-project-main\\vendor\\laravel\\framework\\src\\Illuminate\\Database\\Migrations\\Migrator.php(514): Illuminate\\Database\\Migrations\\Migration@anonymous->up()
#8 C:\\Users\\Doaa alsattari\\Downloads\\bank-graduation-project-main\\bank-graduation-project-main\\vendor\\laravel\\framework\\src\\Illuminate\\Database\\Migrations\\Migrator.php(439): Illuminate\\Database\\Migrations\\Migrator->runMethod(Object(Illuminate\\Database\\MySqlConnection), Object(Illuminate\\Database\\Migrations\\Migration@anonymous), 'up')
#9 C:\\Users\\Doaa alsattari\\Downloads\\bank-graduation-project-main\\bank-graduation-project-main\\vendor\\laravel\\framework\\src\\Illuminate\\Database\\Migrations\\Migrator.php(448): Illuminate\\Database\\Migrations\\Migrator->Illuminate\\Database\\Migrations\\{closure}()
#10 C:\\Users\\Doaa alsattari\\Downloads\\bank-graduation-project-main\\bank-graduation-project-main\\vendor\\laravel\\framework\\src\\Illuminate\\Database\\Migrations\\Migrator.php(250): Illuminate\\Database\\Migrations\\Migrator->runMigration(Object(Illuminate\\Database\\Migrations\\Migration@anonymous), 'up')
#11 C:\\Users\\Doaa alsattari\\Downloads\\bank-graduation-project-main\\bank-graduation-project-main\\vendor\\laravel\\framework\\src\\Illuminate\\Console\\View\\Components\\Task.php(41): Illuminate\\Database\\Migrations\\Migrator->Illuminate\\Database\\Migrations\\{closure}()
#12 C:\\Users\\Doaa alsattari\\Downloads\\bank-graduation-project-main\\bank-graduation-project-main\\vendor\\laravel\\framework\\src\\Illuminate\\Database\\Migrations\\Migrator.php(809): Illuminate\\Console\\View\\Components\\Task->render('2025_10_14_1444...', Object(Closure))
#13 C:\\Users\\Doaa alsattari\\Downloads\\bank-graduation-project-main\\bank-graduation-project-main\\vendor\\laravel\\framework\\src\\Illuminate\\Database\\Migrations\\Migrator.php(250): Illuminate\\Database\\Migrations\\Migrator->write('Illuminate\\\\Cons...', '2025_10_14_1444...', Object(Closure))
#14 C:\\Users\\Doaa alsattari\\Downloads\\bank-graduation-project-main\\bank-graduation-project-main\\vendor\\laravel\\framework\\src\\Illuminate\\Database\\Migrations\\Migrator.php(210): Illuminate\\Database\\Migrations\\Migrator->runUp('C:\\\\Users\\\\Doaa a...', 2, false)
#15 C:\\Users\\Doaa alsattari\\Downloads\\bank-graduation-project-main\\bank-graduation-project-main\\vendor\\laravel\\framework\\src\\Illuminate\\Database\\Migrations\\Migrator.php(137): Illuminate\\Database\\Migrations\\Migrator->runPending(Array, Array)
#16 C:\\Users\\Doaa alsattari\\Downloads\\bank-graduation-project-main\\bank-graduation-project-main\\vendor\\laravel\\framework\\src\\Illuminate\\Database\\Console\\Migrations\\MigrateCommand.php(116): Illuminate\\Database\\Migrations\\Migrator->run(Array, Array)
#17 C:\\Users\\Doaa alsattari\\Downloads\\bank-graduation-project-main\\bank-graduation-project-main\\vendor\\laravel\\framework\\src\\Illuminate\\Database\\Migrations\\Migrator.php(666): Illuminate\\Database\\Console\\Migrations\\MigrateCommand->Illuminate\\Database\\Console\\Migrations\\{closure}()
#18 C:\\Users\\Doaa alsattari\\Downloads\\bank-graduation-project-main\\bank-graduation-project-main\\vendor\\laravel\\framework\\src\\Illuminate\\Database\\Console\\Migrations\\MigrateCommand.php(109): Illuminate\\Database\\Migrations\\Migrator->usingConnection(NULL, Object(Closure))
#19 C:\\Users\\Doaa alsattari\\Downloads\\bank-graduation-project-main\\bank-graduation-project-main\\vendor\\laravel\\framework\\src\\Illuminate\\Database\\Console\\Migrations\\MigrateCommand.php(88): Illuminate\\Database\\Console\\Migrations\\MigrateCommand->runMigrations()
#20 C:\\Users\\Doaa alsattari\\Downloads\\bank-graduation-project-main\\bank-graduation-project-main\\vendor\\laravel\\framework\\src\\Illuminate\\Container\\BoundMethod.php(36): Illuminate\\Database\\Console\\Migrations\\MigrateCommand->handle()
#21 C:\\Users\\Doaa alsattari\\Downloads\\bank-graduation-project-main\\bank-graduation-project-main\\vendor\\laravel\\framework\\src\\Illuminate\\Container\\Util.php(43): Illuminate\\Container\\BoundMethod::Illuminate\\Container\\{closure}()
#22 C:\\Users\\Doaa alsattari\\Downloads\\bank-graduation-project-main\\bank-graduation-project-main\\vendor\\laravel\\framework\\src\\Illuminate\\Container\\BoundMethod.php(96): Illuminate\\Container\\Util::unwrapIfClosure(Object(Closure))
#23 C:\\Users\\Doaa alsattari\\Downloads\\bank-graduation-project-main\\bank-graduation-project-main\\vendor\\laravel\\framework\\src\\Illuminate\\Container\\BoundMethod.php(35): Illuminate\\Container\\BoundMethod::callBoundMethod(Object(Illuminate\\Foundation\\Application), Array, Object(Closure))
#24 C:\\Users\\Doaa alsattari\\Downloads\\bank-graduation-project-main\\bank-graduation-project-main\\vendor\\laravel\\framework\\src\\Illuminate\\Container\\Container.php(836): Illuminate\\Container\\BoundMethod::call(Object(Illuminate\\Foundation\\Application), Array, Array, NULL)
#25 C:\\Users\\Doaa alsattari\\Downloads\\bank-graduation-project-main\\bank-graduation-project-main\\vendor\\laravel\\framework\\src\\Illuminate\\Console\\Command.php(211): Illuminate\\Container\\Container->call(Array)
#26 C:\\Users\\Doaa alsattari\\Downloads\\bank-graduation-project-main\\bank-graduation-project-main\\vendor\\symfony\\console\\Command\\Command.php(318): Illuminate\\Console\\Command->execute(Object(Symfony\\Component\\Console\\Input\\ArgvInput), Object(Illuminate\\Console\\OutputStyle))
#27 C:\\Users\\Doaa alsattari\\Downloads\\bank-graduation-project-main\\bank-graduation-project-main\\vendor\\laravel\\framework\\src\\Illuminate\\Console\\Command.php(180): Symfony\\Component\\Console\\Command\\Command->run(Object(Symfony\\Component\\Console\\Input\\ArgvInput), Object(Illuminate\\Console\\OutputStyle))
#28 C:\\Users\\Doaa alsattari\\Downloads\\bank-graduation-project-main\\bank-graduation-project-main\\vendor\\symfony\\console\\Application.php(1110): Illuminate\\Console\\Command->run(Object(Symfony\\Component\\Console\\Input\\ArgvInput), Object(Symfony\\Component\\Console\\Output\\ConsoleOutput))
#29 C:\\Users\\Doaa alsattari\\Downloads\\bank-graduation-project-main\\bank-graduation-project-main\\vendor\\symfony\\console\\Application.php(359): Symfony\\Component\\Console\\Application->doRunCommand(Object(Illuminate\\Database\\Console\\Migrations\\MigrateCommand), Object(Symfony\\Component\\Console\\Input\\ArgvInput), Object(Symfony\\Component\\Console\\Output\\ConsoleOutput))
#30 C:\\Users\\Doaa alsattari\\Downloads\\bank-graduation-project-main\\bank-graduation-project-main\\vendor\\symfony\\console\\Application.php(194): Symfony\\Component\\Console\\Application->doRun(Object(Symfony\\Component\\Console\\Input\\ArgvInput), Object(Symfony\\Component\\Console\\Output\\ConsoleOutput))
#31 C:\\Users\\Doaa alsattari\\Downloads\\bank-graduation-project-main\\bank-graduation-project-main\\vendor\\laravel\\framework\\src\\Illuminate\\Foundation\\Console\\Kernel.php(197): Symfony\\Component\\Console\\Application->run(Object(Symfony\\Component\\Console\\Input\\ArgvInput), Object(Symfony\\Component\\Console\\Output\\ConsoleOutput))
#32 C:\\Users\\Doaa alsattari\\Downloads\\bank-graduation-project-main\\bank-graduation-project-main\\vendor\\laravel\\framework\\src\\Illuminate\\Foundation\\Application.php(1235): Illuminate\\Foundation\\Console\\Kernel->handle(Object(Symfony\\Component\\Console\\Input\\ArgvInput), Object(Symfony\\Component\\Console\\Output\\ConsoleOutput))
#33 C:\\Users\\Doaa alsattari\\Downloads\\bank-graduation-project-main\\bank-graduation-project-main\\artisan(16): Illuminate\\Foundation\\Application->handleCommand(Object(Symfony\\Component\\Console\\Input\\ArgvInput))
#34 {main}

[previous exception] [object] (PDOException(code: 42S01): SQLSTATE[42S01]: Base table or view already exists: 1050 Table 'card_requests' already exists at C:\\Users\\Doaa alsattari\\Downloads\\bank-graduation-project-main\\bank-graduation-project-main\\vendor\\laravel\\framework\\src\\Illuminate\\Database\\Connection.php:570)
[stacktrace]
#0 C:\\Users\\Doaa alsattari\\Downloads\\bank-graduation-project-main\\bank-graduation-project-main\\vendor\\laravel\\framework\\src\\Illuminate\\Database\\Connection.php(570): PDOStatement->execute()
#1 C:\\Users\\Doaa alsattari\\Downloads\\bank-graduation-project-main\\bank-graduation-project-main\\vendor\\laravel\\framework\\src\\Illuminate\\Database\\Connection.php(811): Illuminate\\Database\\Connection->Illuminate\\Database\\{closure}('create table `c...', Array)
#2 C:\\Users\\Doaa alsattari\\Downloads\\bank-graduation-project-main\\bank-graduation-project-main\\vendor\\laravel\\framework\\src\\Illuminate\\Database\\Connection.php(778): Illuminate\\Database\\Connection->runQueryCallback('create table `c...', Array, Object(Closure))
#3 C:\\Users\\Doaa alsattari\\Downloads\\bank-graduation-project-main\\bank-graduation-project-main\\vendor\\laravel\\framework\\src\\Illuminate\\Database\\Connection.php(559): Illuminate\\Database\\Connection->run('create table `c...', Array, Object(Closure))
#4 C:\\Users\\Doaa alsattari\\Downloads\\bank-graduation-project-main\\bank-graduation-project-main\\vendor\\laravel\\framework\\src\\Illuminate\\Database\\Schema\\Blueprint.php(121): Illuminate\\Database\\Connection->statement('create table `c...')
#5 C:\\Users\\Doaa alsattari\\Downloads\\bank-graduation-project-main\\bank-graduation-project-main\\vendor\\laravel\\framework\\src\\Illuminate\\Database\\Schema\\Builder.php(618): Illuminate\\Database\\Schema\\Blueprint->build()
#6 C:\\Users\\Doaa alsattari\\Downloads\\bank-graduation-project-main\\bank-graduation-project-main\\vendor\\laravel\\framework\\src\\Illuminate\\Database\\Schema\\Builder.php(472): Illuminate\\Database\\Schema\\Builder->build(Object(Illuminate\\Database\\Schema\\Blueprint))
#7 C:\\Users\\Doaa alsattari\\Downloads\\bank-graduation-project-main\\bank-graduation-project-main\\vendor\\laravel\\framework\\src\\Illuminate\\Support\\Facades\\Facade.php(363): Illuminate\\Database\\Schema\\Builder->create('card_requests', Object(Closure))
#8 C:\\Users\\Doaa alsattari\\Downloads\\bank-graduation-project-main\\bank-graduation-project-main\\database\\migrations\\2025_10_14_144459_create_card_requests_table.php(14): Illuminate\\Support\\Facades\\Facade::__callStatic('create', Array)
#9 C:\\Users\\Doaa alsattari\\Downloads\\bank-graduation-project-main\\bank-graduation-project-main\\vendor\\laravel\\framework\\src\\Illuminate\\Database\\Migrations\\Migrator.php(514): Illuminate\\Database\\Migrations\\Migration@anonymous->up()
#10 C:\\Users\\Doaa alsattari\\Downloads\\bank-graduation-project-main\\bank-graduation-project-main\\vendor\\laravel\\framework\\src\\Illuminate\\Database\\Migrations\\Migrator.php(439): Illuminate\\Database\\Migrations\\Migrator->runMethod(Object(Illuminate\\Database\\MySqlConnection), Object(Illuminate\\Database\\Migrations\\Migration@anonymous), 'up')
#11 C:\\Users\\Doaa alsattari\\Downloads\\bank-graduation-project-main\\bank-graduation-project-main\\vendor\\laravel\\framework\\src\\Illuminate\\Database\\Migrations\\Migrator.php(448): Illuminate\\Database\\Migrations\\Migrator->Illuminate\\Database\\Migrations\\{closure}()
#12 C:\\Users\\Doaa alsattari\\Downloads\\bank-graduation-project-main\\bank-graduation-project-main\\vendor\\laravel\\framework\\src\\Illuminate\\Database\\Migrations\\Migrator.php(250): Illuminate\\Database\\Migrations\\Migrator->runMigration(Object(Illuminate\\Database\\Migrations\\Migration@anonymous), 'up')
#13 C:\\Users\\Doaa alsattari\\Downloads\\bank-graduation-project-main\\bank-graduation-project-main\\vendor\\laravel\\framework\\src\\Illuminate\\Console\\View\\Components\\Task.php(41): Illuminate\\Database\\Migrations\\Migrator->Illuminate\\Database\\Migrations\\{closure}()
#14 C:\\Users\\Doaa alsattari\\Downloads\\bank-graduation-project-main\\bank-graduation-project-main\\vendor\\laravel\\framework\\src\\Illuminate\\Database\\Migrations\\Migrator.php(809): Illuminate\\Console\\View\\Components\\Task->render('2025_10_14_1444...', Object(Closure))
#15 C:\\Users\\Doaa alsattari\\Downloads\\bank-graduation-project-main\\bank-graduation-project-main\\vendor\\laravel\\framework\\src\\Illuminate\\Database\\Migrations\\Migrator.php(250): Illuminate\\Database\\Migrations\\Migrator->write('Illuminate\\\\Cons...', '2025_10_14_1444...', Object(Closure))
#16 C:\\Users\\Doaa alsattari\\Downloads\\bank-graduation-project-main\\bank-graduation-project-main\\vendor\\laravel\\framework\\src\\Illuminate\\Database\\Migrations\\Migrator.php(210): Illuminate\\Database\\Migrations\\Migrator->runUp('C:\\\\Users\\\\Doaa a...', 2, false)
#17 C:\\Users\\Doaa alsattari\\Downloads\\bank-graduation-project-main\\bank-graduation-project-main\\vendor\\laravel\\framework\\src\\Illuminate\\Database\\Migrations\\Migrator.php(137): Illuminate\\Database\\Migrations\\Migrator->runPending(Array, Array)
#18 C:\\Users\\Doaa alsattari\\Downloads\\bank-graduation-project-main\\bank-graduation-project-main\\vendor\\laravel\\framework\\src\\Illuminate\\Database\\Console\\Migrations\\MigrateCommand.php(116): Illuminate\\Database\\Migrations\\Migrator->run(Array, Array)
#19 C:\\Users\\Doaa alsattari\\Downloads\\bank-graduation-project-main\\bank-graduation-project-main\\vendor\\laravel\\framework\\src\\Illuminate\\Database\\Migrations\\Migrator.php(666): Illuminate\\Database\\Console\\Migrations\\MigrateCommand->Illuminate\\Database\\Console\\Migrations\\{closure}()
#20 C:\\Users\\Doaa alsattari\\Downloads\\bank-graduation-project-main\\bank-graduation-project-main\\vendor\\laravel\\framework\\src\\Illuminate\\Database\\Console\\Migrations\\MigrateCommand.php(109): Illuminate\\Database\\Migrations\\Migrator->usingConnection(NULL, Object(Closure))
#21 C:\\Users\\Doaa alsattari\\Downloads\\bank-graduation-project-main\\bank-graduation-project-main\\vendor\\laravel\\framework\\src\\Illuminate\\Database\\Console\\Migrations\\MigrateCommand.php(88): Illuminate\\Database\\Console\\Migrations\\MigrateCommand->runMigrations()
#22 C:\\Users\\Doaa alsattari\\Downloads\\bank-graduation-project-main\\bank-graduation-project-main\\vendor\\laravel\\framework\\src\\Illuminate\\Container\\BoundMethod.php(36): Illuminate\\Database\\Console\\Migrations\\MigrateCommand->handle()
#23 C:\\Users\\Doaa alsattari\\Downloads\\bank-graduation-project-main\\bank-graduation-project-main\\vendor\\laravel\\framework\\src\\Illuminate\\Container\\Util.php(43): Illuminate\\Container\\BoundMethod::Illuminate\\Container\\{closure}()
#24 C:\\Users\\Doaa alsattari\\Downloads\\bank-graduation-project-main\\bank-graduation-project-main\\vendor\\laravel\\framework\\src\\Illuminate\\Container\\BoundMethod.php(96): Illuminate\\Container\\Util::unwrapIfClosure(Object(Closure))
#25 C:\\Users\\Doaa alsattari\\Downloads\\bank-graduation-project-main\\bank-graduation-project-main\\vendor\\laravel\\framework\\src\\Illuminate\\Container\\BoundMethod.php(35): Illuminate\\Container\\BoundMethod::callBoundMethod(Object(Illuminate\\Foundation\\Application), Array, Object(Closure))
#26 C:\\Users\\Doaa alsattari\\Downloads\\bank-graduation-project-main\\bank-graduation-project-main\\vendor\\laravel\\framework\\src\\Illuminate\\Container\\Container.php(836): Illuminate\\Container\\BoundMethod::call(Object(Illuminate\\Foundation\\Application), Array, Array, NULL)
#27 C:\\Users\\Doaa alsattari\\Downloads\\bank-graduation-project-main\\bank-graduation-project-main\\vendor\\laravel\\framework\\src\\Illuminate\\Console\\Command.php(211): Illuminate\\Container\\Container->call(Array)
#28 C:\\Users\\Doaa alsattari\\Downloads\\bank-graduation-project-main\\bank-graduation-project-main\\vendor\\symfony\\console\\Command\\Command.php(318): Illuminate\\Console\\Command->execute(Object(Symfony\\Component\\Console\\Input\\ArgvInput), Object(Illuminate\\Console\\OutputStyle))
#29 C:\\Users\\Doaa alsattari\\Downloads\\bank-graduation-project-main\\bank-graduation-project-main\\vendor\\laravel\\framework\\src\\Illuminate\\Console\\Command.php(180): Symfony\\Component\\Console\\Command\\Command->run(Object(Symfony\\Component\\Console\\Input\\ArgvInput), Object(Illuminate\\Console\\OutputStyle))
#30 C:\\Users\\Doaa alsattari\\Downloads\\bank-graduation-project-main\\bank-graduation-project-main\\vendor\\symfony\\console\\Application.php(1110): Illuminate\\Console\\Command->run(Object(Symfony\\Component\\Console\\Input\\ArgvInput), Object(Symfony\\Component\\Console\\Output\\ConsoleOutput))
#31 C:\\Users\\Doaa alsattari\\Downloads\\bank-graduation-project-main\\bank-graduation-project-main\\vendor\\symfony\\console\\Application.php(359): Symfony\\Component\\Console\\Application->doRunCommand(Object(Illuminate\\Database\\Console\\Migrations\\MigrateCommand), Object(Symfony\\Component\\Console\\Input\\ArgvInput), Object(Symfony\\Component\\Console\\Output\\ConsoleOutput))
#32 C:\\Users\\Doaa alsattari\\Downloads\\bank-graduation-project-main\\bank-graduation-project-main\\vendor\\symfony\\console\\Application.php(194): Symfony\\Component\\Console\\Application->doRun(Object(Symfony\\Component\\Console\\Input\\ArgvInput), Object(Symfony\\Component\\Console\\Output\\ConsoleOutput))
#33 C:\\Users\\Doaa alsattari\\Downloads\\bank-graduation-project-main\\bank-graduation-project-main\\vendor\\laravel\\framework\\src\\Illuminate\\Foundation\\Console\\Kernel.php(197): Symfony\\Component\\Console\\Application->run(Object(Symfony\\Component\\Console\\Input\\ArgvInput), Object(Symfony\\Component\\Console\\Output\\ConsoleOutput))
#34 C:\\Users\\Doaa alsattari\\Downloads\\bank-graduation-project-main\\bank-graduation-project-main\\vendor\\laravel\\framework\\src\\Illuminate\\Foundation\\Application.php(1235): Illuminate\\Foundation\\Console\\Kernel->handle(Object(Symfony\\Component\\Console\\Input\\ArgvInput), Object(Symfony\\Component\\Console\\Output\\ConsoleOutput))
#35 C:\\Users\\Doaa alsattari\\Downloads\\bank-graduation-project-main\\bank-graduation-project-main\\artisan(16): Illuminate\\Foundation\\Application->handleCommand(Object(Symfony\\Component\\Console\\Input\\ArgvInput))
#36 {main}
"} 
[2025-10-20 12:00:40] local.ERROR: SQLSTATE[23000]: Integrity constraint violation: 1062 Duplicate entry 'super@example.com' for key 'merchants_email_unique' (Connection: mysql, SQL: insert into `merchants` (`name`, `business_type`, `email`, `phone`, `merchant_id`, `is_verified`, `updated_at`, `created_at`) values (Super-Pharm, صيدلية, super@example.com, 972501234567, MER454303, 1, 2025-10-20 12:00:38, 2025-10-20 12:00:38)) {"exception":"[object] (Illuminate\\Database\\UniqueConstraintViolationException(code: 23000): SQLSTATE[23000]: Integrity constraint violation: 1062 Duplicate entry 'super@example.com' for key 'merchants_email_unique' (Connection: mysql, SQL: insert into `merchants` (`name`, `business_type`, `email`, `phone`, `merchant_id`, `is_verified`, `updated_at`, `created_at`) values (Super-Pharm, صيدلية, super@example.com, 972501234567, MER454303, 1, 2025-10-20 12:00:38, 2025-10-20 12:00:38)) at C:\\Users\\Doaa alsattari\\Downloads\\bank-graduation-project-main\\bank-graduation-project-main\\vendor\\laravel\\framework\\src\\Illuminate\\Database\\Connection.php:819)
[stacktrace]
#0 C:\\Users\\Doaa alsattari\\Downloads\\bank-graduation-project-main\\bank-graduation-project-main\\vendor\\laravel\\framework\\src\\Illuminate\\Database\\Connection.php(778): Illuminate\\Database\\Connection->runQueryCallback('insert into `me...', Array, Object(Closure))
#1 C:\\Users\\Doaa alsattari\\Downloads\\bank-graduation-project-main\\bank-graduation-project-main\\vendor\\laravel\\framework\\src\\Illuminate\\Database\\MySqlConnection.php(42): Illuminate\\Database\\Connection->run('insert into `me...', Array, Object(Closure))
#2 C:\\Users\\Doaa alsattari\\Downloads\\bank-graduation-project-main\\bank-graduation-project-main\\vendor\\laravel\\framework\\src\\Illuminate\\Database\\Query\\Processors\\MySqlProcessor.php(35): Illuminate\\Database\\MySqlConnection->insert('insert into `me...', Array, 'id')
#3 C:\\Users\\Doaa alsattari\\Downloads\\bank-graduation-project-main\\bank-graduation-project-main\\vendor\\laravel\\framework\\src\\Illuminate\\Database\\Query\\Builder.php(3853): Illuminate\\Database\\Query\\Processors\\MySqlProcessor->processInsertGetId(Object(Illuminate\\Database\\Query\\Builder), 'insert into `me...', Array, 'id')
#4 C:\\Users\\Doaa alsattari\\Downloads\\bank-graduation-project-main\\bank-graduation-project-main\\vendor\\laravel\\framework\\src\\Illuminate\\Database\\Eloquent\\Builder.php(2235): Illuminate\\Database\\Query\\Builder->insertGetId(Array, 'id')
#5 C:\\Users\\Doaa alsattari\\Downloads\\bank-graduation-project-main\\bank-graduation-project-main\\vendor\\laravel\\framework\\src\\Illuminate\\Database\\Eloquent\\Model.php(1436): Illuminate\\Database\\Eloquent\\Builder->__call('insertGetId', Array)
#6 C:\\Users\\Doaa alsattari\\Downloads\\bank-graduation-project-main\\bank-graduation-project-main\\vendor\\laravel\\framework\\src\\Illuminate\\Database\\Eloquent\\Model.php(1401): Illuminate\\Database\\Eloquent\\Model->insertAndSetId(Object(Illuminate\\Database\\Eloquent\\Builder), Array)
#7 C:\\Users\\Doaa alsattari\\Downloads\\bank-graduation-project-main\\bank-graduation-project-main\\vendor\\laravel\\framework\\src\\Illuminate\\Database\\Eloquent\\Model.php(1240): Illuminate\\Database\\Eloquent\\Model->performInsert(Object(Illuminate\\Database\\Eloquent\\Builder))
#8 C:\\Users\\Doaa alsattari\\Downloads\\bank-graduation-project-main\\bank-graduation-project-main\\vendor\\laravel\\framework\\src\\Illuminate\\Database\\Eloquent\\Builder.php(1219): Illuminate\\Database\\Eloquent\\Model->save()
#9 C:\\Users\\Doaa alsattari\\Downloads\\bank-graduation-project-main\\bank-graduation-project-main\\vendor\\laravel\\framework\\src\\Illuminate\\Support\\helpers.php(390): Illuminate\\Database\\Eloquent\\Builder->Illuminate\\Database\\Eloquent\\{closure}(Object(App\\Models\\Merchant))
#10 C:\\Users\\Doaa alsattari\\Downloads\\bank-graduation-project-main\\bank-graduation-project-main\\vendor\\laravel\\framework\\src\\Illuminate\\Database\\Eloquent\\Builder.php(1218): tap(Object(App\\Models\\Merchant), Object(Closure))
#11 C:\\Users\\Doaa alsattari\\Downloads\\bank-graduation-project-main\\bank-graduation-project-main\\vendor\\laravel\\framework\\src\\Illuminate\\Support\\Traits\\ForwardsCalls.php(23): Illuminate\\Database\\Eloquent\\Builder->create(Array)
#12 C:\\Users\\Doaa alsattari\\Downloads\\bank-graduation-project-main\\bank-graduation-project-main\\vendor\\laravel\\framework\\src\\Illuminate\\Database\\Eloquent\\Model.php(2540): Illuminate\\Database\\Eloquent\\Model->forwardCallTo(Object(Illuminate\\Database\\Eloquent\\Builder), 'create', Array)
#13 C:\\Users\\Doaa alsattari\\Downloads\\bank-graduation-project-main\\bank-graduation-project-main\\vendor\\laravel\\framework\\src\\Illuminate\\Database\\Eloquent\\Model.php(2556): Illuminate\\Database\\Eloquent\\Model->__call('create', Array)
#14 C:\\Users\\Doaa alsattari\\Downloads\\bank-graduation-project-main\\bank-graduation-project-main\\database\\seeders\\DatabaseSeeder.php(27): Illuminate\\Database\\Eloquent\\Model::__callStatic('create', Array)
#15 C:\\Users\\Doaa alsattari\\Downloads\\bank-graduation-project-main\\bank-graduation-project-main\\vendor\\laravel\\framework\\src\\Illuminate\\Container\\BoundMethod.php(36): Database\\Seeders\\DatabaseSeeder->run()
#16 C:\\Users\\Doaa alsattari\\Downloads\\bank-graduation-project-main\\bank-graduation-project-main\\vendor\\laravel\\framework\\src\\Illuminate\\Container\\Util.php(43): Illuminate\\Container\\BoundMethod::Illuminate\\Container\\{closure}()
#17 C:\\Users\\Doaa alsattari\\Downloads\\bank-graduation-project-main\\bank-graduation-project-main\\vendor\\laravel\\framework\\src\\Illuminate\\Container\\BoundMethod.php(96): Illuminate\\Container\\Util::unwrapIfClosure(Object(Closure))
#18 C:\\Users\\Doaa alsattari\\Downloads\\bank-graduation-project-main\\bank-graduation-project-main\\vendor\\laravel\\framework\\src\\Illuminate\\Container\\BoundMethod.php(35): Illuminate\\Container\\BoundMethod::callBoundMethod(Object(Illuminate\\Foundation\\Application), Array, Object(Closure))
#19 C:\\Users\\Doaa alsattari\\Downloads\\bank-graduation-project-main\\bank-graduation-project-main\\vendor\\laravel\\framework\\src\\Illuminate\\Container\\Container.php(836): Illuminate\\Container\\BoundMethod::call(Object(Illuminate\\Foundation\\Application), Array, Array, NULL)
#20 C:\\Users\\Doaa alsattari\\Downloads\\bank-graduation-project-main\\bank-graduation-project-main\\vendor\\laravel\\framework\\src\\Illuminate\\Database\\Seeder.php(184): Illuminate\\Container\\Container->call(Array, Array)
#21 C:\\Users\\Doaa alsattari\\Downloads\\bank-graduation-project-main\\bank-graduation-project-main\\vendor\\laravel\\framework\\src\\Illuminate\\Database\\Seeder.php(193): Illuminate\\Database\\Seeder->Illuminate\\Database\\{closure}()
#22 C:\\Users\\Doaa alsattari\\Downloads\\bank-graduation-project-main\\bank-graduation-project-main\\vendor\\laravel\\framework\\src\\Illuminate\\Database\\Console\\Seeds\\SeedCommand.php(71): Illuminate\\Database\\Seeder->__invoke()
#23 C:\\Users\\Doaa alsattari\\Downloads\\bank-graduation-project-main\\bank-graduation-project-main\\vendor\\laravel\\framework\\src\\Illuminate\\Database\\Eloquent\\Concerns\\GuardsAttributes.php(157): Illuminate\\Database\\Console\\Seeds\\SeedCommand->Illuminate\\Database\\Console\\Seeds\\{closure}()
#24 C:\\Users\\Doaa alsattari\\Downloads\\bank-graduation-project-main\\bank-graduation-project-main\\vendor\\laravel\\framework\\src\\Illuminate\\Database\\Console\\Seeds\\SeedCommand.php(70): Illuminate\\Database\\Eloquent\\Model::unguarded(Object(Closure))
#25 C:\\Users\\Doaa alsattari\\Downloads\\bank-graduation-project-main\\bank-graduation-project-main\\vendor\\laravel\\framework\\src\\Illuminate\\Container\\BoundMethod.php(36): Illuminate\\Database\\Console\\Seeds\\SeedCommand->handle()
#26 C:\\Users\\Doaa alsattari\\Downloads\\bank-graduation-project-main\\bank-graduation-project-main\\vendor\\laravel\\framework\\src\\Illuminate\\Container\\Util.php(43): Illuminate\\Container\\BoundMethod::Illuminate\\Container\\{closure}()
#27 C:\\Users\\Doaa alsattari\\Downloads\\bank-graduation-project-main\\bank-graduation-project-main\\vendor\\laravel\\framework\\src\\Illuminate\\Container\\BoundMethod.php(96): Illuminate\\Container\\Util::unwrapIfClosure(Object(Closure))
#28 C:\\Users\\Doaa alsattari\\Downloads\\bank-graduation-project-main\\bank-graduation-project-main\\vendor\\laravel\\framework\\src\\Illuminate\\Container\\BoundMethod.php(35): Illuminate\\Container\\BoundMethod::callBoundMethod(Object(Illuminate\\Foundation\\Application), Array, Object(Closure))
#29 C:\\Users\\Doaa alsattari\\Downloads\\bank-graduation-project-main\\bank-graduation-project-main\\vendor\\laravel\\framework\\src\\Illuminate\\Container\\Container.php(836): Illuminate\\Container\\BoundMethod::call(Object(Illuminate\\Foundation\\Application), Array, Array, NULL)
#30 C:\\Users\\Doaa alsattari\\Downloads\\bank-graduation-project-main\\bank-graduation-project-main\\vendor\\laravel\\framework\\src\\Illuminate\\Console\\Command.php(211): Illuminate\\Container\\Container->call(Array)
#31 C:\\Users\\Doaa alsattari\\Downloads\\bank-graduation-project-main\\bank-graduation-project-main\\vendor\\symfony\\console\\Command\\Command.php(318): Illuminate\\Console\\Command->execute(Object(Symfony\\Component\\Console\\Input\\ArgvInput), Object(Illuminate\\Console\\OutputStyle))
#32 C:\\Users\\Doaa alsattari\\Downloads\\bank-graduation-project-main\\bank-graduation-project-main\\vendor\\laravel\\framework\\src\\Illuminate\\Console\\Command.php(180): Symfony\\Component\\Console\\Command\\Command->run(Object(Symfony\\Component\\Console\\Input\\ArgvInput), Object(Illuminate\\Console\\OutputStyle))
#33 C:\\Users\\Doaa alsattari\\Downloads\\bank-graduation-project-main\\bank-graduation-project-main\\vendor\\symfony\\console\\Application.php(1110): Illuminate\\Console\\Command->run(Object(Symfony\\Component\\Console\\Input\\ArgvInput), Object(Symfony\\Component\\Console\\Output\\ConsoleOutput))
#34 C:\\Users\\Doaa alsattari\\Downloads\\bank-graduation-project-main\\bank-graduation-project-main\\vendor\\symfony\\console\\Application.php(359): Symfony\\Component\\Console\\Application->doRunCommand(Object(Illuminate\\Database\\Console\\Seeds\\SeedCommand), Object(Symfony\\Component\\Console\\Input\\ArgvInput), Object(Symfony\\Component\\Console\\Output\\ConsoleOutput))
#35 C:\\Users\\Doaa alsattari\\Downloads\\bank-graduation-project-main\\bank-graduation-project-main\\vendor\\symfony\\console\\Application.php(194): Symfony\\Component\\Console\\Application->doRun(Object(Symfony\\Component\\Console\\Input\\ArgvInput), Object(Symfony\\Component\\Console\\Output\\ConsoleOutput))
#36 C:\\Users\\Doaa alsattari\\Downloads\\bank-graduation-project-main\\bank-graduation-project-main\\vendor\\laravel\\framework\\src\\Illuminate\\Foundation\\Console\\Kernel.php(197): Symfony\\Component\\Console\\Application->run(Object(Symfony\\Component\\Console\\Input\\ArgvInput), Object(Symfony\\Component\\Console\\Output\\ConsoleOutput))
#37 C:\\Users\\Doaa alsattari\\Downloads\\bank-graduation-project-main\\bank-graduation-project-main\\vendor\\laravel\\framework\\src\\Illuminate\\Foundation\\Application.php(1235): Illuminate\\Foundation\\Console\\Kernel->handle(Object(Symfony\\Component\\Console\\Input\\ArgvInput), Object(Symfony\\Component\\Console\\Output\\ConsoleOutput))
#38 C:\\Users\\Doaa alsattari\\Downloads\\bank-graduation-project-main\\bank-graduation-project-main\\artisan(16): Illuminate\\Foundation\\Application->handleCommand(Object(Symfony\\Component\\Console\\Input\\ArgvInput))
#39 {main}

[previous exception] [object] (PDOException(code: 23000): SQLSTATE[23000]: Integrity constraint violation: 1062 Duplicate entry 'super@example.com' for key 'merchants_email_unique' at C:\\Users\\Doaa alsattari\\Downloads\\bank-graduation-project-main\\bank-graduation-project-main\\vendor\\laravel\\framework\\src\\Illuminate\\Database\\MySqlConnection.php:53)
[stacktrace]
#0 C:\\Users\\Doaa alsattari\\Downloads\\bank-graduation-project-main\\bank-graduation-project-main\\vendor\\laravel\\framework\\src\\Illuminate\\Database\\MySqlConnection.php(53): PDOStatement->execute()
#1 C:\\Users\\Doaa alsattari\\Downloads\\bank-graduation-project-main\\bank-graduation-project-main\\vendor\\laravel\\framework\\src\\Illuminate\\Database\\Connection.php(811): Illuminate\\Database\\MySqlConnection->Illuminate\\Database\\{closure}('insert into `me...', Array)
#2 C:\\Users\\Doaa alsattari\\Downloads\\bank-graduation-project-main\\bank-graduation-project-main\\vendor\\laravel\\framework\\src\\Illuminate\\Database\\Connection.php(778): Illuminate\\Database\\Connection->runQueryCallback('insert into `me...', Array, Object(Closure))
#3 C:\\Users\\Doaa alsattari\\Downloads\\bank-graduation-project-main\\bank-graduation-project-main\\vendor\\laravel\\framework\\src\\Illuminate\\Database\\MySqlConnection.php(42): Illuminate\\Database\\Connection->run('insert into `me...', Array, Object(Closure))
#4 C:\\Users\\Doaa alsattari\\Downloads\\bank-graduation-project-main\\bank-graduation-project-main\\vendor\\laravel\\framework\\src\\Illuminate\\Database\\Query\\Processors\\MySqlProcessor.php(35): Illuminate\\Database\\MySqlConnection->insert('insert into `me...', Array, 'id')
#5 C:\\Users\\Doaa alsattari\\Downloads\\bank-graduation-project-main\\bank-graduation-project-main\\vendor\\laravel\\framework\\src\\Illuminate\\Database\\Query\\Builder.php(3853): Illuminate\\Database\\Query\\Processors\\MySqlProcessor->processInsertGetId(Object(Illuminate\\Database\\Query\\Builder), 'insert into `me...', Array, 'id')
#6 C:\\Users\\Doaa alsattari\\Downloads\\bank-graduation-project-main\\bank-graduation-project-main\\vendor\\laravel\\framework\\src\\Illuminate\\Database\\Eloquent\\Builder.php(2235): Illuminate\\Database\\Query\\Builder->insertGetId(Array, 'id')
#7 C:\\Users\\Doaa alsattari\\Downloads\\bank-graduation-project-main\\bank-graduation-project-main\\vendor\\laravel\\framework\\src\\Illuminate\\Database\\Eloquent\\Model.php(1436): Illuminate\\Database\\Eloquent\\Builder->__call('insertGetId', Array)
#8 C:\\Users\\Doaa alsattari\\Downloads\\bank-graduation-project-main\\bank-graduation-project-main\\vendor\\laravel\\framework\\src\\Illuminate\\Database\\Eloquent\\Model.php(1401): Illuminate\\Database\\Eloquent\\Model->insertAndSetId(Object(Illuminate\\Database\\Eloquent\\Builder), Array)
#9 C:\\Users\\Doaa alsattari\\Downloads\\bank-graduation-project-main\\bank-graduation-project-main\\vendor\\laravel\\framework\\src\\Illuminate\\Database\\Eloquent\\Model.php(1240): Illuminate\\Database\\Eloquent\\Model->performInsert(Object(Illuminate\\Database\\Eloquent\\Builder))
#10 C:\\Users\\Doaa alsattari\\Downloads\\bank-graduation-project-main\\bank-graduation-project-main\\vendor\\laravel\\framework\\src\\Illuminate\\Database\\Eloquent\\Builder.php(1219): Illuminate\\Database\\Eloquent\\Model->save()
#11 C:\\Users\\Doaa alsattari\\Downloads\\bank-graduation-project-main\\bank-graduation-project-main\\vendor\\laravel\\framework\\src\\Illuminate\\Support\\helpers.php(390): Illuminate\\Database\\Eloquent\\Builder->Illuminate\\Database\\Eloquent\\{closure}(Object(App\\Models\\Merchant))
#12 C:\\Users\\Doaa alsattari\\Downloads\\bank-graduation-project-main\\bank-graduation-project-main\\vendor\\laravel\\framework\\src\\Illuminate\\Database\\Eloquent\\Builder.php(1218): tap(Object(App\\Models\\Merchant), Object(Closure))
#13 C:\\Users\\Doaa alsattari\\Downloads\\bank-graduation-project-main\\bank-graduation-project-main\\vendor\\laravel\\framework\\src\\Illuminate\\Support\\Traits\\ForwardsCalls.php(23): Illuminate\\Database\\Eloquent\\Builder->create(Array)
#14 C:\\Users\\Doaa alsattari\\Downloads\\bank-graduation-project-main\\bank-graduation-project-main\\vendor\\laravel\\framework\\src\\Illuminate\\Database\\Eloquent\\Model.php(2540): Illuminate\\Database\\Eloquent\\Model->forwardCallTo(Object(Illuminate\\Database\\Eloquent\\Builder), 'create', Array)
#15 C:\\Users\\Doaa alsattari\\Downloads\\bank-graduation-project-main\\bank-graduation-project-main\\vendor\\laravel\\framework\\src\\Illuminate\\Database\\Eloquent\\Model.php(2556): Illuminate\\Database\\Eloquent\\Model->__call('create', Array)
#16 C:\\Users\\Doaa alsattari\\Downloads\\bank-graduation-project-main\\bank-graduation-project-main\\database\\seeders\\DatabaseSeeder.php(27): Illuminate\\Database\\Eloquent\\Model::__callStatic('create', Array)
#17 C:\\Users\\Doaa alsattari\\Downloads\\bank-graduation-project-main\\bank-graduation-project-main\\vendor\\laravel\\framework\\src\\Illuminate\\Container\\BoundMethod.php(36): Database\\Seeders\\DatabaseSeeder->run()
#18 C:\\Users\\Doaa alsattari\\Downloads\\bank-graduation-project-main\\bank-graduation-project-main\\vendor\\laravel\\framework\\src\\Illuminate\\Container\\Util.php(43): Illuminate\\Container\\BoundMethod::Illuminate\\Container\\{closure}()
#19 C:\\Users\\Doaa alsattari\\Downloads\\bank-graduation-project-main\\bank-graduation-project-main\\vendor\\laravel\\framework\\src\\Illuminate\\Container\\BoundMethod.php(96): Illuminate\\Container\\Util::unwrapIfClosure(Object(Closure))
#20 C:\\Users\\Doaa alsattari\\Downloads\\bank-graduation-project-main\\bank-graduation-project-main\\vendor\\laravel\\framework\\src\\Illuminate\\Container\\BoundMethod.php(35): Illuminate\\Container\\BoundMethod::callBoundMethod(Object(Illuminate\\Foundation\\Application), Array, Object(Closure))
#21 C:\\Users\\Doaa alsattari\\Downloads\\bank-graduation-project-main\\bank-graduation-project-main\\vendor\\laravel\\framework\\src\\Illuminate\\Container\\Container.php(836): Illuminate\\Container\\BoundMethod::call(Object(Illuminate\\Foundation\\Application), Array, Array, NULL)
#22 C:\\Users\\Doaa alsattari\\Downloads\\bank-graduation-project-main\\bank-graduation-project-main\\vendor\\laravel\\framework\\src\\Illuminate\\Database\\Seeder.php(184): Illuminate\\Container\\Container->call(Array, Array)
#23 C:\\Users\\Doaa alsattari\\Downloads\\bank-graduation-project-main\\bank-graduation-project-main\\vendor\\laravel\\framework\\src\\Illuminate\\Database\\Seeder.php(193): Illuminate\\Database\\Seeder->Illuminate\\Database\\{closure}()
#24 C:\\Users\\Doaa alsattari\\Downloads\\bank-graduation-project-main\\bank-graduation-project-main\\vendor\\laravel\\framework\\src\\Illuminate\\Database\\Console\\Seeds\\SeedCommand.php(71): Illuminate\\Database\\Seeder->__invoke()
#25 C:\\Users\\Doaa alsattari\\Downloads\\bank-graduation-project-main\\bank-graduation-project-main\\vendor\\laravel\\framework\\src\\Illuminate\\Database\\Eloquent\\Concerns\\GuardsAttributes.php(157): Illuminate\\Database\\Console\\Seeds\\SeedCommand->Illuminate\\Database\\Console\\Seeds\\{closure}()
#26 C:\\Users\\Doaa alsattari\\Downloads\\bank-graduation-project-main\\bank-graduation-project-main\\vendor\\laravel\\framework\\src\\Illuminate\\Database\\Console\\Seeds\\SeedCommand.php(70): Illuminate\\Database\\Eloquent\\Model::unguarded(Object(Closure))
#27 C:\\Users\\Doaa alsattari\\Downloads\\bank-graduation-project-main\\bank-graduation-project-main\\vendor\\laravel\\framework\\src\\Illuminate\\Container\\BoundMethod.php(36): Illuminate\\Database\\Console\\Seeds\\SeedCommand->handle()
#28 C:\\Users\\Doaa alsattari\\Downloads\\bank-graduation-project-main\\bank-graduation-project-main\\vendor\\laravel\\framework\\src\\Illuminate\\Container\\Util.php(43): Illuminate\\Container\\BoundMethod::Illuminate\\Container\\{closure}()
#29 C:\\Users\\Doaa alsattari\\Downloads\\bank-graduation-project-main\\bank-graduation-project-main\\vendor\\laravel\\framework\\src\\Illuminate\\Container\\BoundMethod.php(96): Illuminate\\Container\\Util::unwrapIfClosure(Object(Closure))
#30 C:\\Users\\Doaa alsattari\\Downloads\\bank-graduation-project-main\\bank-graduation-project-main\\vendor\\laravel\\framework\\src\\Illuminate\\Container\\BoundMethod.php(35): Illuminate\\Container\\BoundMethod::callBoundMethod(Object(Illuminate\\Foundation\\Application), Array, Object(Closure))
#31 C:\\Users\\Doaa alsattari\\Downloads\\bank-graduation-project-main\\bank-graduation-project-main\\vendor\\laravel\\framework\\src\\Illuminate\\Container\\Container.php(836): Illuminate\\Container\\BoundMethod::call(Object(Illuminate\\Foundation\\Application), Array, Array, NULL)
#32 C:\\Users\\Doaa alsattari\\Downloads\\bank-graduation-project-main\\bank-graduation-project-main\\vendor\\laravel\\framework\\src\\Illuminate\\Console\\Command.php(211): Illuminate\\Container\\Container->call(Array)
#33 C:\\Users\\Doaa alsattari\\Downloads\\bank-graduation-project-main\\bank-graduation-project-main\\vendor\\symfony\\console\\Command\\Command.php(318): Illuminate\\Console\\Command->execute(Object(Symfony\\Component\\Console\\Input\\ArgvInput), Object(Illuminate\\Console\\OutputStyle))
#34 C:\\Users\\Doaa alsattari\\Downloads\\bank-graduation-project-main\\bank-graduation-project-main\\vendor\\laravel\\framework\\src\\Illuminate\\Console\\Command.php(180): Symfony\\Component\\Console\\Command\\Command->run(Object(Symfony\\Component\\Console\\Input\\ArgvInput), Object(Illuminate\\Console\\OutputStyle))
#35 C:\\Users\\Doaa alsattari\\Downloads\\bank-graduation-project-main\\bank-graduation-project-main\\vendor\\symfony\\console\\Application.php(1110): Illuminate\\Console\\Command->run(Object(Symfony\\Component\\Console\\Input\\ArgvInput), Object(Symfony\\Component\\Console\\Output\\ConsoleOutput))
#36 C:\\Users\\Doaa alsattari\\Downloads\\bank-graduation-project-main\\bank-graduation-project-main\\vendor\\symfony\\console\\Application.php(359): Symfony\\Component\\Console\\Application->doRunCommand(Object(Illuminate\\Database\\Console\\Seeds\\SeedCommand), Object(Symfony\\Component\\Console\\Input\\ArgvInput), Object(Symfony\\Component\\Console\\Output\\ConsoleOutput))
#37 C:\\Users\\Doaa alsattari\\Downloads\\bank-graduation-project-main\\bank-graduation-project-main\\vendor\\symfony\\console\\Application.php(194): Symfony\\Component\\Console\\Application->doRun(Object(Symfony\\Component\\Console\\Input\\ArgvInput), Object(Symfony\\Component\\Console\\Output\\ConsoleOutput))
#38 C:\\Users\\Doaa alsattari\\Downloads\\bank-graduation-project-main\\bank-graduation-project-main\\vendor\\laravel\\framework\\src\\Illuminate\\Foundation\\Console\\Kernel.php(197): Symfony\\Component\\Console\\Application->run(Object(Symfony\\Component\\Console\\Input\\ArgvInput), Object(Symfony\\Component\\Console\\Output\\ConsoleOutput))
#39 C:\\Users\\Doaa alsattari\\Downloads\\bank-graduation-project-main\\bank-graduation-project-main\\vendor\\laravel\\framework\\src\\Illuminate\\Foundation\\Application.php(1235): Illuminate\\Foundation\\Console\\Kernel->handle(Object(Symfony\\Component\\Console\\Input\\ArgvInput), Object(Symfony\\Component\\Console\\Output\\ConsoleOutput))
#40 C:\\Users\\Doaa alsattari\\Downloads\\bank-graduation-project-main\\bank-graduation-project-main\\artisan(16): Illuminate\\Foundation\\Application->handleCommand(Object(Symfony\\Component\\Console\\Input\\ArgvInput))
#41 {main}
"} 
[2025-10-20 12:33:50] local.ERROR: SQLSTATE[42S22]: Column not found: 1054 Unknown column 'transaction_id' in 'where clause' (Connection: mysql, SQL: select count(*) as aggregate from `transactions` where (`transaction_id` like %% or `description` like %% or exists (select * from `users` where `transactions`.`sender_id` = `users`.`id` and (`name` like %% or `email` like %%)))) {"userId":5,"exception":"[object] (Illuminate\\Database\\QueryException(code: 42S22): SQLSTATE[42S22]: Column not found: 1054 Unknown column 'transaction_id' in 'where clause' (Connection: mysql, SQL: select count(*) as aggregate from `transactions` where (`transaction_id` like %% or `description` like %% or exists (select * from `users` where `transactions`.`sender_id` = `users`.`id` and (`name` like %% or `email` like %%)))) at C:\\Users\\Doaa alsattari\\Downloads\\bank-graduation-project-main\\bank-graduation-project-main\\vendor\\laravel\\framework\\src\\Illuminate\\Database\\Connection.php:824)
[stacktrace]
#0 C:\\Users\\Doaa alsattari\\Downloads\\bank-graduation-project-main\\bank-graduation-project-main\\vendor\\laravel\\framework\\src\\Illuminate\\Database\\Connection.php(778): Illuminate\\Database\\Connection->runQueryCallback('select count(*)...', Array, Object(Closure))
#1 C:\\Users\\Doaa alsattari\\Downloads\\bank-graduation-project-main\\bank-graduation-project-main\\vendor\\laravel\\framework\\src\\Illuminate\\Database\\Connection.php(397): Illuminate\\Database\\Connection->run('select count(*)...', Array, Object(Closure))
#2 C:\\Users\\Doaa alsattari\\Downloads\\bank-graduation-project-main\\bank-graduation-project-main\\vendor\\laravel\\framework\\src\\Illuminate\\Database\\Query\\Builder.php(3188): Illuminate\\Database\\Connection->select('select count(*)...', Array, true)
#3 C:\\Users\\Doaa alsattari\\Downloads\\bank-graduation-project-main\\bank-graduation-project-main\\vendor\\laravel\\framework\\src\\Illuminate\\Database\\Query\\Builder.php(3173): Illuminate\\Database\\Query\\Builder->runSelect()
#4 C:\\Users\\Doaa alsattari\\Downloads\\bank-graduation-project-main\\bank-graduation-project-main\\vendor\\laravel\\framework\\src\\Illuminate\\Database\\Query\\Builder.php(3763): Illuminate\\Database\\Query\\Builder->Illuminate\\Database\\Query\\{closure}()
#5 C:\\Users\\Doaa alsattari\\Downloads\\bank-graduation-project-main\\bank-graduation-project-main\\vendor\\laravel\\framework\\src\\Illuminate\\Database\\Query\\Builder.php(3172): Illuminate\\Database\\Query\\Builder->onceWithColumns(Array, Object(Closure))
#6 C:\\Users\\Doaa alsattari\\Downloads\\bank-graduation-project-main\\bank-graduation-project-main\\vendor\\laravel\\framework\\src\\Illuminate\\Database\\Query\\Builder.php(3367): Illuminate\\Database\\Query\\Builder->get()
#7 C:\\Users\\Doaa alsattari\\Downloads\\bank-graduation-project-main\\bank-graduation-project-main\\vendor\\laravel\\framework\\src\\Illuminate\\Database\\Query\\Builder.php(3326): Illuminate\\Database\\Query\\Builder->runPaginationCountQuery(Array)
#8 C:\\Users\\Doaa alsattari\\Downloads\\bank-graduation-project-main\\bank-graduation-project-main\\vendor\\laravel\\framework\\src\\Illuminate\\Database\\Eloquent\\Builder.php(1120): Illuminate\\Database\\Query\\Builder->getCountForPagination()
#9 C:\\Users\\Doaa alsattari\\Downloads\\bank-graduation-project-main\\bank-graduation-project-main\\app\\Http\\Controllers\\Admin\\TransactionManagementController.php(64): Illuminate\\Database\\Eloquent\\Builder->paginate(20)
#10 C:\\Users\\Doaa alsattari\\Downloads\\bank-graduation-project-main\\bank-graduation-project-main\\vendor\\laravel\\framework\\src\\Illuminate\\Routing\\ControllerDispatcher.php(46): App\\Http\\Controllers\\Admin\\TransactionManagementController->index(Object(Illuminate\\Http\\Request))
#11 C:\\Users\\Doaa alsattari\\Downloads\\bank-graduation-project-main\\bank-graduation-project-main\\vendor\\laravel\\framework\\src\\Illuminate\\Routing\\Route.php(265): Illuminate\\Routing\\ControllerDispatcher->dispatch(Object(Illuminate\\Routing\\Route), Object(App\\Http\\Controllers\\Admin\\TransactionManagementController), 'index')
#12 C:\\Users\\Doaa alsattari\\Downloads\\bank-graduation-project-main\\bank-graduation-project-main\\vendor\\laravel\\framework\\src\\Illuminate\\Routing\\Route.php(211): Illuminate\\Routing\\Route->runController()
#13 C:\\Users\\Doaa alsattari\\Downloads\\bank-graduation-project-main\\bank-graduation-project-main\\vendor\\laravel\\framework\\src\\Illuminate\\Routing\\Router.php(822): Illuminate\\Routing\\Route->run()
#14 C:\\Users\\Doaa alsattari\\Downloads\\bank-graduation-project-main\\bank-graduation-project-main\\vendor\\laravel\\framework\\src\\Illuminate\\Pipeline\\Pipeline.php(180): Illuminate\\Routing\\Router->Illuminate\\Routing\\{closure}(Object(Illuminate\\Http\\Request))
#15 C:\\Users\\Doaa alsattari\\Downloads\\bank-graduation-project-main\\bank-graduation-project-main\\app\\Http\\Middleware\\CheckPermission.php(27): Illuminate\\Pipeline\\Pipeline->Illuminate\\Pipeline\\{closure}(Object(Illuminate\\Http\\Request))
#16 C:\\Users\\Doaa alsattari\\Downloads\\bank-graduation-project-main\\bank-graduation-project-main\\vendor\\laravel\\framework\\src\\Illuminate\\Pipeline\\Pipeline.php(219): App\\Http\\Middleware\\CheckPermission->handle(Object(Illuminate\\Http\\Request), Object(Closure), 'view_transactio...')
#17 C:\\Users\\Doaa alsattari\\Downloads\\bank-graduation-project-main\\bank-graduation-project-main\\app\\Http\\Middleware\\CheckRole.php(27): Illuminate\\Pipeline\\Pipeline->Illuminate\\Pipeline\\{closure}(Object(Illuminate\\Http\\Request))
#18 C:\\Users\\Doaa alsattari\\Downloads\\bank-graduation-project-main\\bank-graduation-project-main\\vendor\\laravel\\framework\\src\\Illuminate\\Pipeline\\Pipeline.php(219): App\\Http\\Middleware\\CheckRole->handle(Object(Illuminate\\Http\\Request), Object(Closure), 'super_admin', 'admin')
#19 C:\\Users\\Doaa alsattari\\Downloads\\bank-graduation-project-main\\bank-graduation-project-main\\app\\Http\\Middleware\\SetLocale.php(28): Illuminate\\Pipeline\\Pipeline->Illuminate\\Pipeline\\{closure}(Object(Illuminate\\Http\\Request))
#20 C:\\Users\\Doaa alsattari\\Downloads\\bank-graduation-project-main\\bank-graduation-project-main\\vendor\\laravel\\framework\\src\\Illuminate\\Pipeline\\Pipeline.php(219): App\\Http\\Middleware\\SetLocale->handle(Object(Illuminate\\Http\\Request), Object(Closure))
#21 C:\\Users\\Doaa alsattari\\Downloads\\bank-graduation-project-main\\bank-graduation-project-main\\vendor\\laravel\\framework\\src\\Illuminate\\Routing\\Middleware\\SubstituteBindings.php(50): Illuminate\\Pipeline\\Pipeline->Illuminate\\Pipeline\\{closure}(Object(Illuminate\\Http\\Request))
#22 C:\\Users\\Doaa alsattari\\Downloads\\bank-graduation-project-main\\bank-graduation-project-main\\vendor\\laravel\\framework\\src\\Illuminate\\Pipeline\\Pipeline.php(219): Illuminate\\Routing\\Middleware\\SubstituteBindings->handle(Object(Illuminate\\Http\\Request), Object(Closure))
#23 C:\\Users\\Doaa alsattari\\Downloads\\bank-graduation-project-main\\bank-graduation-project-main\\vendor\\laravel\\framework\\src\\Illuminate\\Auth\\Middleware\\Authenticate.php(63): Illuminate\\Pipeline\\Pipeline->Illuminate\\Pipeline\\{closure}(Object(Illuminate\\Http\\Request))
#24 C:\\Users\\Doaa alsattari\\Downloads\\bank-graduation-project-main\\bank-graduation-project-main\\vendor\\laravel\\framework\\src\\Illuminate\\Pipeline\\Pipeline.php(219): Illuminate\\Auth\\Middleware\\Authenticate->handle(Object(Illuminate\\Http\\Request), Object(Closure))
#25 C:\\Users\\Doaa alsattari\\Downloads\\bank-graduation-project-main\\bank-graduation-project-main\\vendor\\laravel\\framework\\src\\Illuminate\\Foundation\\Http\\Middleware\\VerifyCsrfToken.php(87): Illuminate\\Pipeline\\Pipeline->Illuminate\\Pipeline\\{closure}(Object(Illuminate\\Http\\Request))
#26 C:\\Users\\Doaa alsattari\\Downloads\\bank-graduation-project-main\\bank-graduation-project-main\\vendor\\laravel\\framework\\src\\Illuminate\\Pipeline\\Pipeline.php(219): Illuminate\\Foundation\\Http\\Middleware\\VerifyCsrfToken->handle(Object(Illuminate\\Http\\Request), Object(Closure))
#27 C:\\Users\\Doaa alsattari\\Downloads\\bank-graduation-project-main\\bank-graduation-project-main\\vendor\\laravel\\framework\\src\\Illuminate\\View\\Middleware\\ShareErrorsFromSession.php(48): Illuminate\\Pipeline\\Pipeline->Illuminate\\Pipeline\\{closure}(Object(Illuminate\\Http\\Request))
#28 C:\\Users\\Doaa alsattari\\Downloads\\bank-graduation-project-main\\bank-graduation-project-main\\vendor\\laravel\\framework\\src\\Illuminate\\Pipeline\\Pipeline.php(219): Illuminate\\View\\Middleware\\ShareErrorsFromSession->handle(Object(Illuminate\\Http\\Request), Object(Closure))
#29 C:\\Users\\Doaa alsattari\\Downloads\\bank-graduation-project-main\\bank-graduation-project-main\\vendor\\laravel\\framework\\src\\Illuminate\\Session\\Middleware\\StartSession.php(120): Illuminate\\Pipeline\\Pipeline->Illuminate\\Pipeline\\{closure}(Object(Illuminate\\Http\\Request))
#30 C:\\Users\\Doaa alsattari\\Downloads\\bank-graduation-project-main\\bank-graduation-project-main\\vendor\\laravel\\framework\\src\\Illuminate\\Session\\Middleware\\StartSession.php(63): Illuminate\\Session\\Middleware\\StartSession->handleStatefulRequest(Object(Illuminate\\Http\\Request), Object(Illuminate\\Session\\Store), Object(Closure))
#31 C:\\Users\\Doaa alsattari\\Downloads\\bank-graduation-project-main\\bank-graduation-project-main\\vendor\\laravel\\framework\\src\\Illuminate\\Pipeline\\Pipeline.php(219): Illuminate\\Session\\Middleware\\StartSession->handle(Object(Illuminate\\Http\\Request), Object(Closure))
#32 C:\\Users\\Doaa alsattari\\Downloads\\bank-graduation-project-main\\bank-graduation-project-main\\vendor\\laravel\\framework\\src\\Illuminate\\Cookie\\Middleware\\AddQueuedCookiesToResponse.php(36): Illuminate\\Pipeline\\Pipeline->Illuminate\\Pipeline\\{closure}(Object(Illuminate\\Http\\Request))
#33 C:\\Users\\Doaa alsattari\\Downloads\\bank-graduation-project-main\\bank-graduation-project-main\\vendor\\laravel\\framework\\src\\Illuminate\\Pipeline\\Pipeline.php(219): Illuminate\\Cookie\\Middleware\\AddQueuedCookiesToResponse->handle(Object(Illuminate\\Http\\Request), Object(Closure))
#34 C:\\Users\\Doaa alsattari\\Downloads\\bank-graduation-project-main\\bank-graduation-project-main\\vendor\\laravel\\framework\\src\\Illuminate\\Cookie\\Middleware\\EncryptCookies.php(74): Illuminate\\Pipeline\\Pipeline->Illuminate\\Pipeline\\{closure}(Object(Illuminate\\Http\\Request))
#35 C:\\Users\\Doaa alsattari\\Downloads\\bank-graduation-project-main\\bank-graduation-project-main\\vendor\\laravel\\framework\\src\\Illuminate\\Pipeline\\Pipeline.php(219): Illuminate\\Cookie\\Middleware\\EncryptCookies->handle(Object(Illuminate\\Http\\Request), Object(Closure))
#36 C:\\Users\\Doaa alsattari\\Downloads\\bank-graduation-project-main\\bank-graduation-project-main\\vendor\\laravel\\framework\\src\\Illuminate\\Pipeline\\Pipeline.php(137): Illuminate\\Pipeline\\Pipeline->Illuminate\\Pipeline\\{closure}(Object(Illuminate\\Http\\Request))
#37 C:\\Users\\Doaa alsattari\\Downloads\\bank-graduation-project-main\\bank-graduation-project-main\\vendor\\laravel\\framework\\src\\Illuminate\\Routing\\Router.php(821): Illuminate\\Pipeline\\Pipeline->then(Object(Closure))
#38 C:\\Users\\Doaa alsattari\\Downloads\\bank-graduation-project-main\\bank-graduation-project-main\\vendor\\laravel\\framework\\src\\Illuminate\\Routing\\Router.php(800): Illuminate\\Routing\\Router->runRouteWithinStack(Object(Illuminate\\Routing\\Route), Object(Illuminate\\Http\\Request))
#39 C:\\Users\\Doaa alsattari\\Downloads\\bank-graduation-project-main\\bank-graduation-project-main\\vendor\\laravel\\framework\\src\\Illuminate\\Routing\\Router.php(764): Illuminate\\Routing\\Router->runRoute(Object(Illuminate\\Http\\Request), Object(Illuminate\\Routing\\Route))
#40 C:\\Users\\Doaa alsattari\\Downloads\\bank-graduation-project-main\\bank-graduation-project-main\\vendor\\laravel\\framework\\src\\Illuminate\\Routing\\Router.php(753): Illuminate\\Routing\\Router->dispatchToRoute(Object(Illuminate\\Http\\Request))
#41 C:\\Users\\Doaa alsattari\\Downloads\\bank-graduation-project-main\\bank-graduation-project-main\\vendor\\laravel\\framework\\src\\Illuminate\\Foundation\\Http\\Kernel.php(200): Illuminate\\Routing\\Router->dispatch(Object(Illuminate\\Http\\Request))
#42 C:\\Users\\Doaa alsattari\\Downloads\\bank-graduation-project-main\\bank-graduation-project-main\\vendor\\laravel\\framework\\src\\Illuminate\\Pipeline\\Pipeline.php(180): Illuminate\\Foundation\\Http\\Kernel->Illuminate\\Foundation\\Http\\{closure}(Object(Illuminate\\Http\\Request))
#43 C:\\Users\\Doaa alsattari\\Downloads\\bank-graduation-project-main\\bank-graduation-project-main\\vendor\\laravel\\framework\\src\\Illuminate\\Foundation\\Http\\Middleware\\TransformsRequest.php(21): Illuminate\\Pipeline\\Pipeline->Illuminate\\Pipeline\\{closure}(Object(Illuminate\\Http\\Request))
#44 C:\\Users\\Doaa alsattari\\Downloads\\bank-graduation-project-main\\bank-graduation-project-main\\vendor\\laravel\\framework\\src\\Illuminate\\Foundation\\Http\\Middleware\\ConvertEmptyStringsToNull.php(31): Illuminate\\Foundation\\Http\\Middleware\\TransformsRequest->handle(Object(Illuminate\\Http\\Request), Object(Closure))
#45 C:\\Users\\Doaa alsattari\\Downloads\\bank-graduation-project-main\\bank-graduation-project-main\\vendor\\laravel\\framework\\src\\Illuminate\\Pipeline\\Pipeline.php(219): Illuminate\\Foundation\\Http\\Middleware\\ConvertEmptyStringsToNull->handle(Object(Illuminate\\Http\\Request), Object(Closure))
#46 C:\\Users\\Doaa alsattari\\Downloads\\bank-graduation-project-main\\bank-graduation-project-main\\vendor\\laravel\\framework\\src\\Illuminate\\Foundation\\Http\\Middleware\\TransformsRequest.php(21): Illuminate\\Pipeline\\Pipeline->Illuminate\\Pipeline\\{closure}(Object(Illuminate\\Http\\Request))
#47 C:\\Users\\Doaa alsattari\\Downloads\\bank-graduation-project-main\\bank-graduation-project-main\\vendor\\laravel\\framework\\src\\Illuminate\\Foundation\\Http\\Middleware\\TrimStrings.php(51): Illuminate\\Foundation\\Http\\Middleware\\TransformsRequest->handle(Object(Illuminate\\Http\\Request), Object(Closure))
#48 C:\\Users\\Doaa alsattari\\Downloads\\bank-graduation-project-main\\bank-graduation-project-main\\vendor\\laravel\\framework\\src\\Illuminate\\Pipeline\\Pipeline.php(219): Illuminate\\Foundation\\Http\\Middleware\\TrimStrings->handle(Object(Illuminate\\Http\\Request), Object(Closure))
#49 C:\\Users\\Doaa alsattari\\Downloads\\bank-graduation-project-main\\bank-graduation-project-main\\vendor\\laravel\\framework\\src\\Illuminate\\Http\\Middleware\\ValidatePostSize.php(27): Illuminate\\Pipeline\\Pipeline->Illuminate\\Pipeline\\{closure}(Object(Illuminate\\Http\\Request))
#50 C:\\Users\\Doaa alsattari\\Downloads\\bank-graduation-project-main\\bank-graduation-project-main\\vendor\\laravel\\framework\\src\\Illuminate\\Pipeline\\Pipeline.php(219): Illuminate\\Http\\Middleware\\ValidatePostSize->handle(Object(Illuminate\\Http\\Request), Object(Closure))
#51 C:\\Users\\Doaa alsattari\\Downloads\\bank-graduation-project-main\\bank-graduation-project-main\\vendor\\laravel\\framework\\src\\Illuminate\\Foundation\\Http\\Middleware\\PreventRequestsDuringMaintenance.php(109): Illuminate\\Pipeline\\Pipeline->Illuminate\\Pipeline\\{closure}(Object(Illuminate\\Http\\Request))
#52 C:\\Users\\Doaa alsattari\\Downloads\\bank-graduation-project-main\\bank-graduation-project-main\\vendor\\laravel\\framework\\src\\Illuminate\\Pipeline\\Pipeline.php(219): Illuminate\\Foundation\\Http\\Middleware\\PreventRequestsDuringMaintenance->handle(Object(Illuminate\\Http\\Request), Object(Closure))
#53 C:\\Users\\Doaa alsattari\\Downloads\\bank-graduation-project-main\\bank-graduation-project-main\\vendor\\laravel\\framework\\src\\Illuminate\\Http\\Middleware\\HandleCors.php(48): Illuminate\\Pipeline\\Pipeline->Illuminate\\Pipeline\\{closure}(Object(Illuminate\\Http\\Request))
#54 C:\\Users\\Doaa alsattari\\Downloads\\bank-graduation-project-main\\bank-graduation-project-main\\vendor\\laravel\\framework\\src\\Illuminate\\Pipeline\\Pipeline.php(219): Illuminate\\Http\\Middleware\\HandleCors->handle(Object(Illuminate\\Http\\Request), Object(Closure))
#55 C:\\Users\\Doaa alsattari\\Downloads\\bank-graduation-project-main\\bank-graduation-project-main\\vendor\\laravel\\framework\\src\\Illuminate\\Http\\Middleware\\TrustProxies.php(58): Illuminate\\Pipeline\\Pipeline->Illuminate\\Pipeline\\{closure}(Object(Illuminate\\Http\\Request))
#56 C:\\Users\\Doaa alsattari\\Downloads\\bank-graduation-project-main\\bank-graduation-project-main\\vendor\\laravel\\framework\\src\\Illuminate\\Pipeline\\Pipeline.php(219): Illuminate\\Http\\Middleware\\TrustProxies->handle(Object(Illuminate\\Http\\Request), Object(Closure))
#57 C:\\Users\\Doaa alsattari\\Downloads\\bank-graduation-project-main\\bank-graduation-project-main\\vendor\\laravel\\framework\\src\\Illuminate\\Foundation\\Http\\Middleware\\InvokeDeferredCallbacks.php(22): Illuminate\\Pipeline\\Pipeline->Illuminate\\Pipeline\\{closure}(Object(Illuminate\\Http\\Request))
#58 C:\\Users\\Doaa alsattari\\Downloads\\bank-graduation-project-main\\bank-graduation-project-main\\vendor\\laravel\\framework\\src\\Illuminate\\Pipeline\\Pipeline.php(219): Illuminate\\Foundation\\Http\\Middleware\\InvokeDeferredCallbacks->handle(Object(Illuminate\\Http\\Request), Object(Closure))
#59 C:\\Users\\Doaa alsattari\\Downloads\\bank-graduation-project-main\\bank-graduation-project-main\\vendor\\laravel\\framework\\src\\Illuminate\\Http\\Middleware\\ValidatePathEncoding.php(26): Illuminate\\Pipeline\\Pipeline->Illuminate\\Pipeline\\{closure}(Object(Illuminate\\Http\\Request))
#60 C:\\Users\\Doaa alsattari\\Downloads\\bank-graduation-project-main\\bank-graduation-project-main\\vendor\\laravel\\framework\\src\\Illuminate\\Pipeline\\Pipeline.php(219): Illuminate\\Http\\Middleware\\ValidatePathEncoding->handle(Object(Illuminate\\Http\\Request), Object(Closure))
#61 C:\\Users\\Doaa alsattari\\Downloads\\bank-graduation-project-main\\bank-graduation-project-main\\vendor\\laravel\\framework\\src\\Illuminate\\Pipeline\\Pipeline.php(137): Illuminate\\Pipeline\\Pipeline->Illuminate\\Pipeline\\{closure}(Object(Illuminate\\Http\\Request))
#62 C:\\Users\\Doaa alsattari\\Downloads\\bank-graduation-project-main\\bank-graduation-project-main\\vendor\\laravel\\framework\\src\\Illuminate\\Foundation\\Http\\Kernel.php(175): Illuminate\\Pipeline\\Pipeline->then(Object(Closure))
#63 C:\\Users\\Doaa alsattari\\Downloads\\bank-graduation-project-main\\bank-graduation-project-main\\vendor\\laravel\\framework\\src\\Illuminate\\Foundation\\Http\\Kernel.php(144): Illuminate\\Foundation\\Http\\Kernel->sendRequestThroughRouter(Object(Illuminate\\Http\\Request))
#64 C:\\Users\\Doaa alsattari\\Downloads\\bank-graduation-project-main\\bank-graduation-project-main\\vendor\\laravel\\framework\\src\\Illuminate\\Foundation\\Application.php(1220): Illuminate\\Foundation\\Http\\Kernel->handle(Object(Illuminate\\Http\\Request))
#65 C:\\Users\\Doaa alsattari\\Downloads\\bank-graduation-project-main\\bank-graduation-project-main\\public\\index.php(20): Illuminate\\Foundation\\Application->handleRequest(Object(Illuminate\\Http\\Request))
#66 C:\\Users\\Doaa alsattari\\Downloads\\bank-graduation-project-main\\bank-graduation-project-main\\vendor\\laravel\\framework\\src\\Illuminate\\Foundation\\resources\\server.php(23): require_once('C:\\\\Users\\\\Doaa a...')
#67 {main}

[previous exception] [object] (PDOException(code: 42S22): SQLSTATE[42S22]: Column not found: 1054 Unknown column 'transaction_id' in 'where clause' at C:\\Users\\Doaa alsattari\\Downloads\\bank-graduation-project-main\\bank-graduation-project-main\\vendor\\laravel\\framework\\src\\Illuminate\\Database\\Connection.php:406)
[stacktrace]
#0 C:\\Users\\Doaa alsattari\\Downloads\\bank-graduation-project-main\\bank-graduation-project-main\\vendor\\laravel\\framework\\src\\Illuminate\\Database\\Connection.php(406): PDO->prepare('select count(*)...')
#1 C:\\Users\\Doaa alsattari\\Downloads\\bank-graduation-project-main\\bank-graduation-project-main\\vendor\\laravel\\framework\\src\\Illuminate\\Database\\Connection.php(811): Illuminate\\Database\\Connection->Illuminate\\Database\\{closure}('select count(*)...', Array)
#2 C:\\Users\\Doaa alsattari\\Downloads\\bank-graduation-project-main\\bank-graduation-project-main\\vendor\\laravel\\framework\\src\\Illuminate\\Database\\Connection.php(778): Illuminate\\Database\\Connection->runQueryCallback('select count(*)...', Array, Object(Closure))
#3 C:\\Users\\Doaa alsattari\\Downloads\\bank-graduation-project-main\\bank-graduation-project-main\\vendor\\laravel\\framework\\src\\Illuminate\\Database\\Connection.php(397): Illuminate\\Database\\Connection->run('select count(*)...', Array, Object(Closure))
#4 C:\\Users\\Doaa alsattari\\Downloads\\bank-graduation-project-main\\bank-graduation-project-main\\vendor\\laravel\\framework\\src\\Illuminate\\Database\\Query\\Builder.php(3188): Illuminate\\Database\\Connection->select('select count(*)...', Array, true)
#5 C:\\Users\\Doaa alsattari\\Downloads\\bank-graduation-project-main\\bank-graduation-project-main\\vendor\\laravel\\framework\\src\\Illuminate\\Database\\Query\\Builder.php(3173): Illuminate\\Database\\Query\\Builder->runSelect()
#6 C:\\Users\\Doaa alsattari\\Downloads\\bank-graduation-project-main\\bank-graduation-project-main\\vendor\\laravel\\framework\\src\\Illuminate\\Database\\Query\\Builder.php(3763): Illuminate\\Database\\Query\\Builder->Illuminate\\Database\\Query\\{closure}()
#7 C:\\Users\\Doaa alsattari\\Downloads\\bank-graduation-project-main\\bank-graduation-project-main\\vendor\\laravel\\framework\\src\\Illuminate\\Database\\Query\\Builder.php(3172): Illuminate\\Database\\Query\\Builder->onceWithColumns(Array, Object(Closure))
#8 C:\\Users\\Doaa alsattari\\Downloads\\bank-graduation-project-main\\bank-graduation-project-main\\vendor\\laravel\\framework\\src\\Illuminate\\Database\\Query\\Builder.php(3367): Illuminate\\Database\\Query\\Builder->get()
#9 C:\\Users\\Doaa alsattari\\Downloads\\bank-graduation-project-main\\bank-graduation-project-main\\vendor\\laravel\\framework\\src\\Illuminate\\Database\\Query\\Builder.php(3326): Illuminate\\Database\\Query\\Builder->runPaginationCountQuery(Array)
#10 C:\\Users\\Doaa alsattari\\Downloads\\bank-graduation-project-main\\bank-graduation-project-main\\vendor\\laravel\\framework\\src\\Illuminate\\Database\\Eloquent\\Builder.php(1120): Illuminate\\Database\\Query\\Builder->getCountForPagination()
#11 C:\\Users\\Doaa alsattari\\Downloads\\bank-graduation-project-main\\bank-graduation-project-main\\app\\Http\\Controllers\\Admin\\TransactionManagementController.php(64): Illuminate\\Database\\Eloquent\\Builder->paginate(20)
#12 C:\\Users\\Doaa alsattari\\Downloads\\bank-graduation-project-main\\bank-graduation-project-main\\vendor\\laravel\\framework\\src\\Illuminate\\Routing\\ControllerDispatcher.php(46): App\\Http\\Controllers\\Admin\\TransactionManagementController->index(Object(Illuminate\\Http\\Request))
#13 C:\\Users\\Doaa alsattari\\Downloads\\bank-graduation-project-main\\bank-graduation-project-main\\vendor\\laravel\\framework\\src\\Illuminate\\Routing\\Route.php(265): Illuminate\\Routing\\ControllerDispatcher->dispatch(Object(Illuminate\\Routing\\Route), Object(App\\Http\\Controllers\\Admin\\TransactionManagementController), 'index')
#14 C:\\Users\\Doaa alsattari\\Downloads\\bank-graduation-project-main\\bank-graduation-project-main\\vendor\\laravel\\framework\\src\\Illuminate\\Routing\\Route.php(211): Illuminate\\Routing\\Route->runController()
#15 C:\\Users\\Doaa alsattari\\Downloads\\bank-graduation-project-main\\bank-graduation-project-main\\vendor\\laravel\\framework\\src\\Illuminate\\Routing\\Router.php(822): Illuminate\\Routing\\Route->run()
#16 C:\\Users\\Doaa alsattari\\Downloads\\bank-graduation-project-main\\bank-graduation-project-main\\vendor\\laravel\\framework\\src\\Illuminate\\Pipeline\\Pipeline.php(180): Illuminate\\Routing\\Router->Illuminate\\Routing\\{closure}(Object(Illuminate\\Http\\Request))
#17 C:\\Users\\Doaa alsattari\\Downloads\\bank-graduation-project-main\\bank-graduation-project-main\\app\\Http\\Middleware\\CheckPermission.php(27): Illuminate\\Pipeline\\Pipeline->Illuminate\\Pipeline\\{closure}(Object(Illuminate\\Http\\Request))
#18 C:\\Users\\Doaa alsattari\\Downloads\\bank-graduation-project-main\\bank-graduation-project-main\\vendor\\laravel\\framework\\src\\Illuminate\\Pipeline\\Pipeline.php(219): App\\Http\\Middleware\\CheckPermission->handle(Object(Illuminate\\Http\\Request), Object(Closure), 'view_transactio...')
#19 C:\\Users\\Doaa alsattari\\Downloads\\bank-graduation-project-main\\bank-graduation-project-main\\app\\Http\\Middleware\\CheckRole.php(27): Illuminate\\Pipeline\\Pipeline->Illuminate\\Pipeline\\{closure}(Object(Illuminate\\Http\\Request))
#20 C:\\Users\\Doaa alsattari\\Downloads\\bank-graduation-project-main\\bank-graduation-project-main\\vendor\\laravel\\framework\\src\\Illuminate\\Pipeline\\Pipeline.php(219): App\\Http\\Middleware\\CheckRole->handle(Object(Illuminate\\Http\\Request), Object(Closure), 'super_admin', 'admin')
#21 C:\\Users\\Doaa alsattari\\Downloads\\bank-graduation-project-main\\bank-graduation-project-main\\app\\Http\\Middleware\\SetLocale.php(28): Illuminate\\Pipeline\\Pipeline->Illuminate\\Pipeline\\{closure}(Object(Illuminate\\Http\\Request))
#22 C:\\Users\\Doaa alsattari\\Downloads\\bank-graduation-project-main\\bank-graduation-project-main\\vendor\\laravel\\framework\\src\\Illuminate\\Pipeline\\Pipeline.php(219): App\\Http\\Middleware\\SetLocale->handle(Object(Illuminate\\Http\\Request), Object(Closure))
#23 C:\\Users\\Doaa alsattari\\Downloads\\bank-graduation-project-main\\bank-graduation-project-main\\vendor\\laravel\\framework\\src\\Illuminate\\Routing\\Middleware\\SubstituteBindings.php(50): Illuminate\\Pipeline\\Pipeline->Illuminate\\Pipeline\\{closure}(Object(Illuminate\\Http\\Request))
#24 C:\\Users\\Doaa alsattari\\Downloads\\bank-graduation-project-main\\bank-graduation-project-main\\vendor\\laravel\\framework\\src\\Illuminate\\Pipeline\\Pipeline.php(219): Illuminate\\Routing\\Middleware\\SubstituteBindings->handle(Object(Illuminate\\Http\\Request), Object(Closure))
#25 C:\\Users\\Doaa alsattari\\Downloads\\bank-graduation-project-main\\bank-graduation-project-main\\vendor\\laravel\\framework\\src\\Illuminate\\Auth\\Middleware\\Authenticate.php(63): Illuminate\\Pipeline\\Pipeline->Illuminate\\Pipeline\\{closure}(Object(Illuminate\\Http\\Request))
#26 C:\\Users\\Doaa alsattari\\Downloads\\bank-graduation-project-main\\bank-graduation-project-main\\vendor\\laravel\\framework\\src\\Illuminate\\Pipeline\\Pipeline.php(219): Illuminate\\Auth\\Middleware\\Authenticate->handle(Object(Illuminate\\Http\\Request), Object(Closure))
#27 C:\\Users\\Doaa alsattari\\Downloads\\bank-graduation-project-main\\bank-graduation-project-main\\vendor\\laravel\\framework\\src\\Illuminate\\Foundation\\Http\\Middleware\\VerifyCsrfToken.php(87): Illuminate\\Pipeline\\Pipeline->Illuminate\\Pipeline\\{closure}(Object(Illuminate\\Http\\Request))
#28 C:\\Users\\Doaa alsattari\\Downloads\\bank-graduation-project-main\\bank-graduation-project-main\\vendor\\laravel\\framework\\src\\Illuminate\\Pipeline\\Pipeline.php(219): Illuminate\\Foundation\\Http\\Middleware\\VerifyCsrfToken->handle(Object(Illuminate\\Http\\Request), Object(Closure))
#29 C:\\Users\\Doaa alsattari\\Downloads\\bank-graduation-project-main\\bank-graduation-project-main\\vendor\\laravel\\framework\\src\\Illuminate\\View\\Middleware\\ShareErrorsFromSession.php(48): Illuminate\\Pipeline\\Pipeline->Illuminate\\Pipeline\\{closure}(Object(Illuminate\\Http\\Request))
#30 C:\\Users\\Doaa alsattari\\Downloads\\bank-graduation-project-main\\bank-graduation-project-main\\vendor\\laravel\\framework\\src\\Illuminate\\Pipeline\\Pipeline.php(219): Illuminate\\View\\Middleware\\ShareErrorsFromSession->handle(Object(Illuminate\\Http\\Request), Object(Closure))
#31 C:\\Users\\Doaa alsattari\\Downloads\\bank-graduation-project-main\\bank-graduation-project-main\\vendor\\laravel\\framework\\src\\Illuminate\\Session\\Middleware\\StartSession.php(120): Illuminate\\Pipeline\\Pipeline->Illuminate\\Pipeline\\{closure}(Object(Illuminate\\Http\\Request))
#32 C:\\Users\\Doaa alsattari\\Downloads\\bank-graduation-project-main\\bank-graduation-project-main\\vendor\\laravel\\framework\\src\\Illuminate\\Session\\Middleware\\StartSession.php(63): Illuminate\\Session\\Middleware\\StartSession->handleStatefulRequest(Object(Illuminate\\Http\\Request), Object(Illuminate\\Session\\Store), Object(Closure))
#33 C:\\Users\\Doaa alsattari\\Downloads\\bank-graduation-project-main\\bank-graduation-project-main\\vendor\\laravel\\framework\\src\\Illuminate\\Pipeline\\Pipeline.php(219): Illuminate\\Session\\Middleware\\StartSession->handle(Object(Illuminate\\Http\\Request), Object(Closure))
#34 C:\\Users\\Doaa alsattari\\Downloads\\bank-graduation-project-main\\bank-graduation-project-main\\vendor\\laravel\\framework\\src\\Illuminate\\Cookie\\Middleware\\AddQueuedCookiesToResponse.php(36): Illuminate\\Pipeline\\Pipeline->Illuminate\\Pipeline\\{closure}(Object(Illuminate\\Http\\Request))
#35 C:\\Users\\Doaa alsattari\\Downloads\\bank-graduation-project-main\\bank-graduation-project-main\\vendor\\laravel\\framework\\src\\Illuminate\\Pipeline\\Pipeline.php(219): Illuminate\\Cookie\\Middleware\\AddQueuedCookiesToResponse->handle(Object(Illuminate\\Http\\Request), Object(Closure))
#36 C:\\Users\\Doaa alsattari\\Downloads\\bank-graduation-project-main\\bank-graduation-project-main\\vendor\\laravel\\framework\\src\\Illuminate\\Cookie\\Middleware\\EncryptCookies.php(74): Illuminate\\Pipeline\\Pipeline->Illuminate\\Pipeline\\{closure}(Object(Illuminate\\Http\\Request))
#37 C:\\Users\\Doaa alsattari\\Downloads\\bank-graduation-project-main\\bank-graduation-project-main\\vendor\\laravel\\framework\\src\\Illuminate\\Pipeline\\Pipeline.php(219): Illuminate\\Cookie\\Middleware\\EncryptCookies->handle(Object(Illuminate\\Http\\Request), Object(Closure))
#38 C:\\Users\\Doaa alsattari\\Downloads\\bank-graduation-project-main\\bank-graduation-project-main\\vendor\\laravel\\framework\\src\\Illuminate\\Pipeline\\Pipeline.php(137): Illuminate\\Pipeline\\Pipeline->Illuminate\\Pipeline\\{closure}(Object(Illuminate\\Http\\Request))
#39 C:\\Users\\Doaa alsattari\\Downloads\\bank-graduation-project-main\\bank-graduation-project-main\\vendor\\laravel\\framework\\src\\Illuminate\\Routing\\Router.php(821): Illuminate\\Pipeline\\Pipeline->then(Object(Closure))
#40 C:\\Users\\Doaa alsattari\\Downloads\\bank-graduation-project-main\\bank-graduation-project-main\\vendor\\laravel\\framework\\src\\Illuminate\\Routing\\Router.php(800): Illuminate\\Routing\\Router->runRouteWithinStack(Object(Illuminate\\Routing\\Route), Object(Illuminate\\Http\\Request))
#41 C:\\Users\\Doaa alsattari\\Downloads\\bank-graduation-project-main\\bank-graduation-project-main\\vendor\\laravel\\framework\\src\\Illuminate\\Routing\\Router.php(764): Illuminate\\Routing\\Router->runRoute(Object(Illuminate\\Http\\Request), Object(Illuminate\\Routing\\Route))
#42 C:\\Users\\Doaa alsattari\\Downloads\\bank-graduation-project-main\\bank-graduation-project-main\\vendor\\laravel\\framework\\src\\Illuminate\\Routing\\Router.php(753): Illuminate\\Routing\\Router->dispatchToRoute(Object(Illuminate\\Http\\Request))
#43 C:\\Users\\Doaa alsattari\\Downloads\\bank-graduation-project-main\\bank-graduation-project-main\\vendor\\laravel\\framework\\src\\Illuminate\\Foundation\\Http\\Kernel.php(200): Illuminate\\Routing\\Router->dispatch(Object(Illuminate\\Http\\Request))
#44 C:\\Users\\Doaa alsattari\\Downloads\\bank-graduation-project-main\\bank-graduation-project-main\\vendor\\laravel\\framework\\src\\Illuminate\\Pipeline\\Pipeline.php(180): Illuminate\\Foundation\\Http\\Kernel->Illuminate\\Foundation\\Http\\{closure}(Object(Illuminate\\Http\\Request))
#45 C:\\Users\\Doaa alsattari\\Downloads\\bank-graduation-project-main\\bank-graduation-project-main\\vendor\\laravel\\framework\\src\\Illuminate\\Foundation\\Http\\Middleware\\TransformsRequest.php(21): Illuminate\\Pipeline\\Pipeline->Illuminate\\Pipeline\\{closure}(Object(Illuminate\\Http\\Request))
#46 C:\\Users\\Doaa alsattari\\Downloads\\bank-graduation-project-main\\bank-graduation-project-main\\vendor\\laravel\\framework\\src\\Illuminate\\Foundation\\Http\\Middleware\\ConvertEmptyStringsToNull.php(31): Illuminate\\Foundation\\Http\\Middleware\\TransformsRequest->handle(Object(Illuminate\\Http\\Request), Object(Closure))
#47 C:\\Users\\Doaa alsattari\\Downloads\\bank-graduation-project-main\\bank-graduation-project-main\\vendor\\laravel\\framework\\src\\Illuminate\\Pipeline\\Pipeline.php(219): Illuminate\\Foundation\\Http\\Middleware\\ConvertEmptyStringsToNull->handle(Object(Illuminate\\Http\\Request), Object(Closure))
#48 C:\\Users\\Doaa alsattari\\Downloads\\bank-graduation-project-main\\bank-graduation-project-main\\vendor\\laravel\\framework\\src\\Illuminate\\Foundation\\Http\\Middleware\\TransformsRequest.php(21): Illuminate\\Pipeline\\Pipeline->Illuminate\\Pipeline\\{closure}(Object(Illuminate\\Http\\Request))
#49 C:\\Users\\Doaa alsattari\\Downloads\\bank-graduation-project-main\\bank-graduation-project-main\\vendor\\laravel\\framework\\src\\Illuminate\\Foundation\\Http\\Middleware\\TrimStrings.php(51): Illuminate\\Foundation\\Http\\Middleware\\TransformsRequest->handle(Object(Illuminate\\Http\\Request), Object(Closure))
#50 C:\\Users\\Doaa alsattari\\Downloads\\bank-graduation-project-main\\bank-graduation-project-main\\vendor\\laravel\\framework\\src\\Illuminate\\Pipeline\\Pipeline.php(219): Illuminate\\Foundation\\Http\\Middleware\\TrimStrings->handle(Object(Illuminate\\Http\\Request), Object(Closure))
#51 C:\\Users\\Doaa alsattari\\Downloads\\bank-graduation-project-main\\bank-graduation-project-main\\vendor\\laravel\\framework\\src\\Illuminate\\Http\\Middleware\\ValidatePostSize.php(27): Illuminate\\Pipeline\\Pipeline->Illuminate\\Pipeline\\{closure}(Object(Illuminate\\Http\\Request))
#52 C:\\Users\\Doaa alsattari\\Downloads\\bank-graduation-project-main\\bank-graduation-project-main\\vendor\\laravel\\framework\\src\\Illuminate\\Pipeline\\Pipeline.php(219): Illuminate\\Http\\Middleware\\ValidatePostSize->handle(Object(Illuminate\\Http\\Request), Object(Closure))
#53 C:\\Users\\Doaa alsattari\\Downloads\\bank-graduation-project-main\\bank-graduation-project-main\\vendor\\laravel\\framework\\src\\Illuminate\\Foundation\\Http\\Middleware\\PreventRequestsDuringMaintenance.php(109): Illuminate\\Pipeline\\Pipeline->Illuminate\\Pipeline\\{closure}(Object(Illuminate\\Http\\Request))
#54 C:\\Users\\Doaa alsattari\\Downloads\\bank-graduation-project-main\\bank-graduation-project-main\\vendor\\laravel\\framework\\src\\Illuminate\\Pipeline\\Pipeline.php(219): Illuminate\\Foundation\\Http\\Middleware\\PreventRequestsDuringMaintenance->handle(Object(Illuminate\\Http\\Request), Object(Closure))
#55 C:\\Users\\Doaa alsattari\\Downloads\\bank-graduation-project-main\\bank-graduation-project-main\\vendor\\laravel\\framework\\src\\Illuminate\\Http\\Middleware\\HandleCors.php(48): Illuminate\\Pipeline\\Pipeline->Illuminate\\Pipeline\\{closure}(Object(Illuminate\\Http\\Request))
#56 C:\\Users\\Doaa alsattari\\Downloads\\bank-graduation-project-main\\bank-graduation-project-main\\vendor\\laravel\\framework\\src\\Illuminate\\Pipeline\\Pipeline.php(219): Illuminate\\Http\\Middleware\\HandleCors->handle(Object(Illuminate\\Http\\Request), Object(Closure))
#57 C:\\Users\\Doaa alsattari\\Downloads\\bank-graduation-project-main\\bank-graduation-project-main\\vendor\\laravel\\framework\\src\\Illuminate\\Http\\Middleware\\TrustProxies.php(58): Illuminate\\Pipeline\\Pipeline->Illuminate\\Pipeline\\{closure}(Object(Illuminate\\Http\\Request))
#58 C:\\Users\\Doaa alsattari\\Downloads\\bank-graduation-project-main\\bank-graduation-project-main\\vendor\\laravel\\framework\\src\\Illuminate\\Pipeline\\Pipeline.php(219): Illuminate\\Http\\Middleware\\TrustProxies->handle(Object(Illuminate\\Http\\Request), Object(Closure))
#59 C:\\Users\\Doaa alsattari\\Downloads\\bank-graduation-project-main\\bank-graduation-project-main\\vendor\\laravel\\framework\\src\\Illuminate\\Foundation\\Http\\Middleware\\InvokeDeferredCallbacks.php(22): Illuminate\\Pipeline\\Pipeline->Illuminate\\Pipeline\\{closure}(Object(Illuminate\\Http\\Request))
#60 C:\\Users\\Doaa alsattari\\Downloads\\bank-graduation-project-main\\bank-graduation-project-main\\vendor\\laravel\\framework\\src\\Illuminate\\Pipeline\\Pipeline.php(219): Illuminate\\Foundation\\Http\\Middleware\\InvokeDeferredCallbacks->handle(Object(Illuminate\\Http\\Request), Object(Closure))
#61 C:\\Users\\Doaa alsattari\\Downloads\\bank-graduation-project-main\\bank-graduation-project-main\\vendor\\laravel\\framework\\src\\Illuminate\\Http\\Middleware\\ValidatePathEncoding.php(26): Illuminate\\Pipeline\\Pipeline->Illuminate\\Pipeline\\{closure}(Object(Illuminate\\Http\\Request))
#62 C:\\Users\\Doaa alsattari\\Downloads\\bank-graduation-project-main\\bank-graduation-project-main\\vendor\\laravel\\framework\\src\\Illuminate\\Pipeline\\Pipeline.php(219): Illuminate\\Http\\Middleware\\ValidatePathEncoding->handle(Object(Illuminate\\Http\\Request), Object(Closure))
#63 C:\\Users\\Doaa alsattari\\Downloads\\bank-graduation-project-main\\bank-graduation-project-main\\vendor\\laravel\\framework\\src\\Illuminate\\Pipeline\\Pipeline.php(137): Illuminate\\Pipeline\\Pipeline->Illuminate\\Pipeline\\{closure}(Object(Illuminate\\Http\\Request))
#64 C:\\Users\\Doaa alsattari\\Downloads\\bank-graduation-project-main\\bank-graduation-project-main\\vendor\\laravel\\framework\\src\\Illuminate\\Foundation\\Http\\Kernel.php(175): Illuminate\\Pipeline\\Pipeline->then(Object(Closure))
#65 C:\\Users\\Doaa alsattari\\Downloads\\bank-graduation-project-main\\bank-graduation-project-main\\vendor\\laravel\\framework\\src\\Illuminate\\Foundation\\Http\\Kernel.php(144): Illuminate\\Foundation\\Http\\Kernel->sendRequestThroughRouter(Object(Illuminate\\Http\\Request))
#66 C:\\Users\\Doaa alsattari\\Downloads\\bank-graduation-project-main\\bank-graduation-project-main\\vendor\\laravel\\framework\\src\\Illuminate\\Foundation\\Application.php(1220): Illuminate\\Foundation\\Http\\Kernel->handle(Object(Illuminate\\Http\\Request))
#67 C:\\Users\\Doaa alsattari\\Downloads\\bank-graduation-project-main\\bank-graduation-project-main\\public\\index.php(20): Illuminate\\Foundation\\Application->handleRequest(Object(Illuminate\\Http\\Request))
#68 C:\\Users\\Doaa alsattari\\Downloads\\bank-graduation-project-main\\bank-graduation-project-main\\vendor\\laravel\\framework\\src\\Illuminate\\Foundation\\resources\\server.php(23): require_once('C:\\\\Users\\\\Doaa a...')
#69 {main}
"} 
[2025-10-20 12:34:46] local.ERROR: SQLSTATE[42S22]: Column not found: 1054 Unknown column 'transaction_id' in 'where clause' (Connection: mysql, SQL: select count(*) as aggregate from `transactions` where (`transaction_id` like %rrrr% or `description` like %rrrr% or exists (select * from `users` where `transactions`.`sender_id` = `users`.`id` and (`name` like %rrrr% or `email` like %rrrr%))) and `type` = credit) {"userId":5,"exception":"[object] (Illuminate\\Database\\QueryException(code: 42S22): SQLSTATE[42S22]: Column not found: 1054 Unknown column 'transaction_id' in 'where clause' (Connection: mysql, SQL: select count(*) as aggregate from `transactions` where (`transaction_id` like %rrrr% or `description` like %rrrr% or exists (select * from `users` where `transactions`.`sender_id` = `users`.`id` and (`name` like %rrrr% or `email` like %rrrr%))) and `type` = credit) at C:\\Users\\Doaa alsattari\\Downloads\\bank-graduation-project-main\\bank-graduation-project-main\\vendor\\laravel\\framework\\src\\Illuminate\\Database\\Connection.php:824)
[stacktrace]
#0 C:\\Users\\Doaa alsattari\\Downloads\\bank-graduation-project-main\\bank-graduation-project-main\\vendor\\laravel\\framework\\src\\Illuminate\\Database\\Connection.php(778): Illuminate\\Database\\Connection->runQueryCallback('select count(*)...', Array, Object(Closure))
#1 C:\\Users\\Doaa alsattari\\Downloads\\bank-graduation-project-main\\bank-graduation-project-main\\vendor\\laravel\\framework\\src\\Illuminate\\Database\\Connection.php(397): Illuminate\\Database\\Connection->run('select count(*)...', Array, Object(Closure))
#2 C:\\Users\\Doaa alsattari\\Downloads\\bank-graduation-project-main\\bank-graduation-project-main\\vendor\\laravel\\framework\\src\\Illuminate\\Database\\Query\\Builder.php(3188): Illuminate\\Database\\Connection->select('select count(*)...', Array, true)
#3 C:\\Users\\Doaa alsattari\\Downloads\\bank-graduation-project-main\\bank-graduation-project-main\\vendor\\laravel\\framework\\src\\Illuminate\\Database\\Query\\Builder.php(3173): Illuminate\\Database\\Query\\Builder->runSelect()
#4 C:\\Users\\Doaa alsattari\\Downloads\\bank-graduation-project-main\\bank-graduation-project-main\\vendor\\laravel\\framework\\src\\Illuminate\\Database\\Query\\Builder.php(3763): Illuminate\\Database\\Query\\Builder->Illuminate\\Database\\Query\\{closure}()
#5 C:\\Users\\Doaa alsattari\\Downloads\\bank-graduation-project-main\\bank-graduation-project-main\\vendor\\laravel\\framework\\src\\Illuminate\\Database\\Query\\Builder.php(3172): Illuminate\\Database\\Query\\Builder->onceWithColumns(Array, Object(Closure))
#6 C:\\Users\\Doaa alsattari\\Downloads\\bank-graduation-project-main\\bank-graduation-project-main\\vendor\\laravel\\framework\\src\\Illuminate\\Database\\Query\\Builder.php(3367): Illuminate\\Database\\Query\\Builder->get()
#7 C:\\Users\\Doaa alsattari\\Downloads\\bank-graduation-project-main\\bank-graduation-project-main\\vendor\\laravel\\framework\\src\\Illuminate\\Database\\Query\\Builder.php(3326): Illuminate\\Database\\Query\\Builder->runPaginationCountQuery(Array)
#8 C:\\Users\\Doaa alsattari\\Downloads\\bank-graduation-project-main\\bank-graduation-project-main\\vendor\\laravel\\framework\\src\\Illuminate\\Database\\Eloquent\\Builder.php(1120): Illuminate\\Database\\Query\\Builder->getCountForPagination()
#9 C:\\Users\\Doaa alsattari\\Downloads\\bank-graduation-project-main\\bank-graduation-project-main\\app\\Http\\Controllers\\Admin\\TransactionManagementController.php(64): Illuminate\\Database\\Eloquent\\Builder->paginate(20)
#10 C:\\Users\\Doaa alsattari\\Downloads\\bank-graduation-project-main\\bank-graduation-project-main\\vendor\\laravel\\framework\\src\\Illuminate\\Routing\\ControllerDispatcher.php(46): App\\Http\\Controllers\\Admin\\TransactionManagementController->index(Object(Illuminate\\Http\\Request))
#11 C:\\Users\\Doaa alsattari\\Downloads\\bank-graduation-project-main\\bank-graduation-project-main\\vendor\\laravel\\framework\\src\\Illuminate\\Routing\\Route.php(265): Illuminate\\Routing\\ControllerDispatcher->dispatch(Object(Illuminate\\Routing\\Route), Object(App\\Http\\Controllers\\Admin\\TransactionManagementController), 'index')
#12 C:\\Users\\Doaa alsattari\\Downloads\\bank-graduation-project-main\\bank-graduation-project-main\\vendor\\laravel\\framework\\src\\Illuminate\\Routing\\Route.php(211): Illuminate\\Routing\\Route->runController()
#13 C:\\Users\\Doaa alsattari\\Downloads\\bank-graduation-project-main\\bank-graduation-project-main\\vendor\\laravel\\framework\\src\\Illuminate\\Routing\\Router.php(822): Illuminate\\Routing\\Route->run()
#14 C:\\Users\\Doaa alsattari\\Downloads\\bank-graduation-project-main\\bank-graduation-project-main\\vendor\\laravel\\framework\\src\\Illuminate\\Pipeline\\Pipeline.php(180): Illuminate\\Routing\\Router->Illuminate\\Routing\\{closure}(Object(Illuminate\\Http\\Request))
#15 C:\\Users\\Doaa alsattari\\Downloads\\bank-graduation-project-main\\bank-graduation-project-main\\app\\Http\\Middleware\\CheckPermission.php(27): Illuminate\\Pipeline\\Pipeline->Illuminate\\Pipeline\\{closure}(Object(Illuminate\\Http\\Request))
#16 C:\\Users\\Doaa alsattari\\Downloads\\bank-graduation-project-main\\bank-graduation-project-main\\vendor\\laravel\\framework\\src\\Illuminate\\Pipeline\\Pipeline.php(219): App\\Http\\Middleware\\CheckPermission->handle(Object(Illuminate\\Http\\Request), Object(Closure), 'view_transactio...')
#17 C:\\Users\\Doaa alsattari\\Downloads\\bank-graduation-project-main\\bank-graduation-project-main\\app\\Http\\Middleware\\CheckRole.php(27): Illuminate\\Pipeline\\Pipeline->Illuminate\\Pipeline\\{closure}(Object(Illuminate\\Http\\Request))
#18 C:\\Users\\Doaa alsattari\\Downloads\\bank-graduation-project-main\\bank-graduation-project-main\\vendor\\laravel\\framework\\src\\Illuminate\\Pipeline\\Pipeline.php(219): App\\Http\\Middleware\\CheckRole->handle(Object(Illuminate\\Http\\Request), Object(Closure), 'super_admin', 'admin')
#19 C:\\Users\\Doaa alsattari\\Downloads\\bank-graduation-project-main\\bank-graduation-project-main\\app\\Http\\Middleware\\SetLocale.php(28): Illuminate\\Pipeline\\Pipeline->Illuminate\\Pipeline\\{closure}(Object(Illuminate\\Http\\Request))
#20 C:\\Users\\Doaa alsattari\\Downloads\\bank-graduation-project-main\\bank-graduation-project-main\\vendor\\laravel\\framework\\src\\Illuminate\\Pipeline\\Pipeline.php(219): App\\Http\\Middleware\\SetLocale->handle(Object(Illuminate\\Http\\Request), Object(Closure))
#21 C:\\Users\\Doaa alsattari\\Downloads\\bank-graduation-project-main\\bank-graduation-project-main\\vendor\\laravel\\framework\\src\\Illuminate\\Routing\\Middleware\\SubstituteBindings.php(50): Illuminate\\Pipeline\\Pipeline->Illuminate\\Pipeline\\{closure}(Object(Illuminate\\Http\\Request))
#22 C:\\Users\\Doaa alsattari\\Downloads\\bank-graduation-project-main\\bank-graduation-project-main\\vendor\\laravel\\framework\\src\\Illuminate\\Pipeline\\Pipeline.php(219): Illuminate\\Routing\\Middleware\\SubstituteBindings->handle(Object(Illuminate\\Http\\Request), Object(Closure))
#23 C:\\Users\\Doaa alsattari\\Downloads\\bank-graduation-project-main\\bank-graduation-project-main\\vendor\\laravel\\framework\\src\\Illuminate\\Auth\\Middleware\\Authenticate.php(63): Illuminate\\Pipeline\\Pipeline->Illuminate\\Pipeline\\{closure}(Object(Illuminate\\Http\\Request))
#24 C:\\Users\\Doaa alsattari\\Downloads\\bank-graduation-project-main\\bank-graduation-project-main\\vendor\\laravel\\framework\\src\\Illuminate\\Pipeline\\Pipeline.php(219): Illuminate\\Auth\\Middleware\\Authenticate->handle(Object(Illuminate\\Http\\Request), Object(Closure))
#25 C:\\Users\\Doaa alsattari\\Downloads\\bank-graduation-project-main\\bank-graduation-project-main\\vendor\\laravel\\framework\\src\\Illuminate\\Foundation\\Http\\Middleware\\VerifyCsrfToken.php(87): Illuminate\\Pipeline\\Pipeline->Illuminate\\Pipeline\\{closure}(Object(Illuminate\\Http\\Request))
#26 C:\\Users\\Doaa alsattari\\Downloads\\bank-graduation-project-main\\bank-graduation-project-main\\vendor\\laravel\\framework\\src\\Illuminate\\Pipeline\\Pipeline.php(219): Illuminate\\Foundation\\Http\\Middleware\\VerifyCsrfToken->handle(Object(Illuminate\\Http\\Request), Object(Closure))
#27 C:\\Users\\Doaa alsattari\\Downloads\\bank-graduation-project-main\\bank-graduation-project-main\\vendor\\laravel\\framework\\src\\Illuminate\\View\\Middleware\\ShareErrorsFromSession.php(48): Illuminate\\Pipeline\\Pipeline->Illuminate\\Pipeline\\{closure}(Object(Illuminate\\Http\\Request))
#28 C:\\Users\\Doaa alsattari\\Downloads\\bank-graduation-project-main\\bank-graduation-project-main\\vendor\\laravel\\framework\\src\\Illuminate\\Pipeline\\Pipeline.php(219): Illuminate\\View\\Middleware\\ShareErrorsFromSession->handle(Object(Illuminate\\Http\\Request), Object(Closure))
#29 C:\\Users\\Doaa alsattari\\Downloads\\bank-graduation-project-main\\bank-graduation-project-main\\vendor\\laravel\\framework\\src\\Illuminate\\Session\\Middleware\\StartSession.php(120): Illuminate\\Pipeline\\Pipeline->Illuminate\\Pipeline\\{closure}(Object(Illuminate\\Http\\Request))
#30 C:\\Users\\Doaa alsattari\\Downloads\\bank-graduation-project-main\\bank-graduation-project-main\\vendor\\laravel\\framework\\src\\Illuminate\\Session\\Middleware\\StartSession.php(63): Illuminate\\Session\\Middleware\\StartSession->handleStatefulRequest(Object(Illuminate\\Http\\Request), Object(Illuminate\\Session\\Store), Object(Closure))
#31 C:\\Users\\Doaa alsattari\\Downloads\\bank-graduation-project-main\\bank-graduation-project-main\\vendor\\laravel\\framework\\src\\Illuminate\\Pipeline\\Pipeline.php(219): Illuminate\\Session\\Middleware\\StartSession->handle(Object(Illuminate\\Http\\Request), Object(Closure))
#32 C:\\Users\\Doaa alsattari\\Downloads\\bank-graduation-project-main\\bank-graduation-project-main\\vendor\\laravel\\framework\\src\\Illuminate\\Cookie\\Middleware\\AddQueuedCookiesToResponse.php(36): Illuminate\\Pipeline\\Pipeline->Illuminate\\Pipeline\\{closure}(Object(Illuminate\\Http\\Request))
#33 C:\\Users\\Doaa alsattari\\Downloads\\bank-graduation-project-main\\bank-graduation-project-main\\vendor\\laravel\\framework\\src\\Illuminate\\Pipeline\\Pipeline.php(219): Illuminate\\Cookie\\Middleware\\AddQueuedCookiesToResponse->handle(Object(Illuminate\\Http\\Request), Object(Closure))
#34 C:\\Users\\Doaa alsattari\\Downloads\\bank-graduation-project-main\\bank-graduation-project-main\\vendor\\laravel\\framework\\src\\Illuminate\\Cookie\\Middleware\\EncryptCookies.php(74): Illuminate\\Pipeline\\Pipeline->Illuminate\\Pipeline\\{closure}(Object(Illuminate\\Http\\Request))
#35 C:\\Users\\Doaa alsattari\\Downloads\\bank-graduation-project-main\\bank-graduation-project-main\\vendor\\laravel\\framework\\src\\Illuminate\\Pipeline\\Pipeline.php(219): Illuminate\\Cookie\\Middleware\\EncryptCookies->handle(Object(Illuminate\\Http\\Request), Object(Closure))
#36 C:\\Users\\Doaa alsattari\\Downloads\\bank-graduation-project-main\\bank-graduation-project-main\\vendor\\laravel\\framework\\src\\Illuminate\\Pipeline\\Pipeline.php(137): Illuminate\\Pipeline\\Pipeline->Illuminate\\Pipeline\\{closure}(Object(Illuminate\\Http\\Request))
#37 C:\\Users\\Doaa alsattari\\Downloads\\bank-graduation-project-main\\bank-graduation-project-main\\vendor\\laravel\\framework\\src\\Illuminate\\Routing\\Router.php(821): Illuminate\\Pipeline\\Pipeline->then(Object(Closure))
#38 C:\\Users\\Doaa alsattari\\Downloads\\bank-graduation-project-main\\bank-graduation-project-main\\vendor\\laravel\\framework\\src\\Illuminate\\Routing\\Router.php(800): Illuminate\\Routing\\Router->runRouteWithinStack(Object(Illuminate\\Routing\\Route), Object(Illuminate\\Http\\Request))
#39 C:\\Users\\Doaa alsattari\\Downloads\\bank-graduation-project-main\\bank-graduation-project-main\\vendor\\laravel\\framework\\src\\Illuminate\\Routing\\Router.php(764): Illuminate\\Routing\\Router->runRoute(Object(Illuminate\\Http\\Request), Object(Illuminate\\Routing\\Route))
#40 C:\\Users\\Doaa alsattari\\Downloads\\bank-graduation-project-main\\bank-graduation-project-main\\vendor\\laravel\\framework\\src\\Illuminate\\Routing\\Router.php(753): Illuminate\\Routing\\Router->dispatchToRoute(Object(Illuminate\\Http\\Request))
#41 C:\\Users\\Doaa alsattari\\Downloads\\bank-graduation-project-main\\bank-graduation-project-main\\vendor\\laravel\\framework\\src\\Illuminate\\Foundation\\Http\\Kernel.php(200): Illuminate\\Routing\\Router->dispatch(Object(Illuminate\\Http\\Request))
#42 C:\\Users\\Doaa alsattari\\Downloads\\bank-graduation-project-main\\bank-graduation-project-main\\vendor\\laravel\\framework\\src\\Illuminate\\Pipeline\\Pipeline.php(180): Illuminate\\Foundation\\Http\\Kernel->Illuminate\\Foundation\\Http\\{closure}(Object(Illuminate\\Http\\Request))
#43 C:\\Users\\Doaa alsattari\\Downloads\\bank-graduation-project-main\\bank-graduation-project-main\\vendor\\laravel\\framework\\src\\Illuminate\\Foundation\\Http\\Middleware\\TransformsRequest.php(21): Illuminate\\Pipeline\\Pipeline->Illuminate\\Pipeline\\{closure}(Object(Illuminate\\Http\\Request))
#44 C:\\Users\\Doaa alsattari\\Downloads\\bank-graduation-project-main\\bank-graduation-project-main\\vendor\\laravel\\framework\\src\\Illuminate\\Foundation\\Http\\Middleware\\ConvertEmptyStringsToNull.php(31): Illuminate\\Foundation\\Http\\Middleware\\TransformsRequest->handle(Object(Illuminate\\Http\\Request), Object(Closure))
#45 C:\\Users\\Doaa alsattari\\Downloads\\bank-graduation-project-main\\bank-graduation-project-main\\vendor\\laravel\\framework\\src\\Illuminate\\Pipeline\\Pipeline.php(219): Illuminate\\Foundation\\Http\\Middleware\\ConvertEmptyStringsToNull->handle(Object(Illuminate\\Http\\Request), Object(Closure))
#46 C:\\Users\\Doaa alsattari\\Downloads\\bank-graduation-project-main\\bank-graduation-project-main\\vendor\\laravel\\framework\\src\\Illuminate\\Foundation\\Http\\Middleware\\TransformsRequest.php(21): Illuminate\\Pipeline\\Pipeline->Illuminate\\Pipeline\\{closure}(Object(Illuminate\\Http\\Request))
#47 C:\\Users\\Doaa alsattari\\Downloads\\bank-graduation-project-main\\bank-graduation-project-main\\vendor\\laravel\\framework\\src\\Illuminate\\Foundation\\Http\\Middleware\\TrimStrings.php(51): Illuminate\\Foundation\\Http\\Middleware\\TransformsRequest->handle(Object(Illuminate\\Http\\Request), Object(Closure))
#48 C:\\Users\\Doaa alsattari\\Downloads\\bank-graduation-project-main\\bank-graduation-project-main\\vendor\\laravel\\framework\\src\\Illuminate\\Pipeline\\Pipeline.php(219): Illuminate\\Foundation\\Http\\Middleware\\TrimStrings->handle(Object(Illuminate\\Http\\Request), Object(Closure))
#49 C:\\Users\\Doaa alsattari\\Downloads\\bank-graduation-project-main\\bank-graduation-project-main\\vendor\\laravel\\framework\\src\\Illuminate\\Http\\Middleware\\ValidatePostSize.php(27): Illuminate\\Pipeline\\Pipeline->Illuminate\\Pipeline\\{closure}(Object(Illuminate\\Http\\Request))
#50 C:\\Users\\Doaa alsattari\\Downloads\\bank-graduation-project-main\\bank-graduation-project-main\\vendor\\laravel\\framework\\src\\Illuminate\\Pipeline\\Pipeline.php(219): Illuminate\\Http\\Middleware\\ValidatePostSize->handle(Object(Illuminate\\Http\\Request), Object(Closure))
#51 C:\\Users\\Doaa alsattari\\Downloads\\bank-graduation-project-main\\bank-graduation-project-main\\vendor\\laravel\\framework\\src\\Illuminate\\Foundation\\Http\\Middleware\\PreventRequestsDuringMaintenance.php(109): Illuminate\\Pipeline\\Pipeline->Illuminate\\Pipeline\\{closure}(Object(Illuminate\\Http\\Request))
#52 C:\\Users\\Doaa alsattari\\Downloads\\bank-graduation-project-main\\bank-graduation-project-main\\vendor\\laravel\\framework\\src\\Illuminate\\Pipeline\\Pipeline.php(219): Illuminate\\Foundation\\Http\\Middleware\\PreventRequestsDuringMaintenance->handle(Object(Illuminate\\Http\\Request), Object(Closure))
#53 C:\\Users\\Doaa alsattari\\Downloads\\bank-graduation-project-main\\bank-graduation-project-main\\vendor\\laravel\\framework\\src\\Illuminate\\Http\\Middleware\\HandleCors.php(48): Illuminate\\Pipeline\\Pipeline->Illuminate\\Pipeline\\{closure}(Object(Illuminate\\Http\\Request))
#54 C:\\Users\\Doaa alsattari\\Downloads\\bank-graduation-project-main\\bank-graduation-project-main\\vendor\\laravel\\framework\\src\\Illuminate\\Pipeline\\Pipeline.php(219): Illuminate\\Http\\Middleware\\HandleCors->handle(Object(Illuminate\\Http\\Request), Object(Closure))
#55 C:\\Users\\Doaa alsattari\\Downloads\\bank-graduation-project-main\\bank-graduation-project-main\\vendor\\laravel\\framework\\src\\Illuminate\\Http\\Middleware\\TrustProxies.php(58): Illuminate\\Pipeline\\Pipeline->Illuminate\\Pipeline\\{closure}(Object(Illuminate\\Http\\Request))
#56 C:\\Users\\Doaa alsattari\\Downloads\\bank-graduation-project-main\\bank-graduation-project-main\\vendor\\laravel\\framework\\src\\Illuminate\\Pipeline\\Pipeline.php(219): Illuminate\\Http\\Middleware\\TrustProxies->handle(Object(Illuminate\\Http\\Request), Object(Closure))
#57 C:\\Users\\Doaa alsattari\\Downloads\\bank-graduation-project-main\\bank-graduation-project-main\\vendor\\laravel\\framework\\src\\Illuminate\\Foundation\\Http\\Middleware\\InvokeDeferredCallbacks.php(22): Illuminate\\Pipeline\\Pipeline->Illuminate\\Pipeline\\{closure}(Object(Illuminate\\Http\\Request))
#58 C:\\Users\\Doaa alsattari\\Downloads\\bank-graduation-project-main\\bank-graduation-project-main\\vendor\\laravel\\framework\\src\\Illuminate\\Pipeline\\Pipeline.php(219): Illuminate\\Foundation\\Http\\Middleware\\InvokeDeferredCallbacks->handle(Object(Illuminate\\Http\\Request), Object(Closure))
#59 C:\\Users\\Doaa alsattari\\Downloads\\bank-graduation-project-main\\bank-graduation-project-main\\vendor\\laravel\\framework\\src\\Illuminate\\Http\\Middleware\\ValidatePathEncoding.php(26): Illuminate\\Pipeline\\Pipeline->Illuminate\\Pipeline\\{closure}(Object(Illuminate\\Http\\Request))
#60 C:\\Users\\Doaa alsattari\\Downloads\\bank-graduation-project-main\\bank-graduation-project-main\\vendor\\laravel\\framework\\src\\Illuminate\\Pipeline\\Pipeline.php(219): Illuminate\\Http\\Middleware\\ValidatePathEncoding->handle(Object(Illuminate\\Http\\Request), Object(Closure))
#61 C:\\Users\\Doaa alsattari\\Downloads\\bank-graduation-project-main\\bank-graduation-project-main\\vendor\\laravel\\framework\\src\\Illuminate\\Pipeline\\Pipeline.php(137): Illuminate\\Pipeline\\Pipeline->Illuminate\\Pipeline\\{closure}(Object(Illuminate\\Http\\Request))
#62 C:\\Users\\Doaa alsattari\\Downloads\\bank-graduation-project-main\\bank-graduation-project-main\\vendor\\laravel\\framework\\src\\Illuminate\\Foundation\\Http\\Kernel.php(175): Illuminate\\Pipeline\\Pipeline->then(Object(Closure))
#63 C:\\Users\\Doaa alsattari\\Downloads\\bank-graduation-project-main\\bank-graduation-project-main\\vendor\\laravel\\framework\\src\\Illuminate\\Foundation\\Http\\Kernel.php(144): Illuminate\\Foundation\\Http\\Kernel->sendRequestThroughRouter(Object(Illuminate\\Http\\Request))
#64 C:\\Users\\Doaa alsattari\\Downloads\\bank-graduation-project-main\\bank-graduation-project-main\\vendor\\laravel\\framework\\src\\Illuminate\\Foundation\\Application.php(1220): Illuminate\\Foundation\\Http\\Kernel->handle(Object(Illuminate\\Http\\Request))
#65 C:\\Users\\Doaa alsattari\\Downloads\\bank-graduation-project-main\\bank-graduation-project-main\\public\\index.php(20): Illuminate\\Foundation\\Application->handleRequest(Object(Illuminate\\Http\\Request))
#66 C:\\Users\\Doaa alsattari\\Downloads\\bank-graduation-project-main\\bank-graduation-project-main\\vendor\\laravel\\framework\\src\\Illuminate\\Foundation\\resources\\server.php(23): require_once('C:\\\\Users\\\\Doaa a...')
#67 {main}

[previous exception] [object] (PDOException(code: 42S22): SQLSTATE[42S22]: Column not found: 1054 Unknown column 'transaction_id' in 'where clause' at C:\\Users\\Doaa alsattari\\Downloads\\bank-graduation-project-main\\bank-graduation-project-main\\vendor\\laravel\\framework\\src\\Illuminate\\Database\\Connection.php:406)
[stacktrace]
#0 C:\\Users\\Doaa alsattari\\Downloads\\bank-graduation-project-main\\bank-graduation-project-main\\vendor\\laravel\\framework\\src\\Illuminate\\Database\\Connection.php(406): PDO->prepare('select count(*)...')
#1 C:\\Users\\Doaa alsattari\\Downloads\\bank-graduation-project-main\\bank-graduation-project-main\\vendor\\laravel\\framework\\src\\Illuminate\\Database\\Connection.php(811): Illuminate\\Database\\Connection->Illuminate\\Database\\{closure}('select count(*)...', Array)
#2 C:\\Users\\Doaa alsattari\\Downloads\\bank-graduation-project-main\\bank-graduation-project-main\\vendor\\laravel\\framework\\src\\Illuminate\\Database\\Connection.php(778): Illuminate\\Database\\Connection->runQueryCallback('select count(*)...', Array, Object(Closure))
#3 C:\\Users\\Doaa alsattari\\Downloads\\bank-graduation-project-main\\bank-graduation-project-main\\vendor\\laravel\\framework\\src\\Illuminate\\Database\\Connection.php(397): Illuminate\\Database\\Connection->run('select count(*)...', Array, Object(Closure))
#4 C:\\Users\\Doaa alsattari\\Downloads\\bank-graduation-project-main\\bank-graduation-project-main\\vendor\\laravel\\framework\\src\\Illuminate\\Database\\Query\\Builder.php(3188): Illuminate\\Database\\Connection->select('select count(*)...', Array, true)
#5 C:\\Users\\Doaa alsattari\\Downloads\\bank-graduation-project-main\\bank-graduation-project-main\\vendor\\laravel\\framework\\src\\Illuminate\\Database\\Query\\Builder.php(3173): Illuminate\\Database\\Query\\Builder->runSelect()
#6 C:\\Users\\Doaa alsattari\\Downloads\\bank-graduation-project-main\\bank-graduation-project-main\\vendor\\laravel\\framework\\src\\Illuminate\\Database\\Query\\Builder.php(3763): Illuminate\\Database\\Query\\Builder->Illuminate\\Database\\Query\\{closure}()
#7 C:\\Users\\Doaa alsattari\\Downloads\\bank-graduation-project-main\\bank-graduation-project-main\\vendor\\laravel\\framework\\src\\Illuminate\\Database\\Query\\Builder.php(3172): Illuminate\\Database\\Query\\Builder->onceWithColumns(Array, Object(Closure))
#8 C:\\Users\\Doaa alsattari\\Downloads\\bank-graduation-project-main\\bank-graduation-project-main\\vendor\\laravel\\framework\\src\\Illuminate\\Database\\Query\\Builder.php(3367): Illuminate\\Database\\Query\\Builder->get()
#9 C:\\Users\\Doaa alsattari\\Downloads\\bank-graduation-project-main\\bank-graduation-project-main\\vendor\\laravel\\framework\\src\\Illuminate\\Database\\Query\\Builder.php(3326): Illuminate\\Database\\Query\\Builder->runPaginationCountQuery(Array)
#10 C:\\Users\\Doaa alsattari\\Downloads\\bank-graduation-project-main\\bank-graduation-project-main\\vendor\\laravel\\framework\\src\\Illuminate\\Database\\Eloquent\\Builder.php(1120): Illuminate\\Database\\Query\\Builder->getCountForPagination()
#11 C:\\Users\\Doaa alsattari\\Downloads\\bank-graduation-project-main\\bank-graduation-project-main\\app\\Http\\Controllers\\Admin\\TransactionManagementController.php(64): Illuminate\\Database\\Eloquent\\Builder->paginate(20)
#12 C:\\Users\\Doaa alsattari\\Downloads\\bank-graduation-project-main\\bank-graduation-project-main\\vendor\\laravel\\framework\\src\\Illuminate\\Routing\\ControllerDispatcher.php(46): App\\Http\\Controllers\\Admin\\TransactionManagementController->index(Object(Illuminate\\Http\\Request))
#13 C:\\Users\\Doaa alsattari\\Downloads\\bank-graduation-project-main\\bank-graduation-project-main\\vendor\\laravel\\framework\\src\\Illuminate\\Routing\\Route.php(265): Illuminate\\Routing\\ControllerDispatcher->dispatch(Object(Illuminate\\Routing\\Route), Object(App\\Http\\Controllers\\Admin\\TransactionManagementController), 'index')
#14 C:\\Users\\Doaa alsattari\\Downloads\\bank-graduation-project-main\\bank-graduation-project-main\\vendor\\laravel\\framework\\src\\Illuminate\\Routing\\Route.php(211): Illuminate\\Routing\\Route->runController()
#15 C:\\Users\\Doaa alsattari\\Downloads\\bank-graduation-project-main\\bank-graduation-project-main\\vendor\\laravel\\framework\\src\\Illuminate\\Routing\\Router.php(822): Illuminate\\Routing\\Route->run()
#16 C:\\Users\\Doaa alsattari\\Downloads\\bank-graduation-project-main\\bank-graduation-project-main\\vendor\\laravel\\framework\\src\\Illuminate\\Pipeline\\Pipeline.php(180): Illuminate\\Routing\\Router->Illuminate\\Routing\\{closure}(Object(Illuminate\\Http\\Request))
#17 C:\\Users\\Doaa alsattari\\Downloads\\bank-graduation-project-main\\bank-graduation-project-main\\app\\Http\\Middleware\\CheckPermission.php(27): Illuminate\\Pipeline\\Pipeline->Illuminate\\Pipeline\\{closure}(Object(Illuminate\\Http\\Request))
#18 C:\\Users\\Doaa alsattari\\Downloads\\bank-graduation-project-main\\bank-graduation-project-main\\vendor\\laravel\\framework\\src\\Illuminate\\Pipeline\\Pipeline.php(219): App\\Http\\Middleware\\CheckPermission->handle(Object(Illuminate\\Http\\Request), Object(Closure), 'view_transactio...')
#19 C:\\Users\\Doaa alsattari\\Downloads\\bank-graduation-project-main\\bank-graduation-project-main\\app\\Http\\Middleware\\CheckRole.php(27): Illuminate\\Pipeline\\Pipeline->Illuminate\\Pipeline\\{closure}(Object(Illuminate\\Http\\Request))
#20 C:\\Users\\Doaa alsattari\\Downloads\\bank-graduation-project-main\\bank-graduation-project-main\\vendor\\laravel\\framework\\src\\Illuminate\\Pipeline\\Pipeline.php(219): App\\Http\\Middleware\\CheckRole->handle(Object(Illuminate\\Http\\Request), Object(Closure), 'super_admin', 'admin')
#21 C:\\Users\\Doaa alsattari\\Downloads\\bank-graduation-project-main\\bank-graduation-project-main\\app\\Http\\Middleware\\SetLocale.php(28): Illuminate\\Pipeline\\Pipeline->Illuminate\\Pipeline\\{closure}(Object(Illuminate\\Http\\Request))
#22 C:\\Users\\Doaa alsattari\\Downloads\\bank-graduation-project-main\\bank-graduation-project-main\\vendor\\laravel\\framework\\src\\Illuminate\\Pipeline\\Pipeline.php(219): App\\Http\\Middleware\\SetLocale->handle(Object(Illuminate\\Http\\Request), Object(Closure))
#23 C:\\Users\\Doaa alsattari\\Downloads\\bank-graduation-project-main\\bank-graduation-project-main\\vendor\\laravel\\framework\\src\\Illuminate\\Routing\\Middleware\\SubstituteBindings.php(50): Illuminate\\Pipeline\\Pipeline->Illuminate\\Pipeline\\{closure}(Object(Illuminate\\Http\\Request))
#24 C:\\Users\\Doaa alsattari\\Downloads\\bank-graduation-project-main\\bank-graduation-project-main\\vendor\\laravel\\framework\\src\\Illuminate\\Pipeline\\Pipeline.php(219): Illuminate\\Routing\\Middleware\\SubstituteBindings->handle(Object(Illuminate\\Http\\Request), Object(Closure))
#25 C:\\Users\\Doaa alsattari\\Downloads\\bank-graduation-project-main\\bank-graduation-project-main\\vendor\\laravel\\framework\\src\\Illuminate\\Auth\\Middleware\\Authenticate.php(63): Illuminate\\Pipeline\\Pipeline->Illuminate\\Pipeline\\{closure}(Object(Illuminate\\Http\\Request))
#26 C:\\Users\\Doaa alsattari\\Downloads\\bank-graduation-project-main\\bank-graduation-project-main\\vendor\\laravel\\framework\\src\\Illuminate\\Pipeline\\Pipeline.php(219): Illuminate\\Auth\\Middleware\\Authenticate->handle(Object(Illuminate\\Http\\Request), Object(Closure))
#27 C:\\Users\\Doaa alsattari\\Downloads\\bank-graduation-project-main\\bank-graduation-project-main\\vendor\\laravel\\framework\\src\\Illuminate\\Foundation\\Http\\Middleware\\VerifyCsrfToken.php(87): Illuminate\\Pipeline\\Pipeline->Illuminate\\Pipeline\\{closure}(Object(Illuminate\\Http\\Request))
#28 C:\\Users\\Doaa alsattari\\Downloads\\bank-graduation-project-main\\bank-graduation-project-main\\vendor\\laravel\\framework\\src\\Illuminate\\Pipeline\\Pipeline.php(219): Illuminate\\Foundation\\Http\\Middleware\\VerifyCsrfToken->handle(Object(Illuminate\\Http\\Request), Object(Closure))
#29 C:\\Users\\Doaa alsattari\\Downloads\\bank-graduation-project-main\\bank-graduation-project-main\\vendor\\laravel\\framework\\src\\Illuminate\\View\\Middleware\\ShareErrorsFromSession.php(48): Illuminate\\Pipeline\\Pipeline->Illuminate\\Pipeline\\{closure}(Object(Illuminate\\Http\\Request))
#30 C:\\Users\\Doaa alsattari\\Downloads\\bank-graduation-project-main\\bank-graduation-project-main\\vendor\\laravel\\framework\\src\\Illuminate\\Pipeline\\Pipeline.php(219): Illuminate\\View\\Middleware\\ShareErrorsFromSession->handle(Object(Illuminate\\Http\\Request), Object(Closure))
#31 C:\\Users\\Doaa alsattari\\Downloads\\bank-graduation-project-main\\bank-graduation-project-main\\vendor\\laravel\\framework\\src\\Illuminate\\Session\\Middleware\\StartSession.php(120): Illuminate\\Pipeline\\Pipeline->Illuminate\\Pipeline\\{closure}(Object(Illuminate\\Http\\Request))
#32 C:\\Users\\Doaa alsattari\\Downloads\\bank-graduation-project-main\\bank-graduation-project-main\\vendor\\laravel\\framework\\src\\Illuminate\\Session\\Middleware\\StartSession.php(63): Illuminate\\Session\\Middleware\\StartSession->handleStatefulRequest(Object(Illuminate\\Http\\Request), Object(Illuminate\\Session\\Store), Object(Closure))
#33 C:\\Users\\Doaa alsattari\\Downloads\\bank-graduation-project-main\\bank-graduation-project-main\\vendor\\laravel\\framework\\src\\Illuminate\\Pipeline\\Pipeline.php(219): Illuminate\\Session\\Middleware\\StartSession->handle(Object(Illuminate\\Http\\Request), Object(Closure))
#34 C:\\Users\\Doaa alsattari\\Downloads\\bank-graduation-project-main\\bank-graduation-project-main\\vendor\\laravel\\framework\\src\\Illuminate\\Cookie\\Middleware\\AddQueuedCookiesToResponse.php(36): Illuminate\\Pipeline\\Pipeline->Illuminate\\Pipeline\\{closure}(Object(Illuminate\\Http\\Request))
#35 C:\\Users\\Doaa alsattari\\Downloads\\bank-graduation-project-main\\bank-graduation-project-main\\vendor\\laravel\\framework\\src\\Illuminate\\Pipeline\\Pipeline.php(219): Illuminate\\Cookie\\Middleware\\AddQueuedCookiesToResponse->handle(Object(Illuminate\\Http\\Request), Object(Closure))
#36 C:\\Users\\Doaa alsattari\\Downloads\\bank-graduation-project-main\\bank-graduation-project-main\\vendor\\laravel\\framework\\src\\Illuminate\\Cookie\\Middleware\\EncryptCookies.php(74): Illuminate\\Pipeline\\Pipeline->Illuminate\\Pipeline\\{closure}(Object(Illuminate\\Http\\Request))
#37 C:\\Users\\Doaa alsattari\\Downloads\\bank-graduation-project-main\\bank-graduation-project-main\\vendor\\laravel\\framework\\src\\Illuminate\\Pipeline\\Pipeline.php(219): Illuminate\\Cookie\\Middleware\\EncryptCookies->handle(Object(Illuminate\\Http\\Request), Object(Closure))
#38 C:\\Users\\Doaa alsattari\\Downloads\\bank-graduation-project-main\\bank-graduation-project-main\\vendor\\laravel\\framework\\src\\Illuminate\\Pipeline\\Pipeline.php(137): Illuminate\\Pipeline\\Pipeline->Illuminate\\Pipeline\\{closure}(Object(Illuminate\\Http\\Request))
#39 C:\\Users\\Doaa alsattari\\Downloads\\bank-graduation-project-main\\bank-graduation-project-main\\vendor\\laravel\\framework\\src\\Illuminate\\Routing\\Router.php(821): Illuminate\\Pipeline\\Pipeline->then(Object(Closure))
#40 C:\\Users\\Doaa alsattari\\Downloads\\bank-graduation-project-main\\bank-graduation-project-main\\vendor\\laravel\\framework\\src\\Illuminate\\Routing\\Router.php(800): Illuminate\\Routing\\Router->runRouteWithinStack(Object(Illuminate\\Routing\\Route), Object(Illuminate\\Http\\Request))
#41 C:\\Users\\Doaa alsattari\\Downloads\\bank-graduation-project-main\\bank-graduation-project-main\\vendor\\laravel\\framework\\src\\Illuminate\\Routing\\Router.php(764): Illuminate\\Routing\\Router->runRoute(Object(Illuminate\\Http\\Request), Object(Illuminate\\Routing\\Route))
#42 C:\\Users\\Doaa alsattari\\Downloads\\bank-graduation-project-main\\bank-graduation-project-main\\vendor\\laravel\\framework\\src\\Illuminate\\Routing\\Router.php(753): Illuminate\\Routing\\Router->dispatchToRoute(Object(Illuminate\\Http\\Request))
#43 C:\\Users\\Doaa alsattari\\Downloads\\bank-graduation-project-main\\bank-graduation-project-main\\vendor\\laravel\\framework\\src\\Illuminate\\Foundation\\Http\\Kernel.php(200): Illuminate\\Routing\\Router->dispatch(Object(Illuminate\\Http\\Request))
#44 C:\\Users\\Doaa alsattari\\Downloads\\bank-graduation-project-main\\bank-graduation-project-main\\vendor\\laravel\\framework\\src\\Illuminate\\Pipeline\\Pipeline.php(180): Illuminate\\Foundation\\Http\\Kernel->Illuminate\\Foundation\\Http\\{closure}(Object(Illuminate\\Http\\Request))
#45 C:\\Users\\Doaa alsattari\\Downloads\\bank-graduation-project-main\\bank-graduation-project-main\\vendor\\laravel\\framework\\src\\Illuminate\\Foundation\\Http\\Middleware\\TransformsRequest.php(21): Illuminate\\Pipeline\\Pipeline->Illuminate\\Pipeline\\{closure}(Object(Illuminate\\Http\\Request))
#46 C:\\Users\\Doaa alsattari\\Downloads\\bank-graduation-project-main\\bank-graduation-project-main\\vendor\\laravel\\framework\\src\\Illuminate\\Foundation\\Http\\Middleware\\ConvertEmptyStringsToNull.php(31): Illuminate\\Foundation\\Http\\Middleware\\TransformsRequest->handle(Object(Illuminate\\Http\\Request), Object(Closure))
#47 C:\\Users\\Doaa alsattari\\Downloads\\bank-graduation-project-main\\bank-graduation-project-main\\vendor\\laravel\\framework\\src\\Illuminate\\Pipeline\\Pipeline.php(219): Illuminate\\Foundation\\Http\\Middleware\\ConvertEmptyStringsToNull->handle(Object(Illuminate\\Http\\Request), Object(Closure))
#48 C:\\Users\\Doaa alsattari\\Downloads\\bank-graduation-project-main\\bank-graduation-project-main\\vendor\\laravel\\framework\\src\\Illuminate\\Foundation\\Http\\Middleware\\TransformsRequest.php(21): Illuminate\\Pipeline\\Pipeline->Illuminate\\Pipeline\\{closure}(Object(Illuminate\\Http\\Request))
#49 C:\\Users\\Doaa alsattari\\Downloads\\bank-graduation-project-main\\bank-graduation-project-main\\vendor\\laravel\\framework\\src\\Illuminate\\Foundation\\Http\\Middleware\\TrimStrings.php(51): Illuminate\\Foundation\\Http\\Middleware\\TransformsRequest->handle(Object(Illuminate\\Http\\Request), Object(Closure))
#50 C:\\Users\\Doaa alsattari\\Downloads\\bank-graduation-project-main\\bank-graduation-project-main\\vendor\\laravel\\framework\\src\\Illuminate\\Pipeline\\Pipeline.php(219): Illuminate\\Foundation\\Http\\Middleware\\TrimStrings->handle(Object(Illuminate\\Http\\Request), Object(Closure))
#51 C:\\Users\\Doaa alsattari\\Downloads\\bank-graduation-project-main\\bank-graduation-project-main\\vendor\\laravel\\framework\\src\\Illuminate\\Http\\Middleware\\ValidatePostSize.php(27): Illuminate\\Pipeline\\Pipeline->Illuminate\\Pipeline\\{closure}(Object(Illuminate\\Http\\Request))
#52 C:\\Users\\Doaa alsattari\\Downloads\\bank-graduation-project-main\\bank-graduation-project-main\\vendor\\laravel\\framework\\src\\Illuminate\\Pipeline\\Pipeline.php(219): Illuminate\\Http\\Middleware\\ValidatePostSize->handle(Object(Illuminate\\Http\\Request), Object(Closure))
#53 C:\\Users\\Doaa alsattari\\Downloads\\bank-graduation-project-main\\bank-graduation-project-main\\vendor\\laravel\\framework\\src\\Illuminate\\Foundation\\Http\\Middleware\\PreventRequestsDuringMaintenance.php(109): Illuminate\\Pipeline\\Pipeline->Illuminate\\Pipeline\\{closure}(Object(Illuminate\\Http\\Request))
#54 C:\\Users\\Doaa alsattari\\Downloads\\bank-graduation-project-main\\bank-graduation-project-main\\vendor\\laravel\\framework\\src\\Illuminate\\Pipeline\\Pipeline.php(219): Illuminate\\Foundation\\Http\\Middleware\\PreventRequestsDuringMaintenance->handle(Object(Illuminate\\Http\\Request), Object(Closure))
#55 C:\\Users\\Doaa alsattari\\Downloads\\bank-graduation-project-main\\bank-graduation-project-main\\vendor\\laravel\\framework\\src\\Illuminate\\Http\\Middleware\\HandleCors.php(48): Illuminate\\Pipeline\\Pipeline->Illuminate\\Pipeline\\{closure}(Object(Illuminate\\Http\\Request))
#56 C:\\Users\\Doaa alsattari\\Downloads\\bank-graduation-project-main\\bank-graduation-project-main\\vendor\\laravel\\framework\\src\\Illuminate\\Pipeline\\Pipeline.php(219): Illuminate\\Http\\Middleware\\HandleCors->handle(Object(Illuminate\\Http\\Request), Object(Closure))
#57 C:\\Users\\Doaa alsattari\\Downloads\\bank-graduation-project-main\\bank-graduation-project-main\\vendor\\laravel\\framework\\src\\Illuminate\\Http\\Middleware\\TrustProxies.php(58): Illuminate\\Pipeline\\Pipeline->Illuminate\\Pipeline\\{closure}(Object(Illuminate\\Http\\Request))
#58 C:\\Users\\Doaa alsattari\\Downloads\\bank-graduation-project-main\\bank-graduation-project-main\\vendor\\laravel\\framework\\src\\Illuminate\\Pipeline\\Pipeline.php(219): Illuminate\\Http\\Middleware\\TrustProxies->handle(Object(Illuminate\\Http\\Request), Object(Closure))
#59 C:\\Users\\Doaa alsattari\\Downloads\\bank-graduation-project-main\\bank-graduation-project-main\\vendor\\laravel\\framework\\src\\Illuminate\\Foundation\\Http\\Middleware\\InvokeDeferredCallbacks.php(22): Illuminate\\Pipeline\\Pipeline->Illuminate\\Pipeline\\{closure}(Object(Illuminate\\Http\\Request))
#60 C:\\Users\\Doaa alsattari\\Downloads\\bank-graduation-project-main\\bank-graduation-project-main\\vendor\\laravel\\framework\\src\\Illuminate\\Pipeline\\Pipeline.php(219): Illuminate\\Foundation\\Http\\Middleware\\InvokeDeferredCallbacks->handle(Object(Illuminate\\Http\\Request), Object(Closure))
#61 C:\\Users\\Doaa alsattari\\Downloads\\bank-graduation-project-main\\bank-graduation-project-main\\vendor\\laravel\\framework\\src\\Illuminate\\Http\\Middleware\\ValidatePathEncoding.php(26): Illuminate\\Pipeline\\Pipeline->Illuminate\\Pipeline\\{closure}(Object(Illuminate\\Http\\Request))
#62 C:\\Users\\Doaa alsattari\\Downloads\\bank-graduation-project-main\\bank-graduation-project-main\\vendor\\laravel\\framework\\src\\Illuminate\\Pipeline\\Pipeline.php(219): Illuminate\\Http\\Middleware\\ValidatePathEncoding->handle(Object(Illuminate\\Http\\Request), Object(Closure))
#63 C:\\Users\\Doaa alsattari\\Downloads\\bank-graduation-project-main\\bank-graduation-project-main\\vendor\\laravel\\framework\\src\\Illuminate\\Pipeline\\Pipeline.php(137): Illuminate\\Pipeline\\Pipeline->Illuminate\\Pipeline\\{closure}(Object(Illuminate\\Http\\Request))
#64 C:\\Users\\Doaa alsattari\\Downloads\\bank-graduation-project-main\\bank-graduation-project-main\\vendor\\laravel\\framework\\src\\Illuminate\\Foundation\\Http\\Kernel.php(175): Illuminate\\Pipeline\\Pipeline->then(Object(Closure))
#65 C:\\Users\\Doaa alsattari\\Downloads\\bank-graduation-project-main\\bank-graduation-project-main\\vendor\\laravel\\framework\\src\\Illuminate\\Foundation\\Http\\Kernel.php(144): Illuminate\\Foundation\\Http\\Kernel->sendRequestThroughRouter(Object(Illuminate\\Http\\Request))
#66 C:\\Users\\Doaa alsattari\\Downloads\\bank-graduation-project-main\\bank-graduation-project-main\\vendor\\laravel\\framework\\src\\Illuminate\\Foundation\\Application.php(1220): Illuminate\\Foundation\\Http\\Kernel->handle(Object(Illuminate\\Http\\Request))
#67 C:\\Users\\Doaa alsattari\\Downloads\\bank-graduation-project-main\\bank-graduation-project-main\\public\\index.php(20): Illuminate\\Foundation\\Application->handleRequest(Object(Illuminate\\Http\\Request))
#68 C:\\Users\\Doaa alsattari\\Downloads\\bank-graduation-project-main\\bank-graduation-project-main\\vendor\\laravel\\framework\\src\\Illuminate\\Foundation\\resources\\server.php(23): require_once('C:\\\\Users\\\\Doaa a...')
#69 {main}
"} 
[2025-10-20 12:36:58] local.ERROR: SQLSTATE[42S22]: Column not found: 1054 Unknown column 'transaction_id' in 'where clause' (Connection: mysql, SQL: select count(*) as aggregate from `transactions` where (`transaction_id` like %1% or `description` like %1% or exists (select * from `users` where `transactions`.`sender_id` = `users`.`id` and (`name` like %1% or `email` like %1%)))) {"userId":5,"exception":"[object] (Illuminate\\Database\\QueryException(code: 42S22): SQLSTATE[42S22]: Column not found: 1054 Unknown column 'transaction_id' in 'where clause' (Connection: mysql, SQL: select count(*) as aggregate from `transactions` where (`transaction_id` like %1% or `description` like %1% or exists (select * from `users` where `transactions`.`sender_id` = `users`.`id` and (`name` like %1% or `email` like %1%)))) at C:\\Users\\Doaa alsattari\\Downloads\\bank-graduation-project-main\\bank-graduation-project-main\\vendor\\laravel\\framework\\src\\Illuminate\\Database\\Connection.php:824)
[stacktrace]
#0 C:\\Users\\Doaa alsattari\\Downloads\\bank-graduation-project-main\\bank-graduation-project-main\\vendor\\laravel\\framework\\src\\Illuminate\\Database\\Connection.php(778): Illuminate\\Database\\Connection->runQueryCallback('select count(*)...', Array, Object(Closure))
#1 C:\\Users\\Doaa alsattari\\Downloads\\bank-graduation-project-main\\bank-graduation-project-main\\vendor\\laravel\\framework\\src\\Illuminate\\Database\\Connection.php(397): Illuminate\\Database\\Connection->run('select count(*)...', Array, Object(Closure))
#2 C:\\Users\\Doaa alsattari\\Downloads\\bank-graduation-project-main\\bank-graduation-project-main\\vendor\\laravel\\framework\\src\\Illuminate\\Database\\Query\\Builder.php(3188): Illuminate\\Database\\Connection->select('select count(*)...', Array, true)
#3 C:\\Users\\Doaa alsattari\\Downloads\\bank-graduation-project-main\\bank-graduation-project-main\\vendor\\laravel\\framework\\src\\Illuminate\\Database\\Query\\Builder.php(3173): Illuminate\\Database\\Query\\Builder->runSelect()
#4 C:\\Users\\Doaa alsattari\\Downloads\\bank-graduation-project-main\\bank-graduation-project-main\\vendor\\laravel\\framework\\src\\Illuminate\\Database\\Query\\Builder.php(3763): Illuminate\\Database\\Query\\Builder->Illuminate\\Database\\Query\\{closure}()
#5 C:\\Users\\Doaa alsattari\\Downloads\\bank-graduation-project-main\\bank-graduation-project-main\\vendor\\laravel\\framework\\src\\Illuminate\\Database\\Query\\Builder.php(3172): Illuminate\\Database\\Query\\Builder->onceWithColumns(Array, Object(Closure))
#6 C:\\Users\\Doaa alsattari\\Downloads\\bank-graduation-project-main\\bank-graduation-project-main\\vendor\\laravel\\framework\\src\\Illuminate\\Database\\Query\\Builder.php(3367): Illuminate\\Database\\Query\\Builder->get()
#7 C:\\Users\\Doaa alsattari\\Downloads\\bank-graduation-project-main\\bank-graduation-project-main\\vendor\\laravel\\framework\\src\\Illuminate\\Database\\Query\\Builder.php(3326): Illuminate\\Database\\Query\\Builder->runPaginationCountQuery(Array)
#8 C:\\Users\\Doaa alsattari\\Downloads\\bank-graduation-project-main\\bank-graduation-project-main\\vendor\\laravel\\framework\\src\\Illuminate\\Database\\Eloquent\\Builder.php(1120): Illuminate\\Database\\Query\\Builder->getCountForPagination()
#9 C:\\Users\\Doaa alsattari\\Downloads\\bank-graduation-project-main\\bank-graduation-project-main\\app\\Http\\Controllers\\Admin\\TransactionManagementController.php(64): Illuminate\\Database\\Eloquent\\Builder->paginate(20)
#10 C:\\Users\\Doaa alsattari\\Downloads\\bank-graduation-project-main\\bank-graduation-project-main\\vendor\\laravel\\framework\\src\\Illuminate\\Routing\\ControllerDispatcher.php(46): App\\Http\\Controllers\\Admin\\TransactionManagementController->index(Object(Illuminate\\Http\\Request))
#11 C:\\Users\\Doaa alsattari\\Downloads\\bank-graduation-project-main\\bank-graduation-project-main\\vendor\\laravel\\framework\\src\\Illuminate\\Routing\\Route.php(265): Illuminate\\Routing\\ControllerDispatcher->dispatch(Object(Illuminate\\Routing\\Route), Object(App\\Http\\Controllers\\Admin\\TransactionManagementController), 'index')
#12 C:\\Users\\Doaa alsattari\\Downloads\\bank-graduation-project-main\\bank-graduation-project-main\\vendor\\laravel\\framework\\src\\Illuminate\\Routing\\Route.php(211): Illuminate\\Routing\\Route->runController()
#13 C:\\Users\\Doaa alsattari\\Downloads\\bank-graduation-project-main\\bank-graduation-project-main\\vendor\\laravel\\framework\\src\\Illuminate\\Routing\\Router.php(822): Illuminate\\Routing\\Route->run()
#14 C:\\Users\\Doaa alsattari\\Downloads\\bank-graduation-project-main\\bank-graduation-project-main\\vendor\\laravel\\framework\\src\\Illuminate\\Pipeline\\Pipeline.php(180): Illuminate\\Routing\\Router->Illuminate\\Routing\\{closure}(Object(Illuminate\\Http\\Request))
#15 C:\\Users\\Doaa alsattari\\Downloads\\bank-graduation-project-main\\bank-graduation-project-main\\app\\Http\\Middleware\\CheckPermission.php(27): Illuminate\\Pipeline\\Pipeline->Illuminate\\Pipeline\\{closure}(Object(Illuminate\\Http\\Request))
#16 C:\\Users\\Doaa alsattari\\Downloads\\bank-graduation-project-main\\bank-graduation-project-main\\vendor\\laravel\\framework\\src\\Illuminate\\Pipeline\\Pipeline.php(219): App\\Http\\Middleware\\CheckPermission->handle(Object(Illuminate\\Http\\Request), Object(Closure), 'view_transactio...')
#17 C:\\Users\\Doaa alsattari\\Downloads\\bank-graduation-project-main\\bank-graduation-project-main\\app\\Http\\Middleware\\CheckRole.php(27): Illuminate\\Pipeline\\Pipeline->Illuminate\\Pipeline\\{closure}(Object(Illuminate\\Http\\Request))
#18 C:\\Users\\Doaa alsattari\\Downloads\\bank-graduation-project-main\\bank-graduation-project-main\\vendor\\laravel\\framework\\src\\Illuminate\\Pipeline\\Pipeline.php(219): App\\Http\\Middleware\\CheckRole->handle(Object(Illuminate\\Http\\Request), Object(Closure), 'super_admin', 'admin')
#19 C:\\Users\\Doaa alsattari\\Downloads\\bank-graduation-project-main\\bank-graduation-project-main\\app\\Http\\Middleware\\SetLocale.php(28): Illuminate\\Pipeline\\Pipeline->Illuminate\\Pipeline\\{closure}(Object(Illuminate\\Http\\Request))
#20 C:\\Users\\Doaa alsattari\\Downloads\\bank-graduation-project-main\\bank-graduation-project-main\\vendor\\laravel\\framework\\src\\Illuminate\\Pipeline\\Pipeline.php(219): App\\Http\\Middleware\\SetLocale->handle(Object(Illuminate\\Http\\Request), Object(Closure))
#21 C:\\Users\\Doaa alsattari\\Downloads\\bank-graduation-project-main\\bank-graduation-project-main\\vendor\\laravel\\framework\\src\\Illuminate\\Routing\\Middleware\\SubstituteBindings.php(50): Illuminate\\Pipeline\\Pipeline->Illuminate\\Pipeline\\{closure}(Object(Illuminate\\Http\\Request))
#22 C:\\Users\\Doaa alsattari\\Downloads\\bank-graduation-project-main\\bank-graduation-project-main\\vendor\\laravel\\framework\\src\\Illuminate\\Pipeline\\Pipeline.php(219): Illuminate\\Routing\\Middleware\\SubstituteBindings->handle(Object(Illuminate\\Http\\Request), Object(Closure))
#23 C:\\Users\\Doaa alsattari\\Downloads\\bank-graduation-project-main\\bank-graduation-project-main\\vendor\\laravel\\framework\\src\\Illuminate\\Auth\\Middleware\\Authenticate.php(63): Illuminate\\Pipeline\\Pipeline->Illuminate\\Pipeline\\{closure}(Object(Illuminate\\Http\\Request))
#24 C:\\Users\\Doaa alsattari\\Downloads\\bank-graduation-project-main\\bank-graduation-project-main\\vendor\\laravel\\framework\\src\\Illuminate\\Pipeline\\Pipeline.php(219): Illuminate\\Auth\\Middleware\\Authenticate->handle(Object(Illuminate\\Http\\Request), Object(Closure))
#25 C:\\Users\\Doaa alsattari\\Downloads\\bank-graduation-project-main\\bank-graduation-project-main\\vendor\\laravel\\framework\\src\\Illuminate\\Foundation\\Http\\Middleware\\VerifyCsrfToken.php(87): Illuminate\\Pipeline\\Pipeline->Illuminate\\Pipeline\\{closure}(Object(Illuminate\\Http\\Request))
#26 C:\\Users\\Doaa alsattari\\Downloads\\bank-graduation-project-main\\bank-graduation-project-main\\vendor\\laravel\\framework\\src\\Illuminate\\Pipeline\\Pipeline.php(219): Illuminate\\Foundation\\Http\\Middleware\\VerifyCsrfToken->handle(Object(Illuminate\\Http\\Request), Object(Closure))
#27 C:\\Users\\Doaa alsattari\\Downloads\\bank-graduation-project-main\\bank-graduation-project-main\\vendor\\laravel\\framework\\src\\Illuminate\\View\\Middleware\\ShareErrorsFromSession.php(48): Illuminate\\Pipeline\\Pipeline->Illuminate\\Pipeline\\{closure}(Object(Illuminate\\Http\\Request))
#28 C:\\Users\\Doaa alsattari\\Downloads\\bank-graduation-project-main\\bank-graduation-project-main\\vendor\\laravel\\framework\\src\\Illuminate\\Pipeline\\Pipeline.php(219): Illuminate\\View\\Middleware\\ShareErrorsFromSession->handle(Object(Illuminate\\Http\\Request), Object(Closure))
#29 C:\\Users\\Doaa alsattari\\Downloads\\bank-graduation-project-main\\bank-graduation-project-main\\vendor\\laravel\\framework\\src\\Illuminate\\Session\\Middleware\\StartSession.php(120): Illuminate\\Pipeline\\Pipeline->Illuminate\\Pipeline\\{closure}(Object(Illuminate\\Http\\Request))
#30 C:\\Users\\Doaa alsattari\\Downloads\\bank-graduation-project-main\\bank-graduation-project-main\\vendor\\laravel\\framework\\src\\Illuminate\\Session\\Middleware\\StartSession.php(63): Illuminate\\Session\\Middleware\\StartSession->handleStatefulRequest(Object(Illuminate\\Http\\Request), Object(Illuminate\\Session\\Store), Object(Closure))
#31 C:\\Users\\Doaa alsattari\\Downloads\\bank-graduation-project-main\\bank-graduation-project-main\\vendor\\laravel\\framework\\src\\Illuminate\\Pipeline\\Pipeline.php(219): Illuminate\\Session\\Middleware\\StartSession->handle(Object(Illuminate\\Http\\Request), Object(Closure))
#32 C:\\Users\\Doaa alsattari\\Downloads\\bank-graduation-project-main\\bank-graduation-project-main\\vendor\\laravel\\framework\\src\\Illuminate\\Cookie\\Middleware\\AddQueuedCookiesToResponse.php(36): Illuminate\\Pipeline\\Pipeline->Illuminate\\Pipeline\\{closure}(Object(Illuminate\\Http\\Request))
#33 C:\\Users\\Doaa alsattari\\Downloads\\bank-graduation-project-main\\bank-graduation-project-main\\vendor\\laravel\\framework\\src\\Illuminate\\Pipeline\\Pipeline.php(219): Illuminate\\Cookie\\Middleware\\AddQueuedCookiesToResponse->handle(Object(Illuminate\\Http\\Request), Object(Closure))
#34 C:\\Users\\Doaa alsattari\\Downloads\\bank-graduation-project-main\\bank-graduation-project-main\\vendor\\laravel\\framework\\src\\Illuminate\\Cookie\\Middleware\\EncryptCookies.php(74): Illuminate\\Pipeline\\Pipeline->Illuminate\\Pipeline\\{closure}(Object(Illuminate\\Http\\Request))
#35 C:\\Users\\Doaa alsattari\\Downloads\\bank-graduation-project-main\\bank-graduation-project-main\\vendor\\laravel\\framework\\src\\Illuminate\\Pipeline\\Pipeline.php(219): Illuminate\\Cookie\\Middleware\\EncryptCookies->handle(Object(Illuminate\\Http\\Request), Object(Closure))
#36 C:\\Users\\Doaa alsattari\\Downloads\\bank-graduation-project-main\\bank-graduation-project-main\\vendor\\laravel\\framework\\src\\Illuminate\\Pipeline\\Pipeline.php(137): Illuminate\\Pipeline\\Pipeline->Illuminate\\Pipeline\\{closure}(Object(Illuminate\\Http\\Request))
#37 C:\\Users\\Doaa alsattari\\Downloads\\bank-graduation-project-main\\bank-graduation-project-main\\vendor\\laravel\\framework\\src\\Illuminate\\Routing\\Router.php(821): Illuminate\\Pipeline\\Pipeline->then(Object(Closure))
#38 C:\\Users\\Doaa alsattari\\Downloads\\bank-graduation-project-main\\bank-graduation-project-main\\vendor\\laravel\\framework\\src\\Illuminate\\Routing\\Router.php(800): Illuminate\\Routing\\Router->runRouteWithinStack(Object(Illuminate\\Routing\\Route), Object(Illuminate\\Http\\Request))
#39 C:\\Users\\Doaa alsattari\\Downloads\\bank-graduation-project-main\\bank-graduation-project-main\\vendor\\laravel\\framework\\src\\Illuminate\\Routing\\Router.php(764): Illuminate\\Routing\\Router->runRoute(Object(Illuminate\\Http\\Request), Object(Illuminate\\Routing\\Route))
#40 C:\\Users\\Doaa alsattari\\Downloads\\bank-graduation-project-main\\bank-graduation-project-main\\vendor\\laravel\\framework\\src\\Illuminate\\Routing\\Router.php(753): Illuminate\\Routing\\Router->dispatchToRoute(Object(Illuminate\\Http\\Request))
#41 C:\\Users\\Doaa alsattari\\Downloads\\bank-graduation-project-main\\bank-graduation-project-main\\vendor\\laravel\\framework\\src\\Illuminate\\Foundation\\Http\\Kernel.php(200): Illuminate\\Routing\\Router->dispatch(Object(Illuminate\\Http\\Request))
#42 C:\\Users\\Doaa alsattari\\Downloads\\bank-graduation-project-main\\bank-graduation-project-main\\vendor\\laravel\\framework\\src\\Illuminate\\Pipeline\\Pipeline.php(180): Illuminate\\Foundation\\Http\\Kernel->Illuminate\\Foundation\\Http\\{closure}(Object(Illuminate\\Http\\Request))
#43 C:\\Users\\Doaa alsattari\\Downloads\\bank-graduation-project-main\\bank-graduation-project-main\\vendor\\laravel\\framework\\src\\Illuminate\\Foundation\\Http\\Middleware\\TransformsRequest.php(21): Illuminate\\Pipeline\\Pipeline->Illuminate\\Pipeline\\{closure}(Object(Illuminate\\Http\\Request))
#44 C:\\Users\\Doaa alsattari\\Downloads\\bank-graduation-project-main\\bank-graduation-project-main\\vendor\\laravel\\framework\\src\\Illuminate\\Foundation\\Http\\Middleware\\ConvertEmptyStringsToNull.php(31): Illuminate\\Foundation\\Http\\Middleware\\TransformsRequest->handle(Object(Illuminate\\Http\\Request), Object(Closure))
#45 C:\\Users\\Doaa alsattari\\Downloads\\bank-graduation-project-main\\bank-graduation-project-main\\vendor\\laravel\\framework\\src\\Illuminate\\Pipeline\\Pipeline.php(219): Illuminate\\Foundation\\Http\\Middleware\\ConvertEmptyStringsToNull->handle(Object(Illuminate\\Http\\Request), Object(Closure))
#46 C:\\Users\\Doaa alsattari\\Downloads\\bank-graduation-project-main\\bank-graduation-project-main\\vendor\\laravel\\framework\\src\\Illuminate\\Foundation\\Http\\Middleware\\TransformsRequest.php(21): Illuminate\\Pipeline\\Pipeline->Illuminate\\Pipeline\\{closure}(Object(Illuminate\\Http\\Request))
#47 C:\\Users\\Doaa alsattari\\Downloads\\bank-graduation-project-main\\bank-graduation-project-main\\vendor\\laravel\\framework\\src\\Illuminate\\Foundation\\Http\\Middleware\\TrimStrings.php(51): Illuminate\\Foundation\\Http\\Middleware\\TransformsRequest->handle(Object(Illuminate\\Http\\Request), Object(Closure))
#48 C:\\Users\\Doaa alsattari\\Downloads\\bank-graduation-project-main\\bank-graduation-project-main\\vendor\\laravel\\framework\\src\\Illuminate\\Pipeline\\Pipeline.php(219): Illuminate\\Foundation\\Http\\Middleware\\TrimStrings->handle(Object(Illuminate\\Http\\Request), Object(Closure))
#49 C:\\Users\\Doaa alsattari\\Downloads\\bank-graduation-project-main\\bank-graduation-project-main\\vendor\\laravel\\framework\\src\\Illuminate\\Http\\Middleware\\ValidatePostSize.php(27): Illuminate\\Pipeline\\Pipeline->Illuminate\\Pipeline\\{closure}(Object(Illuminate\\Http\\Request))
#50 C:\\Users\\Doaa alsattari\\Downloads\\bank-graduation-project-main\\bank-graduation-project-main\\vendor\\laravel\\framework\\src\\Illuminate\\Pipeline\\Pipeline.php(219): Illuminate\\Http\\Middleware\\ValidatePostSize->handle(Object(Illuminate\\Http\\Request), Object(Closure))
#51 C:\\Users\\Doaa alsattari\\Downloads\\bank-graduation-project-main\\bank-graduation-project-main\\vendor\\laravel\\framework\\src\\Illuminate\\Foundation\\Http\\Middleware\\PreventRequestsDuringMaintenance.php(109): Illuminate\\Pipeline\\Pipeline->Illuminate\\Pipeline\\{closure}(Object(Illuminate\\Http\\Request))
#52 C:\\Users\\Doaa alsattari\\Downloads\\bank-graduation-project-main\\bank-graduation-project-main\\vendor\\laravel\\framework\\src\\Illuminate\\Pipeline\\Pipeline.php(219): Illuminate\\Foundation\\Http\\Middleware\\PreventRequestsDuringMaintenance->handle(Object(Illuminate\\Http\\Request), Object(Closure))
#53 C:\\Users\\Doaa alsattari\\Downloads\\bank-graduation-project-main\\bank-graduation-project-main\\vendor\\laravel\\framework\\src\\Illuminate\\Http\\Middleware\\HandleCors.php(48): Illuminate\\Pipeline\\Pipeline->Illuminate\\Pipeline\\{closure}(Object(Illuminate\\Http\\Request))
#54 C:\\Users\\Doaa alsattari\\Downloads\\bank-graduation-project-main\\bank-graduation-project-main\\vendor\\laravel\\framework\\src\\Illuminate\\Pipeline\\Pipeline.php(219): Illuminate\\Http\\Middleware\\HandleCors->handle(Object(Illuminate\\Http\\Request), Object(Closure))
#55 C:\\Users\\Doaa alsattari\\Downloads\\bank-graduation-project-main\\bank-graduation-project-main\\vendor\\laravel\\framework\\src\\Illuminate\\Http\\Middleware\\TrustProxies.php(58): Illuminate\\Pipeline\\Pipeline->Illuminate\\Pipeline\\{closure}(Object(Illuminate\\Http\\Request))
#56 C:\\Users\\Doaa alsattari\\Downloads\\bank-graduation-project-main\\bank-graduation-project-main\\vendor\\laravel\\framework\\src\\Illuminate\\Pipeline\\Pipeline.php(219): Illuminate\\Http\\Middleware\\TrustProxies->handle(Object(Illuminate\\Http\\Request), Object(Closure))
#57 C:\\Users\\Doaa alsattari\\Downloads\\bank-graduation-project-main\\bank-graduation-project-main\\vendor\\laravel\\framework\\src\\Illuminate\\Foundation\\Http\\Middleware\\InvokeDeferredCallbacks.php(22): Illuminate\\Pipeline\\Pipeline->Illuminate\\Pipeline\\{closure}(Object(Illuminate\\Http\\Request))
#58 C:\\Users\\Doaa alsattari\\Downloads\\bank-graduation-project-main\\bank-graduation-project-main\\vendor\\laravel\\framework\\src\\Illuminate\\Pipeline\\Pipeline.php(219): Illuminate\\Foundation\\Http\\Middleware\\InvokeDeferredCallbacks->handle(Object(Illuminate\\Http\\Request), Object(Closure))
#59 C:\\Users\\Doaa alsattari\\Downloads\\bank-graduation-project-main\\bank-graduation-project-main\\vendor\\laravel\\framework\\src\\Illuminate\\Http\\Middleware\\ValidatePathEncoding.php(26): Illuminate\\Pipeline\\Pipeline->Illuminate\\Pipeline\\{closure}(Object(Illuminate\\Http\\Request))
#60 C:\\Users\\Doaa alsattari\\Downloads\\bank-graduation-project-main\\bank-graduation-project-main\\vendor\\laravel\\framework\\src\\Illuminate\\Pipeline\\Pipeline.php(219): Illuminate\\Http\\Middleware\\ValidatePathEncoding->handle(Object(Illuminate\\Http\\Request), Object(Closure))
#61 C:\\Users\\Doaa alsattari\\Downloads\\bank-graduation-project-main\\bank-graduation-project-main\\vendor\\laravel\\framework\\src\\Illuminate\\Pipeline\\Pipeline.php(137): Illuminate\\Pipeline\\Pipeline->Illuminate\\Pipeline\\{closure}(Object(Illuminate\\Http\\Request))
#62 C:\\Users\\Doaa alsattari\\Downloads\\bank-graduation-project-main\\bank-graduation-project-main\\vendor\\laravel\\framework\\src\\Illuminate\\Foundation\\Http\\Kernel.php(175): Illuminate\\Pipeline\\Pipeline->then(Object(Closure))
#63 C:\\Users\\Doaa alsattari\\Downloads\\bank-graduation-project-main\\bank-graduation-project-main\\vendor\\laravel\\framework\\src\\Illuminate\\Foundation\\Http\\Kernel.php(144): Illuminate\\Foundation\\Http\\Kernel->sendRequestThroughRouter(Object(Illuminate\\Http\\Request))
#64 C:\\Users\\Doaa alsattari\\Downloads\\bank-graduation-project-main\\bank-graduation-project-main\\vendor\\laravel\\framework\\src\\Illuminate\\Foundation\\Application.php(1220): Illuminate\\Foundation\\Http\\Kernel->handle(Object(Illuminate\\Http\\Request))
#65 C:\\Users\\Doaa alsattari\\Downloads\\bank-graduation-project-main\\bank-graduation-project-main\\public\\index.php(20): Illuminate\\Foundation\\Application->handleRequest(Object(Illuminate\\Http\\Request))
#66 C:\\Users\\Doaa alsattari\\Downloads\\bank-graduation-project-main\\bank-graduation-project-main\\vendor\\laravel\\framework\\src\\Illuminate\\Foundation\\resources\\server.php(23): require_once('C:\\\\Users\\\\Doaa a...')
#67 {main}

[previous exception] [object] (PDOException(code: 42S22): SQLSTATE[42S22]: Column not found: 1054 Unknown column 'transaction_id' in 'where clause' at C:\\Users\\Doaa alsattari\\Downloads\\bank-graduation-project-main\\bank-graduation-project-main\\vendor\\laravel\\framework\\src\\Illuminate\\Database\\Connection.php:406)
[stacktrace]
#0 C:\\Users\\Doaa alsattari\\Downloads\\bank-graduation-project-main\\bank-graduation-project-main\\vendor\\laravel\\framework\\src\\Illuminate\\Database\\Connection.php(406): PDO->prepare('select count(*)...')
#1 C:\\Users\\Doaa alsattari\\Downloads\\bank-graduation-project-main\\bank-graduation-project-main\\vendor\\laravel\\framework\\src\\Illuminate\\Database\\Connection.php(811): Illuminate\\Database\\Connection->Illuminate\\Database\\{closure}('select count(*)...', Array)
#2 C:\\Users\\Doaa alsattari\\Downloads\\bank-graduation-project-main\\bank-graduation-project-main\\vendor\\laravel\\framework\\src\\Illuminate\\Database\\Connection.php(778): Illuminate\\Database\\Connection->runQueryCallback('select count(*)...', Array, Object(Closure))
#3 C:\\Users\\Doaa alsattari\\Downloads\\bank-graduation-project-main\\bank-graduation-project-main\\vendor\\laravel\\framework\\src\\Illuminate\\Database\\Connection.php(397): Illuminate\\Database\\Connection->run('select count(*)...', Array, Object(Closure))
#4 C:\\Users\\Doaa alsattari\\Downloads\\bank-graduation-project-main\\bank-graduation-project-main\\vendor\\laravel\\framework\\src\\Illuminate\\Database\\Query\\Builder.php(3188): Illuminate\\Database\\Connection->select('select count(*)...', Array, true)
#5 C:\\Users\\Doaa alsattari\\Downloads\\bank-graduation-project-main\\bank-graduation-project-main\\vendor\\laravel\\framework\\src\\Illuminate\\Database\\Query\\Builder.php(3173): Illuminate\\Database\\Query\\Builder->runSelect()
#6 C:\\Users\\Doaa alsattari\\Downloads\\bank-graduation-project-main\\bank-graduation-project-main\\vendor\\laravel\\framework\\src\\Illuminate\\Database\\Query\\Builder.php(3763): Illuminate\\Database\\Query\\Builder->Illuminate\\Database\\Query\\{closure}()
#7 C:\\Users\\Doaa alsattari\\Downloads\\bank-graduation-project-main\\bank-graduation-project-main\\vendor\\laravel\\framework\\src\\Illuminate\\Database\\Query\\Builder.php(3172): Illuminate\\Database\\Query\\Builder->onceWithColumns(Array, Object(Closure))
#8 C:\\Users\\Doaa alsattari\\Downloads\\bank-graduation-project-main\\bank-graduation-project-main\\vendor\\laravel\\framework\\src\\Illuminate\\Database\\Query\\Builder.php(3367): Illuminate\\Database\\Query\\Builder->get()
#9 C:\\Users\\Doaa alsattari\\Downloads\\bank-graduation-project-main\\bank-graduation-project-main\\vendor\\laravel\\framework\\src\\Illuminate\\Database\\Query\\Builder.php(3326): Illuminate\\Database\\Query\\Builder->runPaginationCountQuery(Array)
#10 C:\\Users\\Doaa alsattari\\Downloads\\bank-graduation-project-main\\bank-graduation-project-main\\vendor\\laravel\\framework\\src\\Illuminate\\Database\\Eloquent\\Builder.php(1120): Illuminate\\Database\\Query\\Builder->getCountForPagination()
#11 C:\\Users\\Doaa alsattari\\Downloads\\bank-graduation-project-main\\bank-graduation-project-main\\app\\Http\\Controllers\\Admin\\TransactionManagementController.php(64): Illuminate\\Database\\Eloquent\\Builder->paginate(20)
#12 C:\\Users\\Doaa alsattari\\Downloads\\bank-graduation-project-main\\bank-graduation-project-main\\vendor\\laravel\\framework\\src\\Illuminate\\Routing\\ControllerDispatcher.php(46): App\\Http\\Controllers\\Admin\\TransactionManagementController->index(Object(Illuminate\\Http\\Request))
#13 C:\\Users\\Doaa alsattari\\Downloads\\bank-graduation-project-main\\bank-graduation-project-main\\vendor\\laravel\\framework\\src\\Illuminate\\Routing\\Route.php(265): Illuminate\\Routing\\ControllerDispatcher->dispatch(Object(Illuminate\\Routing\\Route), Object(App\\Http\\Controllers\\Admin\\TransactionManagementController), 'index')
#14 C:\\Users\\Doaa alsattari\\Downloads\\bank-graduation-project-main\\bank-graduation-project-main\\vendor\\laravel\\framework\\src\\Illuminate\\Routing\\Route.php(211): Illuminate\\Routing\\Route->runController()
#15 C:\\Users\\Doaa alsattari\\Downloads\\bank-graduation-project-main\\bank-graduation-project-main\\vendor\\laravel\\framework\\src\\Illuminate\\Routing\\Router.php(822): Illuminate\\Routing\\Route->run()
#16 C:\\Users\\Doaa alsattari\\Downloads\\bank-graduation-project-main\\bank-graduation-project-main\\vendor\\laravel\\framework\\src\\Illuminate\\Pipeline\\Pipeline.php(180): Illuminate\\Routing\\Router->Illuminate\\Routing\\{closure}(Object(Illuminate\\Http\\Request))
#17 C:\\Users\\Doaa alsattari\\Downloads\\bank-graduation-project-main\\bank-graduation-project-main\\app\\Http\\Middleware\\CheckPermission.php(27): Illuminate\\Pipeline\\Pipeline->Illuminate\\Pipeline\\{closure}(Object(Illuminate\\Http\\Request))
#18 C:\\Users\\Doaa alsattari\\Downloads\\bank-graduation-project-main\\bank-graduation-project-main\\vendor\\laravel\\framework\\src\\Illuminate\\Pipeline\\Pipeline.php(219): App\\Http\\Middleware\\CheckPermission->handle(Object(Illuminate\\Http\\Request), Object(Closure), 'view_transactio...')
#19 C:\\Users\\Doaa alsattari\\Downloads\\bank-graduation-project-main\\bank-graduation-project-main\\app\\Http\\Middleware\\CheckRole.php(27): Illuminate\\Pipeline\\Pipeline->Illuminate\\Pipeline\\{closure}(Object(Illuminate\\Http\\Request))
#20 C:\\Users\\Doaa alsattari\\Downloads\\bank-graduation-project-main\\bank-graduation-project-main\\vendor\\laravel\\framework\\src\\Illuminate\\Pipeline\\Pipeline.php(219): App\\Http\\Middleware\\CheckRole->handle(Object(Illuminate\\Http\\Request), Object(Closure), 'super_admin', 'admin')
#21 C:\\Users\\Doaa alsattari\\Downloads\\bank-graduation-project-main\\bank-graduation-project-main\\app\\Http\\Middleware\\SetLocale.php(28): Illuminate\\Pipeline\\Pipeline->Illuminate\\Pipeline\\{closure}(Object(Illuminate\\Http\\Request))
#22 C:\\Users\\Doaa alsattari\\Downloads\\bank-graduation-project-main\\bank-graduation-project-main\\vendor\\laravel\\framework\\src\\Illuminate\\Pipeline\\Pipeline.php(219): App\\Http\\Middleware\\SetLocale->handle(Object(Illuminate\\Http\\Request), Object(Closure))
#23 C:\\Users\\Doaa alsattari\\Downloads\\bank-graduation-project-main\\bank-graduation-project-main\\vendor\\laravel\\framework\\src\\Illuminate\\Routing\\Middleware\\SubstituteBindings.php(50): Illuminate\\Pipeline\\Pipeline->Illuminate\\Pipeline\\{closure}(Object(Illuminate\\Http\\Request))
#24 C:\\Users\\Doaa alsattari\\Downloads\\bank-graduation-project-main\\bank-graduation-project-main\\vendor\\laravel\\framework\\src\\Illuminate\\Pipeline\\Pipeline.php(219): Illuminate\\Routing\\Middleware\\SubstituteBindings->handle(Object(Illuminate\\Http\\Request), Object(Closure))
#25 C:\\Users\\Doaa alsattari\\Downloads\\bank-graduation-project-main\\bank-graduation-project-main\\vendor\\laravel\\framework\\src\\Illuminate\\Auth\\Middleware\\Authenticate.php(63): Illuminate\\Pipeline\\Pipeline->Illuminate\\Pipeline\\{closure}(Object(Illuminate\\Http\\Request))
#26 C:\\Users\\Doaa alsattari\\Downloads\\bank-graduation-project-main\\bank-graduation-project-main\\vendor\\laravel\\framework\\src\\Illuminate\\Pipeline\\Pipeline.php(219): Illuminate\\Auth\\Middleware\\Authenticate->handle(Object(Illuminate\\Http\\Request), Object(Closure))
#27 C:\\Users\\Doaa alsattari\\Downloads\\bank-graduation-project-main\\bank-graduation-project-main\\vendor\\laravel\\framework\\src\\Illuminate\\Foundation\\Http\\Middleware\\VerifyCsrfToken.php(87): Illuminate\\Pipeline\\Pipeline->Illuminate\\Pipeline\\{closure}(Object(Illuminate\\Http\\Request))
#28 C:\\Users\\Doaa alsattari\\Downloads\\bank-graduation-project-main\\bank-graduation-project-main\\vendor\\laravel\\framework\\src\\Illuminate\\Pipeline\\Pipeline.php(219): Illuminate\\Foundation\\Http\\Middleware\\VerifyCsrfToken->handle(Object(Illuminate\\Http\\Request), Object(Closure))
#29 C:\\Users\\Doaa alsattari\\Downloads\\bank-graduation-project-main\\bank-graduation-project-main\\vendor\\laravel\\framework\\src\\Illuminate\\View\\Middleware\\ShareErrorsFromSession.php(48): Illuminate\\Pipeline\\Pipeline->Illuminate\\Pipeline\\{closure}(Object(Illuminate\\Http\\Request))
#30 C:\\Users\\Doaa alsattari\\Downloads\\bank-graduation-project-main\\bank-graduation-project-main\\vendor\\laravel\\framework\\src\\Illuminate\\Pipeline\\Pipeline.php(219): Illuminate\\View\\Middleware\\ShareErrorsFromSession->handle(Object(Illuminate\\Http\\Request), Object(Closure))
#31 C:\\Users\\Doaa alsattari\\Downloads\\bank-graduation-project-main\\bank-graduation-project-main\\vendor\\laravel\\framework\\src\\Illuminate\\Session\\Middleware\\StartSession.php(120): Illuminate\\Pipeline\\Pipeline->Illuminate\\Pipeline\\{closure}(Object(Illuminate\\Http\\Request))
#32 C:\\Users\\Doaa alsattari\\Downloads\\bank-graduation-project-main\\bank-graduation-project-main\\vendor\\laravel\\framework\\src\\Illuminate\\Session\\Middleware\\StartSession.php(63): Illuminate\\Session\\Middleware\\StartSession->handleStatefulRequest(Object(Illuminate\\Http\\Request), Object(Illuminate\\Session\\Store), Object(Closure))
#33 C:\\Users\\Doaa alsattari\\Downloads\\bank-graduation-project-main\\bank-graduation-project-main\\vendor\\laravel\\framework\\src\\Illuminate\\Pipeline\\Pipeline.php(219): Illuminate\\Session\\Middleware\\StartSession->handle(Object(Illuminate\\Http\\Request), Object(Closure))
#34 C:\\Users\\Doaa alsattari\\Downloads\\bank-graduation-project-main\\bank-graduation-project-main\\vendor\\laravel\\framework\\src\\Illuminate\\Cookie\\Middleware\\AddQueuedCookiesToResponse.php(36): Illuminate\\Pipeline\\Pipeline->Illuminate\\Pipeline\\{closure}(Object(Illuminate\\Http\\Request))
#35 C:\\Users\\Doaa alsattari\\Downloads\\bank-graduation-project-main\\bank-graduation-project-main\\vendor\\laravel\\framework\\src\\Illuminate\\Pipeline\\Pipeline.php(219): Illuminate\\Cookie\\Middleware\\AddQueuedCookiesToResponse->handle(Object(Illuminate\\Http\\Request), Object(Closure))
#36 C:\\Users\\Doaa alsattari\\Downloads\\bank-graduation-project-main\\bank-graduation-project-main\\vendor\\laravel\\framework\\src\\Illuminate\\Cookie\\Middleware\\EncryptCookies.php(74): Illuminate\\Pipeline\\Pipeline->Illuminate\\Pipeline\\{closure}(Object(Illuminate\\Http\\Request))
#37 C:\\Users\\Doaa alsattari\\Downloads\\bank-graduation-project-main\\bank-graduation-project-main\\vendor\\laravel\\framework\\src\\Illuminate\\Pipeline\\Pipeline.php(219): Illuminate\\Cookie\\Middleware\\EncryptCookies->handle(Object(Illuminate\\Http\\Request), Object(Closure))
#38 C:\\Users\\Doaa alsattari\\Downloads\\bank-graduation-project-main\\bank-graduation-project-main\\vendor\\laravel\\framework\\src\\Illuminate\\Pipeline\\Pipeline.php(137): Illuminate\\Pipeline\\Pipeline->Illuminate\\Pipeline\\{closure}(Object(Illuminate\\Http\\Request))
#39 C:\\Users\\Doaa alsattari\\Downloads\\bank-graduation-project-main\\bank-graduation-project-main\\vendor\\laravel\\framework\\src\\Illuminate\\Routing\\Router.php(821): Illuminate\\Pipeline\\Pipeline->then(Object(Closure))
#40 C:\\Users\\Doaa alsattari\\Downloads\\bank-graduation-project-main\\bank-graduation-project-main\\vendor\\laravel\\framework\\src\\Illuminate\\Routing\\Router.php(800): Illuminate\\Routing\\Router->runRouteWithinStack(Object(Illuminate\\Routing\\Route), Object(Illuminate\\Http\\Request))
#41 C:\\Users\\Doaa alsattari\\Downloads\\bank-graduation-project-main\\bank-graduation-project-main\\vendor\\laravel\\framework\\src\\Illuminate\\Routing\\Router.php(764): Illuminate\\Routing\\Router->runRoute(Object(Illuminate\\Http\\Request), Object(Illuminate\\Routing\\Route))
#42 C:\\Users\\Doaa alsattari\\Downloads\\bank-graduation-project-main\\bank-graduation-project-main\\vendor\\laravel\\framework\\src\\Illuminate\\Routing\\Router.php(753): Illuminate\\Routing\\Router->dispatchToRoute(Object(Illuminate\\Http\\Request))
#43 C:\\Users\\Doaa alsattari\\Downloads\\bank-graduation-project-main\\bank-graduation-project-main\\vendor\\laravel\\framework\\src\\Illuminate\\Foundation\\Http\\Kernel.php(200): Illuminate\\Routing\\Router->dispatch(Object(Illuminate\\Http\\Request))
#44 C:\\Users\\Doaa alsattari\\Downloads\\bank-graduation-project-main\\bank-graduation-project-main\\vendor\\laravel\\framework\\src\\Illuminate\\Pipeline\\Pipeline.php(180): Illuminate\\Foundation\\Http\\Kernel->Illuminate\\Foundation\\Http\\{closure}(Object(Illuminate\\Http\\Request))
#45 C:\\Users\\Doaa alsattari\\Downloads\\bank-graduation-project-main\\bank-graduation-project-main\\vendor\\laravel\\framework\\src\\Illuminate\\Foundation\\Http\\Middleware\\TransformsRequest.php(21): Illuminate\\Pipeline\\Pipeline->Illuminate\\Pipeline\\{closure}(Object(Illuminate\\Http\\Request))
#46 C:\\Users\\Doaa alsattari\\Downloads\\bank-graduation-project-main\\bank-graduation-project-main\\vendor\\laravel\\framework\\src\\Illuminate\\Foundation\\Http\\Middleware\\ConvertEmptyStringsToNull.php(31): Illuminate\\Foundation\\Http\\Middleware\\TransformsRequest->handle(Object(Illuminate\\Http\\Request), Object(Closure))
#47 C:\\Users\\Doaa alsattari\\Downloads\\bank-graduation-project-main\\bank-graduation-project-main\\vendor\\laravel\\framework\\src\\Illuminate\\Pipeline\\Pipeline.php(219): Illuminate\\Foundation\\Http\\Middleware\\ConvertEmptyStringsToNull->handle(Object(Illuminate\\Http\\Request), Object(Closure))
#48 C:\\Users\\Doaa alsattari\\Downloads\\bank-graduation-project-main\\bank-graduation-project-main\\vendor\\laravel\\framework\\src\\Illuminate\\Foundation\\Http\\Middleware\\TransformsRequest.php(21): Illuminate\\Pipeline\\Pipeline->Illuminate\\Pipeline\\{closure}(Object(Illuminate\\Http\\Request))
#49 C:\\Users\\Doaa alsattari\\Downloads\\bank-graduation-project-main\\bank-graduation-project-main\\vendor\\laravel\\framework\\src\\Illuminate\\Foundation\\Http\\Middleware\\TrimStrings.php(51): Illuminate\\Foundation\\Http\\Middleware\\TransformsRequest->handle(Object(Illuminate\\Http\\Request), Object(Closure))
#50 C:\\Users\\Doaa alsattari\\Downloads\\bank-graduation-project-main\\bank-graduation-project-main\\vendor\\laravel\\framework\\src\\Illuminate\\Pipeline\\Pipeline.php(219): Illuminate\\Foundation\\Http\\Middleware\\TrimStrings->handle(Object(Illuminate\\Http\\Request), Object(Closure))
#51 C:\\Users\\Doaa alsattari\\Downloads\\bank-graduation-project-main\\bank-graduation-project-main\\vendor\\laravel\\framework\\src\\Illuminate\\Http\\Middleware\\ValidatePostSize.php(27): Illuminate\\Pipeline\\Pipeline->Illuminate\\Pipeline\\{closure}(Object(Illuminate\\Http\\Request))
#52 C:\\Users\\Doaa alsattari\\Downloads\\bank-graduation-project-main\\bank-graduation-project-main\\vendor\\laravel\\framework\\src\\Illuminate\\Pipeline\\Pipeline.php(219): Illuminate\\Http\\Middleware\\ValidatePostSize->handle(Object(Illuminate\\Http\\Request), Object(Closure))
#53 C:\\Users\\Doaa alsattari\\Downloads\\bank-graduation-project-main\\bank-graduation-project-main\\vendor\\laravel\\framework\\src\\Illuminate\\Foundation\\Http\\Middleware\\PreventRequestsDuringMaintenance.php(109): Illuminate\\Pipeline\\Pipeline->Illuminate\\Pipeline\\{closure}(Object(Illuminate\\Http\\Request))
#54 C:\\Users\\Doaa alsattari\\Downloads\\bank-graduation-project-main\\bank-graduation-project-main\\vendor\\laravel\\framework\\src\\Illuminate\\Pipeline\\Pipeline.php(219): Illuminate\\Foundation\\Http\\Middleware\\PreventRequestsDuringMaintenance->handle(Object(Illuminate\\Http\\Request), Object(Closure))
#55 C:\\Users\\Doaa alsattari\\Downloads\\bank-graduation-project-main\\bank-graduation-project-main\\vendor\\laravel\\framework\\src\\Illuminate\\Http\\Middleware\\HandleCors.php(48): Illuminate\\Pipeline\\Pipeline->Illuminate\\Pipeline\\{closure}(Object(Illuminate\\Http\\Request))
#56 C:\\Users\\Doaa alsattari\\Downloads\\bank-graduation-project-main\\bank-graduation-project-main\\vendor\\laravel\\framework\\src\\Illuminate\\Pipeline\\Pipeline.php(219): Illuminate\\Http\\Middleware\\HandleCors->handle(Object(Illuminate\\Http\\Request), Object(Closure))
#57 C:\\Users\\Doaa alsattari\\Downloads\\bank-graduation-project-main\\bank-graduation-project-main\\vendor\\laravel\\framework\\src\\Illuminate\\Http\\Middleware\\TrustProxies.php(58): Illuminate\\Pipeline\\Pipeline->Illuminate\\Pipeline\\{closure}(Object(Illuminate\\Http\\Request))
#58 C:\\Users\\Doaa alsattari\\Downloads\\bank-graduation-project-main\\bank-graduation-project-main\\vendor\\laravel\\framework\\src\\Illuminate\\Pipeline\\Pipeline.php(219): Illuminate\\Http\\Middleware\\TrustProxies->handle(Object(Illuminate\\Http\\Request), Object(Closure))
#59 C:\\Users\\Doaa alsattari\\Downloads\\bank-graduation-project-main\\bank-graduation-project-main\\vendor\\laravel\\framework\\src\\Illuminate\\Foundation\\Http\\Middleware\\InvokeDeferredCallbacks.php(22): Illuminate\\Pipeline\\Pipeline->Illuminate\\Pipeline\\{closure}(Object(Illuminate\\Http\\Request))
#60 C:\\Users\\Doaa alsattari\\Downloads\\bank-graduation-project-main\\bank-graduation-project-main\\vendor\\laravel\\framework\\src\\Illuminate\\Pipeline\\Pipeline.php(219): Illuminate\\Foundation\\Http\\Middleware\\InvokeDeferredCallbacks->handle(Object(Illuminate\\Http\\Request), Object(Closure))
#61 C:\\Users\\Doaa alsattari\\Downloads\\bank-graduation-project-main\\bank-graduation-project-main\\vendor\\laravel\\framework\\src\\Illuminate\\Http\\Middleware\\ValidatePathEncoding.php(26): Illuminate\\Pipeline\\Pipeline->Illuminate\\Pipeline\\{closure}(Object(Illuminate\\Http\\Request))
#62 C:\\Users\\Doaa alsattari\\Downloads\\bank-graduation-project-main\\bank-graduation-project-main\\vendor\\laravel\\framework\\src\\Illuminate\\Pipeline\\Pipeline.php(219): Illuminate\\Http\\Middleware\\ValidatePathEncoding->handle(Object(Illuminate\\Http\\Request), Object(Closure))
#63 C:\\Users\\Doaa alsattari\\Downloads\\bank-graduation-project-main\\bank-graduation-project-main\\vendor\\laravel\\framework\\src\\Illuminate\\Pipeline\\Pipeline.php(137): Illuminate\\Pipeline\\Pipeline->Illuminate\\Pipeline\\{closure}(Object(Illuminate\\Http\\Request))
#64 C:\\Users\\Doaa alsattari\\Downloads\\bank-graduation-project-main\\bank-graduation-project-main\\vendor\\laravel\\framework\\src\\Illuminate\\Foundation\\Http\\Kernel.php(175): Illuminate\\Pipeline\\Pipeline->then(Object(Closure))
#65 C:\\Users\\Doaa alsattari\\Downloads\\bank-graduation-project-main\\bank-graduation-project-main\\vendor\\laravel\\framework\\src\\Illuminate\\Foundation\\Http\\Kernel.php(144): Illuminate\\Foundation\\Http\\Kernel->sendRequestThroughRouter(Object(Illuminate\\Http\\Request))
#66 C:\\Users\\Doaa alsattari\\Downloads\\bank-graduation-project-main\\bank-graduation-project-main\\vendor\\laravel\\framework\\src\\Illuminate\\Foundation\\Application.php(1220): Illuminate\\Foundation\\Http\\Kernel->handle(Object(Illuminate\\Http\\Request))
#67 C:\\Users\\Doaa alsattari\\Downloads\\bank-graduation-project-main\\bank-graduation-project-main\\public\\index.php(20): Illuminate\\Foundation\\Application->handleRequest(Object(Illuminate\\Http\\Request))
#68 C:\\Users\\Doaa alsattari\\Downloads\\bank-graduation-project-main\\bank-graduation-project-main\\vendor\\laravel\\framework\\src\\Illuminate\\Foundation\\resources\\server.php(23): require_once('C:\\\\Users\\\\Doaa a...')
#69 {main}
"} 
[2025-10-20 12:48:49] local.ERROR: SQLSTATE[42S22]: Column not found: 1054 Unknown column 'transaction_id' in 'where clause' (Connection: mysql, SQL: select count(*) as aggregate from `transactions` where (`transaction_id` like %% or `description` like %% or exists (select * from `users` where `transactions`.`sender_id` = `users`.`id` and (`name` like %% or `email` like %%)))) {"userId":5,"exception":"[object] (Illuminate\\Database\\QueryException(code: 42S22): SQLSTATE[42S22]: Column not found: 1054 Unknown column 'transaction_id' in 'where clause' (Connection: mysql, SQL: select count(*) as aggregate from `transactions` where (`transaction_id` like %% or `description` like %% or exists (select * from `users` where `transactions`.`sender_id` = `users`.`id` and (`name` like %% or `email` like %%)))) at C:\\Users\\Doaa alsattari\\Downloads\\bank-graduation-project-main\\bank-graduation-project-main\\vendor\\laravel\\framework\\src\\Illuminate\\Database\\Connection.php:824)
[stacktrace]
#0 C:\\Users\\Doaa alsattari\\Downloads\\bank-graduation-project-main\\bank-graduation-project-main\\vendor\\laravel\\framework\\src\\Illuminate\\Database\\Connection.php(778): Illuminate\\Database\\Connection->runQueryCallback('select count(*)...', Array, Object(Closure))
#1 C:\\Users\\Doaa alsattari\\Downloads\\bank-graduation-project-main\\bank-graduation-project-main\\vendor\\laravel\\framework\\src\\Illuminate\\Database\\Connection.php(397): Illuminate\\Database\\Connection->run('select count(*)...', Array, Object(Closure))
#2 C:\\Users\\Doaa alsattari\\Downloads\\bank-graduation-project-main\\bank-graduation-project-main\\vendor\\laravel\\framework\\src\\Illuminate\\Database\\Query\\Builder.php(3188): Illuminate\\Database\\Connection->select('select count(*)...', Array, true)
#3 C:\\Users\\Doaa alsattari\\Downloads\\bank-graduation-project-main\\bank-graduation-project-main\\vendor\\laravel\\framework\\src\\Illuminate\\Database\\Query\\Builder.php(3173): Illuminate\\Database\\Query\\Builder->runSelect()
#4 C:\\Users\\Doaa alsattari\\Downloads\\bank-graduation-project-main\\bank-graduation-project-main\\vendor\\laravel\\framework\\src\\Illuminate\\Database\\Query\\Builder.php(3763): Illuminate\\Database\\Query\\Builder->Illuminate\\Database\\Query\\{closure}()
#5 C:\\Users\\Doaa alsattari\\Downloads\\bank-graduation-project-main\\bank-graduation-project-main\\vendor\\laravel\\framework\\src\\Illuminate\\Database\\Query\\Builder.php(3172): Illuminate\\Database\\Query\\Builder->onceWithColumns(Array, Object(Closure))
#6 C:\\Users\\Doaa alsattari\\Downloads\\bank-graduation-project-main\\bank-graduation-project-main\\vendor\\laravel\\framework\\src\\Illuminate\\Database\\Query\\Builder.php(3367): Illuminate\\Database\\Query\\Builder->get()
#7 C:\\Users\\Doaa alsattari\\Downloads\\bank-graduation-project-main\\bank-graduation-project-main\\vendor\\laravel\\framework\\src\\Illuminate\\Database\\Query\\Builder.php(3326): Illuminate\\Database\\Query\\Builder->runPaginationCountQuery(Array)
#8 C:\\Users\\Doaa alsattari\\Downloads\\bank-graduation-project-main\\bank-graduation-project-main\\vendor\\laravel\\framework\\src\\Illuminate\\Database\\Eloquent\\Builder.php(1120): Illuminate\\Database\\Query\\Builder->getCountForPagination()
#9 C:\\Users\\Doaa alsattari\\Downloads\\bank-graduation-project-main\\bank-graduation-project-main\\app\\Http\\Controllers\\Admin\\TransactionManagementController.php(64): Illuminate\\Database\\Eloquent\\Builder->paginate(20)
#10 C:\\Users\\Doaa alsattari\\Downloads\\bank-graduation-project-main\\bank-graduation-project-main\\vendor\\laravel\\framework\\src\\Illuminate\\Routing\\ControllerDispatcher.php(46): App\\Http\\Controllers\\Admin\\TransactionManagementController->index(Object(Illuminate\\Http\\Request))
#11 C:\\Users\\Doaa alsattari\\Downloads\\bank-graduation-project-main\\bank-graduation-project-main\\vendor\\laravel\\framework\\src\\Illuminate\\Routing\\Route.php(265): Illuminate\\Routing\\ControllerDispatcher->dispatch(Object(Illuminate\\Routing\\Route), Object(App\\Http\\Controllers\\Admin\\TransactionManagementController), 'index')
#12 C:\\Users\\Doaa alsattari\\Downloads\\bank-graduation-project-main\\bank-graduation-project-main\\vendor\\laravel\\framework\\src\\Illuminate\\Routing\\Route.php(211): Illuminate\\Routing\\Route->runController()
#13 C:\\Users\\Doaa alsattari\\Downloads\\bank-graduation-project-main\\bank-graduation-project-main\\vendor\\laravel\\framework\\src\\Illuminate\\Routing\\Router.php(822): Illuminate\\Routing\\Route->run()
#14 C:\\Users\\Doaa alsattari\\Downloads\\bank-graduation-project-main\\bank-graduation-project-main\\vendor\\laravel\\framework\\src\\Illuminate\\Pipeline\\Pipeline.php(180): Illuminate\\Routing\\Router->Illuminate\\Routing\\{closure}(Object(Illuminate\\Http\\Request))
#15 C:\\Users\\Doaa alsattari\\Downloads\\bank-graduation-project-main\\bank-graduation-project-main\\app\\Http\\Middleware\\CheckPermission.php(27): Illuminate\\Pipeline\\Pipeline->Illuminate\\Pipeline\\{closure}(Object(Illuminate\\Http\\Request))
#16 C:\\Users\\Doaa alsattari\\Downloads\\bank-graduation-project-main\\bank-graduation-project-main\\vendor\\laravel\\framework\\src\\Illuminate\\Pipeline\\Pipeline.php(219): App\\Http\\Middleware\\CheckPermission->handle(Object(Illuminate\\Http\\Request), Object(Closure), 'view_transactio...')
#17 C:\\Users\\Doaa alsattari\\Downloads\\bank-graduation-project-main\\bank-graduation-project-main\\app\\Http\\Middleware\\CheckRole.php(27): Illuminate\\Pipeline\\Pipeline->Illuminate\\Pipeline\\{closure}(Object(Illuminate\\Http\\Request))
#18 C:\\Users\\Doaa alsattari\\Downloads\\bank-graduation-project-main\\bank-graduation-project-main\\vendor\\laravel\\framework\\src\\Illuminate\\Pipeline\\Pipeline.php(219): App\\Http\\Middleware\\CheckRole->handle(Object(Illuminate\\Http\\Request), Object(Closure), 'super_admin', 'admin')
#19 C:\\Users\\Doaa alsattari\\Downloads\\bank-graduation-project-main\\bank-graduation-project-main\\app\\Http\\Middleware\\SetLocale.php(28): Illuminate\\Pipeline\\Pipeline->Illuminate\\Pipeline\\{closure}(Object(Illuminate\\Http\\Request))
#20 C:\\Users\\Doaa alsattari\\Downloads\\bank-graduation-project-main\\bank-graduation-project-main\\vendor\\laravel\\framework\\src\\Illuminate\\Pipeline\\Pipeline.php(219): App\\Http\\Middleware\\SetLocale->handle(Object(Illuminate\\Http\\Request), Object(Closure))
#21 C:\\Users\\Doaa alsattari\\Downloads\\bank-graduation-project-main\\bank-graduation-project-main\\vendor\\laravel\\framework\\src\\Illuminate\\Routing\\Middleware\\SubstituteBindings.php(50): Illuminate\\Pipeline\\Pipeline->Illuminate\\Pipeline\\{closure}(Object(Illuminate\\Http\\Request))
#22 C:\\Users\\Doaa alsattari\\Downloads\\bank-graduation-project-main\\bank-graduation-project-main\\vendor\\laravel\\framework\\src\\Illuminate\\Pipeline\\Pipeline.php(219): Illuminate\\Routing\\Middleware\\SubstituteBindings->handle(Object(Illuminate\\Http\\Request), Object(Closure))
#23 C:\\Users\\Doaa alsattari\\Downloads\\bank-graduation-project-main\\bank-graduation-project-main\\vendor\\laravel\\framework\\src\\Illuminate\\Auth\\Middleware\\Authenticate.php(63): Illuminate\\Pipeline\\Pipeline->Illuminate\\Pipeline\\{closure}(Object(Illuminate\\Http\\Request))
#24 C:\\Users\\Doaa alsattari\\Downloads\\bank-graduation-project-main\\bank-graduation-project-main\\vendor\\laravel\\framework\\src\\Illuminate\\Pipeline\\Pipeline.php(219): Illuminate\\Auth\\Middleware\\Authenticate->handle(Object(Illuminate\\Http\\Request), Object(Closure))
#25 C:\\Users\\Doaa alsattari\\Downloads\\bank-graduation-project-main\\bank-graduation-project-main\\vendor\\laravel\\framework\\src\\Illuminate\\Foundation\\Http\\Middleware\\VerifyCsrfToken.php(87): Illuminate\\Pipeline\\Pipeline->Illuminate\\Pipeline\\{closure}(Object(Illuminate\\Http\\Request))
#26 C:\\Users\\Doaa alsattari\\Downloads\\bank-graduation-project-main\\bank-graduation-project-main\\vendor\\laravel\\framework\\src\\Illuminate\\Pipeline\\Pipeline.php(219): Illuminate\\Foundation\\Http\\Middleware\\VerifyCsrfToken->handle(Object(Illuminate\\Http\\Request), Object(Closure))
#27 C:\\Users\\Doaa alsattari\\Downloads\\bank-graduation-project-main\\bank-graduation-project-main\\vendor\\laravel\\framework\\src\\Illuminate\\View\\Middleware\\ShareErrorsFromSession.php(48): Illuminate\\Pipeline\\Pipeline->Illuminate\\Pipeline\\{closure}(Object(Illuminate\\Http\\Request))
#28 C:\\Users\\Doaa alsattari\\Downloads\\bank-graduation-project-main\\bank-graduation-project-main\\vendor\\laravel\\framework\\src\\Illuminate\\Pipeline\\Pipeline.php(219): Illuminate\\View\\Middleware\\ShareErrorsFromSession->handle(Object(Illuminate\\Http\\Request), Object(Closure))
#29 C:\\Users\\Doaa alsattari\\Downloads\\bank-graduation-project-main\\bank-graduation-project-main\\vendor\\laravel\\framework\\src\\Illuminate\\Session\\Middleware\\StartSession.php(120): Illuminate\\Pipeline\\Pipeline->Illuminate\\Pipeline\\{closure}(Object(Illuminate\\Http\\Request))
#30 C:\\Users\\Doaa alsattari\\Downloads\\bank-graduation-project-main\\bank-graduation-project-main\\vendor\\laravel\\framework\\src\\Illuminate\\Session\\Middleware\\StartSession.php(63): Illuminate\\Session\\Middleware\\StartSession->handleStatefulRequest(Object(Illuminate\\Http\\Request), Object(Illuminate\\Session\\Store), Object(Closure))
#31 C:\\Users\\Doaa alsattari\\Downloads\\bank-graduation-project-main\\bank-graduation-project-main\\vendor\\laravel\\framework\\src\\Illuminate\\Pipeline\\Pipeline.php(219): Illuminate\\Session\\Middleware\\StartSession->handle(Object(Illuminate\\Http\\Request), Object(Closure))
#32 C:\\Users\\Doaa alsattari\\Downloads\\bank-graduation-project-main\\bank-graduation-project-main\\vendor\\laravel\\framework\\src\\Illuminate\\Cookie\\Middleware\\AddQueuedCookiesToResponse.php(36): Illuminate\\Pipeline\\Pipeline->Illuminate\\Pipeline\\{closure}(Object(Illuminate\\Http\\Request))
#33 C:\\Users\\Doaa alsattari\\Downloads\\bank-graduation-project-main\\bank-graduation-project-main\\vendor\\laravel\\framework\\src\\Illuminate\\Pipeline\\Pipeline.php(219): Illuminate\\Cookie\\Middleware\\AddQueuedCookiesToResponse->handle(Object(Illuminate\\Http\\Request), Object(Closure))
#34 C:\\Users\\Doaa alsattari\\Downloads\\bank-graduation-project-main\\bank-graduation-project-main\\vendor\\laravel\\framework\\src\\Illuminate\\Cookie\\Middleware\\EncryptCookies.php(74): Illuminate\\Pipeline\\Pipeline->Illuminate\\Pipeline\\{closure}(Object(Illuminate\\Http\\Request))
#35 C:\\Users\\Doaa alsattari\\Downloads\\bank-graduation-project-main\\bank-graduation-project-main\\vendor\\laravel\\framework\\src\\Illuminate\\Pipeline\\Pipeline.php(219): Illuminate\\Cookie\\Middleware\\EncryptCookies->handle(Object(Illuminate\\Http\\Request), Object(Closure))
#36 C:\\Users\\Doaa alsattari\\Downloads\\bank-graduation-project-main\\bank-graduation-project-main\\vendor\\laravel\\framework\\src\\Illuminate\\Pipeline\\Pipeline.php(137): Illuminate\\Pipeline\\Pipeline->Illuminate\\Pipeline\\{closure}(Object(Illuminate\\Http\\Request))
#37 C:\\Users\\Doaa alsattari\\Downloads\\bank-graduation-project-main\\bank-graduation-project-main\\vendor\\laravel\\framework\\src\\Illuminate\\Routing\\Router.php(821): Illuminate\\Pipeline\\Pipeline->then(Object(Closure))
#38 C:\\Users\\Doaa alsattari\\Downloads\\bank-graduation-project-main\\bank-graduation-project-main\\vendor\\laravel\\framework\\src\\Illuminate\\Routing\\Router.php(800): Illuminate\\Routing\\Router->runRouteWithinStack(Object(Illuminate\\Routing\\Route), Object(Illuminate\\Http\\Request))
#39 C:\\Users\\Doaa alsattari\\Downloads\\bank-graduation-project-main\\bank-graduation-project-main\\vendor\\laravel\\framework\\src\\Illuminate\\Routing\\Router.php(764): Illuminate\\Routing\\Router->runRoute(Object(Illuminate\\Http\\Request), Object(Illuminate\\Routing\\Route))
#40 C:\\Users\\Doaa alsattari\\Downloads\\bank-graduation-project-main\\bank-graduation-project-main\\vendor\\laravel\\framework\\src\\Illuminate\\Routing\\Router.php(753): Illuminate\\Routing\\Router->dispatchToRoute(Object(Illuminate\\Http\\Request))
#41 C:\\Users\\Doaa alsattari\\Downloads\\bank-graduation-project-main\\bank-graduation-project-main\\vendor\\laravel\\framework\\src\\Illuminate\\Foundation\\Http\\Kernel.php(200): Illuminate\\Routing\\Router->dispatch(Object(Illuminate\\Http\\Request))
#42 C:\\Users\\Doaa alsattari\\Downloads\\bank-graduation-project-main\\bank-graduation-project-main\\vendor\\laravel\\framework\\src\\Illuminate\\Pipeline\\Pipeline.php(180): Illuminate\\Foundation\\Http\\Kernel->Illuminate\\Foundation\\Http\\{closure}(Object(Illuminate\\Http\\Request))
#43 C:\\Users\\Doaa alsattari\\Downloads\\bank-graduation-project-main\\bank-graduation-project-main\\vendor\\laravel\\framework\\src\\Illuminate\\Foundation\\Http\\Middleware\\TransformsRequest.php(21): Illuminate\\Pipeline\\Pipeline->Illuminate\\Pipeline\\{closure}(Object(Illuminate\\Http\\Request))
#44 C:\\Users\\Doaa alsattari\\Downloads\\bank-graduation-project-main\\bank-graduation-project-main\\vendor\\laravel\\framework\\src\\Illuminate\\Foundation\\Http\\Middleware\\ConvertEmptyStringsToNull.php(31): Illuminate\\Foundation\\Http\\Middleware\\TransformsRequest->handle(Object(Illuminate\\Http\\Request), Object(Closure))
#45 C:\\Users\\Doaa alsattari\\Downloads\\bank-graduation-project-main\\bank-graduation-project-main\\vendor\\laravel\\framework\\src\\Illuminate\\Pipeline\\Pipeline.php(219): Illuminate\\Foundation\\Http\\Middleware\\ConvertEmptyStringsToNull->handle(Object(Illuminate\\Http\\Request), Object(Closure))
#46 C:\\Users\\Doaa alsattari\\Downloads\\bank-graduation-project-main\\bank-graduation-project-main\\vendor\\laravel\\framework\\src\\Illuminate\\Foundation\\Http\\Middleware\\TransformsRequest.php(21): Illuminate\\Pipeline\\Pipeline->Illuminate\\Pipeline\\{closure}(Object(Illuminate\\Http\\Request))
#47 C:\\Users\\Doaa alsattari\\Downloads\\bank-graduation-project-main\\bank-graduation-project-main\\vendor\\laravel\\framework\\src\\Illuminate\\Foundation\\Http\\Middleware\\TrimStrings.php(51): Illuminate\\Foundation\\Http\\Middleware\\TransformsRequest->handle(Object(Illuminate\\Http\\Request), Object(Closure))
#48 C:\\Users\\Doaa alsattari\\Downloads\\bank-graduation-project-main\\bank-graduation-project-main\\vendor\\laravel\\framework\\src\\Illuminate\\Pipeline\\Pipeline.php(219): Illuminate\\Foundation\\Http\\Middleware\\TrimStrings->handle(Object(Illuminate\\Http\\Request), Object(Closure))
#49 C:\\Users\\Doaa alsattari\\Downloads\\bank-graduation-project-main\\bank-graduation-project-main\\vendor\\laravel\\framework\\src\\Illuminate\\Http\\Middleware\\ValidatePostSize.php(27): Illuminate\\Pipeline\\Pipeline->Illuminate\\Pipeline\\{closure}(Object(Illuminate\\Http\\Request))
#50 C:\\Users\\Doaa alsattari\\Downloads\\bank-graduation-project-main\\bank-graduation-project-main\\vendor\\laravel\\framework\\src\\Illuminate\\Pipeline\\Pipeline.php(219): Illuminate\\Http\\Middleware\\ValidatePostSize->handle(Object(Illuminate\\Http\\Request), Object(Closure))
#51 C:\\Users\\Doaa alsattari\\Downloads\\bank-graduation-project-main\\bank-graduation-project-main\\vendor\\laravel\\framework\\src\\Illuminate\\Foundation\\Http\\Middleware\\PreventRequestsDuringMaintenance.php(109): Illuminate\\Pipeline\\Pipeline->Illuminate\\Pipeline\\{closure}(Object(Illuminate\\Http\\Request))
#52 C:\\Users\\Doaa alsattari\\Downloads\\bank-graduation-project-main\\bank-graduation-project-main\\vendor\\laravel\\framework\\src\\Illuminate\\Pipeline\\Pipeline.php(219): Illuminate\\Foundation\\Http\\Middleware\\PreventRequestsDuringMaintenance->handle(Object(Illuminate\\Http\\Request), Object(Closure))
#53 C:\\Users\\Doaa alsattari\\Downloads\\bank-graduation-project-main\\bank-graduation-project-main\\vendor\\laravel\\framework\\src\\Illuminate\\Http\\Middleware\\HandleCors.php(48): Illuminate\\Pipeline\\Pipeline->Illuminate\\Pipeline\\{closure}(Object(Illuminate\\Http\\Request))
#54 C:\\Users\\Doaa alsattari\\Downloads\\bank-graduation-project-main\\bank-graduation-project-main\\vendor\\laravel\\framework\\src\\Illuminate\\Pipeline\\Pipeline.php(219): Illuminate\\Http\\Middleware\\HandleCors->handle(Object(Illuminate\\Http\\Request), Object(Closure))
#55 C:\\Users\\Doaa alsattari\\Downloads\\bank-graduation-project-main\\bank-graduation-project-main\\vendor\\laravel\\framework\\src\\Illuminate\\Http\\Middleware\\TrustProxies.php(58): Illuminate\\Pipeline\\Pipeline->Illuminate\\Pipeline\\{closure}(Object(Illuminate\\Http\\Request))
#56 C:\\Users\\Doaa alsattari\\Downloads\\bank-graduation-project-main\\bank-graduation-project-main\\vendor\\laravel\\framework\\src\\Illuminate\\Pipeline\\Pipeline.php(219): Illuminate\\Http\\Middleware\\TrustProxies->handle(Object(Illuminate\\Http\\Request), Object(Closure))
#57 C:\\Users\\Doaa alsattari\\Downloads\\bank-graduation-project-main\\bank-graduation-project-main\\vendor\\laravel\\framework\\src\\Illuminate\\Foundation\\Http\\Middleware\\InvokeDeferredCallbacks.php(22): Illuminate\\Pipeline\\Pipeline->Illuminate\\Pipeline\\{closure}(Object(Illuminate\\Http\\Request))
#58 C:\\Users\\Doaa alsattari\\Downloads\\bank-graduation-project-main\\bank-graduation-project-main\\vendor\\laravel\\framework\\src\\Illuminate\\Pipeline\\Pipeline.php(219): Illuminate\\Foundation\\Http\\Middleware\\InvokeDeferredCallbacks->handle(Object(Illuminate\\Http\\Request), Object(Closure))
#59 C:\\Users\\Doaa alsattari\\Downloads\\bank-graduation-project-main\\bank-graduation-project-main\\vendor\\laravel\\framework\\src\\Illuminate\\Http\\Middleware\\ValidatePathEncoding.php(26): Illuminate\\Pipeline\\Pipeline->Illuminate\\Pipeline\\{closure}(Object(Illuminate\\Http\\Request))
#60 C:\\Users\\Doaa alsattari\\Downloads\\bank-graduation-project-main\\bank-graduation-project-main\\vendor\\laravel\\framework\\src\\Illuminate\\Pipeline\\Pipeline.php(219): Illuminate\\Http\\Middleware\\ValidatePathEncoding->handle(Object(Illuminate\\Http\\Request), Object(Closure))
#61 C:\\Users\\Doaa alsattari\\Downloads\\bank-graduation-project-main\\bank-graduation-project-main\\vendor\\laravel\\framework\\src\\Illuminate\\Pipeline\\Pipeline.php(137): Illuminate\\Pipeline\\Pipeline->Illuminate\\Pipeline\\{closure}(Object(Illuminate\\Http\\Request))
#62 C:\\Users\\Doaa alsattari\\Downloads\\bank-graduation-project-main\\bank-graduation-project-main\\vendor\\laravel\\framework\\src\\Illuminate\\Foundation\\Http\\Kernel.php(175): Illuminate\\Pipeline\\Pipeline->then(Object(Closure))
#63 C:\\Users\\Doaa alsattari\\Downloads\\bank-graduation-project-main\\bank-graduation-project-main\\vendor\\laravel\\framework\\src\\Illuminate\\Foundation\\Http\\Kernel.php(144): Illuminate\\Foundation\\Http\\Kernel->sendRequestThroughRouter(Object(Illuminate\\Http\\Request))
#64 C:\\Users\\Doaa alsattari\\Downloads\\bank-graduation-project-main\\bank-graduation-project-main\\vendor\\laravel\\framework\\src\\Illuminate\\Foundation\\Application.php(1220): Illuminate\\Foundation\\Http\\Kernel->handle(Object(Illuminate\\Http\\Request))
#65 C:\\Users\\Doaa alsattari\\Downloads\\bank-graduation-project-main\\bank-graduation-project-main\\public\\index.php(20): Illuminate\\Foundation\\Application->handleRequest(Object(Illuminate\\Http\\Request))
#66 C:\\Users\\Doaa alsattari\\Downloads\\bank-graduation-project-main\\bank-graduation-project-main\\vendor\\laravel\\framework\\src\\Illuminate\\Foundation\\resources\\server.php(23): require_once('C:\\\\Users\\\\Doaa a...')
#67 {main}

[previous exception] [object] (PDOException(code: 42S22): SQLSTATE[42S22]: Column not found: 1054 Unknown column 'transaction_id' in 'where clause' at C:\\Users\\Doaa alsattari\\Downloads\\bank-graduation-project-main\\bank-graduation-project-main\\vendor\\laravel\\framework\\src\\Illuminate\\Database\\Connection.php:406)
[stacktrace]
#0 C:\\Users\\Doaa alsattari\\Downloads\\bank-graduation-project-main\\bank-graduation-project-main\\vendor\\laravel\\framework\\src\\Illuminate\\Database\\Connection.php(406): PDO->prepare('select count(*)...')
#1 C:\\Users\\Doaa alsattari\\Downloads\\bank-graduation-project-main\\bank-graduation-project-main\\vendor\\laravel\\framework\\src\\Illuminate\\Database\\Connection.php(811): Illuminate\\Database\\Connection->Illuminate\\Database\\{closure}('select count(*)...', Array)
#2 C:\\Users\\Doaa alsattari\\Downloads\\bank-graduation-project-main\\bank-graduation-project-main\\vendor\\laravel\\framework\\src\\Illuminate\\Database\\Connection.php(778): Illuminate\\Database\\Connection->runQueryCallback('select count(*)...', Array, Object(Closure))
#3 C:\\Users\\Doaa alsattari\\Downloads\\bank-graduation-project-main\\bank-graduation-project-main\\vendor\\laravel\\framework\\src\\Illuminate\\Database\\Connection.php(397): Illuminate\\Database\\Connection->run('select count(*)...', Array, Object(Closure))
#4 C:\\Users\\Doaa alsattari\\Downloads\\bank-graduation-project-main\\bank-graduation-project-main\\vendor\\laravel\\framework\\src\\Illuminate\\Database\\Query\\Builder.php(3188): Illuminate\\Database\\Connection->select('select count(*)...', Array, true)
#5 C:\\Users\\Doaa alsattari\\Downloads\\bank-graduation-project-main\\bank-graduation-project-main\\vendor\\laravel\\framework\\src\\Illuminate\\Database\\Query\\Builder.php(3173): Illuminate\\Database\\Query\\Builder->runSelect()
#6 C:\\Users\\Doaa alsattari\\Downloads\\bank-graduation-project-main\\bank-graduation-project-main\\vendor\\laravel\\framework\\src\\Illuminate\\Database\\Query\\Builder.php(3763): Illuminate\\Database\\Query\\Builder->Illuminate\\Database\\Query\\{closure}()
#7 C:\\Users\\Doaa alsattari\\Downloads\\bank-graduation-project-main\\bank-graduation-project-main\\vendor\\laravel\\framework\\src\\Illuminate\\Database\\Query\\Builder.php(3172): Illuminate\\Database\\Query\\Builder->onceWithColumns(Array, Object(Closure))
#8 C:\\Users\\Doaa alsattari\\Downloads\\bank-graduation-project-main\\bank-graduation-project-main\\vendor\\laravel\\framework\\src\\Illuminate\\Database\\Query\\Builder.php(3367): Illuminate\\Database\\Query\\Builder->get()
#9 C:\\Users\\Doaa alsattari\\Downloads\\bank-graduation-project-main\\bank-graduation-project-main\\vendor\\laravel\\framework\\src\\Illuminate\\Database\\Query\\Builder.php(3326): Illuminate\\Database\\Query\\Builder->runPaginationCountQuery(Array)
#10 C:\\Users\\Doaa alsattari\\Downloads\\bank-graduation-project-main\\bank-graduation-project-main\\vendor\\laravel\\framework\\src\\Illuminate\\Database\\Eloquent\\Builder.php(1120): Illuminate\\Database\\Query\\Builder->getCountForPagination()
#11 C:\\Users\\Doaa alsattari\\Downloads\\bank-graduation-project-main\\bank-graduation-project-main\\app\\Http\\Controllers\\Admin\\TransactionManagementController.php(64): Illuminate\\Database\\Eloquent\\Builder->paginate(20)
#12 C:\\Users\\Doaa alsattari\\Downloads\\bank-graduation-project-main\\bank-graduation-project-main\\vendor\\laravel\\framework\\src\\Illuminate\\Routing\\ControllerDispatcher.php(46): App\\Http\\Controllers\\Admin\\TransactionManagementController->index(Object(Illuminate\\Http\\Request))
#13 C:\\Users\\Doaa alsattari\\Downloads\\bank-graduation-project-main\\bank-graduation-project-main\\vendor\\laravel\\framework\\src\\Illuminate\\Routing\\Route.php(265): Illuminate\\Routing\\ControllerDispatcher->dispatch(Object(Illuminate\\Routing\\Route), Object(App\\Http\\Controllers\\Admin\\TransactionManagementController), 'index')
#14 C:\\Users\\Doaa alsattari\\Downloads\\bank-graduation-project-main\\bank-graduation-project-main\\vendor\\laravel\\framework\\src\\Illuminate\\Routing\\Route.php(211): Illuminate\\Routing\\Route->runController()
#15 C:\\Users\\Doaa alsattari\\Downloads\\bank-graduation-project-main\\bank-graduation-project-main\\vendor\\laravel\\framework\\src\\Illuminate\\Routing\\Router.php(822): Illuminate\\Routing\\Route->run()
#16 C:\\Users\\Doaa alsattari\\Downloads\\bank-graduation-project-main\\bank-graduation-project-main\\vendor\\laravel\\framework\\src\\Illuminate\\Pipeline\\Pipeline.php(180): Illuminate\\Routing\\Router->Illuminate\\Routing\\{closure}(Object(Illuminate\\Http\\Request))
#17 C:\\Users\\Doaa alsattari\\Downloads\\bank-graduation-project-main\\bank-graduation-project-main\\app\\Http\\Middleware\\CheckPermission.php(27): Illuminate\\Pipeline\\Pipeline->Illuminate\\Pipeline\\{closure}(Object(Illuminate\\Http\\Request))
#18 C:\\Users\\Doaa alsattari\\Downloads\\bank-graduation-project-main\\bank-graduation-project-main\\vendor\\laravel\\framework\\src\\Illuminate\\Pipeline\\Pipeline.php(219): App\\Http\\Middleware\\CheckPermission->handle(Object(Illuminate\\Http\\Request), Object(Closure), 'view_transactio...')
#19 C:\\Users\\Doaa alsattari\\Downloads\\bank-graduation-project-main\\bank-graduation-project-main\\app\\Http\\Middleware\\CheckRole.php(27): Illuminate\\Pipeline\\Pipeline->Illuminate\\Pipeline\\{closure}(Object(Illuminate\\Http\\Request))
#20 C:\\Users\\Doaa alsattari\\Downloads\\bank-graduation-project-main\\bank-graduation-project-main\\vendor\\laravel\\framework\\src\\Illuminate\\Pipeline\\Pipeline.php(219): App\\Http\\Middleware\\CheckRole->handle(Object(Illuminate\\Http\\Request), Object(Closure), 'super_admin', 'admin')
#21 C:\\Users\\Doaa alsattari\\Downloads\\bank-graduation-project-main\\bank-graduation-project-main\\app\\Http\\Middleware\\SetLocale.php(28): Illuminate\\Pipeline\\Pipeline->Illuminate\\Pipeline\\{closure}(Object(Illuminate\\Http\\Request))
#22 C:\\Users\\Doaa alsattari\\Downloads\\bank-graduation-project-main\\bank-graduation-project-main\\vendor\\laravel\\framework\\src\\Illuminate\\Pipeline\\Pipeline.php(219): App\\Http\\Middleware\\SetLocale->handle(Object(Illuminate\\Http\\Request), Object(Closure))
#23 C:\\Users\\Doaa alsattari\\Downloads\\bank-graduation-project-main\\bank-graduation-project-main\\vendor\\laravel\\framework\\src\\Illuminate\\Routing\\Middleware\\SubstituteBindings.php(50): Illuminate\\Pipeline\\Pipeline->Illuminate\\Pipeline\\{closure}(Object(Illuminate\\Http\\Request))
#24 C:\\Users\\Doaa alsattari\\Downloads\\bank-graduation-project-main\\bank-graduation-project-main\\vendor\\laravel\\framework\\src\\Illuminate\\Pipeline\\Pipeline.php(219): Illuminate\\Routing\\Middleware\\SubstituteBindings->handle(Object(Illuminate\\Http\\Request), Object(Closure))
#25 C:\\Users\\Doaa alsattari\\Downloads\\bank-graduation-project-main\\bank-graduation-project-main\\vendor\\laravel\\framework\\src\\Illuminate\\Auth\\Middleware\\Authenticate.php(63): Illuminate\\Pipeline\\Pipeline->Illuminate\\Pipeline\\{closure}(Object(Illuminate\\Http\\Request))
#26 C:\\Users\\Doaa alsattari\\Downloads\\bank-graduation-project-main\\bank-graduation-project-main\\vendor\\laravel\\framework\\src\\Illuminate\\Pipeline\\Pipeline.php(219): Illuminate\\Auth\\Middleware\\Authenticate->handle(Object(Illuminate\\Http\\Request), Object(Closure))
#27 C:\\Users\\Doaa alsattari\\Downloads\\bank-graduation-project-main\\bank-graduation-project-main\\vendor\\laravel\\framework\\src\\Illuminate\\Foundation\\Http\\Middleware\\VerifyCsrfToken.php(87): Illuminate\\Pipeline\\Pipeline->Illuminate\\Pipeline\\{closure}(Object(Illuminate\\Http\\Request))
#28 C:\\Users\\Doaa alsattari\\Downloads\\bank-graduation-project-main\\bank-graduation-project-main\\vendor\\laravel\\framework\\src\\Illuminate\\Pipeline\\Pipeline.php(219): Illuminate\\Foundation\\Http\\Middleware\\VerifyCsrfToken->handle(Object(Illuminate\\Http\\Request), Object(Closure))
#29 C:\\Users\\Doaa alsattari\\Downloads\\bank-graduation-project-main\\bank-graduation-project-main\\vendor\\laravel\\framework\\src\\Illuminate\\View\\Middleware\\ShareErrorsFromSession.php(48): Illuminate\\Pipeline\\Pipeline->Illuminate\\Pipeline\\{closure}(Object(Illuminate\\Http\\Request))
#30 C:\\Users\\Doaa alsattari\\Downloads\\bank-graduation-project-main\\bank-graduation-project-main\\vendor\\laravel\\framework\\src\\Illuminate\\Pipeline\\Pipeline.php(219): Illuminate\\View\\Middleware\\ShareErrorsFromSession->handle(Object(Illuminate\\Http\\Request), Object(Closure))
#31 C:\\Users\\Doaa alsattari\\Downloads\\bank-graduation-project-main\\bank-graduation-project-main\\vendor\\laravel\\framework\\src\\Illuminate\\Session\\Middleware\\StartSession.php(120): Illuminate\\Pipeline\\Pipeline->Illuminate\\Pipeline\\{closure}(Object(Illuminate\\Http\\Request))
#32 C:\\Users\\Doaa alsattari\\Downloads\\bank-graduation-project-main\\bank-graduation-project-main\\vendor\\laravel\\framework\\src\\Illuminate\\Session\\Middleware\\StartSession.php(63): Illuminate\\Session\\Middleware\\StartSession->handleStatefulRequest(Object(Illuminate\\Http\\Request), Object(Illuminate\\Session\\Store), Object(Closure))
#33 C:\\Users\\Doaa alsattari\\Downloads\\bank-graduation-project-main\\bank-graduation-project-main\\vendor\\laravel\\framework\\src\\Illuminate\\Pipeline\\Pipeline.php(219): Illuminate\\Session\\Middleware\\StartSession->handle(Object(Illuminate\\Http\\Request), Object(Closure))
#34 C:\\Users\\Doaa alsattari\\Downloads\\bank-graduation-project-main\\bank-graduation-project-main\\vendor\\laravel\\framework\\src\\Illuminate\\Cookie\\Middleware\\AddQueuedCookiesToResponse.php(36): Illuminate\\Pipeline\\Pipeline->Illuminate\\Pipeline\\{closure}(Object(Illuminate\\Http\\Request))
#35 C:\\Users\\Doaa alsattari\\Downloads\\bank-graduation-project-main\\bank-graduation-project-main\\vendor\\laravel\\framework\\src\\Illuminate\\Pipeline\\Pipeline.php(219): Illuminate\\Cookie\\Middleware\\AddQueuedCookiesToResponse->handle(Object(Illuminate\\Http\\Request), Object(Closure))
#36 C:\\Users\\Doaa alsattari\\Downloads\\bank-graduation-project-main\\bank-graduation-project-main\\vendor\\laravel\\framework\\src\\Illuminate\\Cookie\\Middleware\\EncryptCookies.php(74): Illuminate\\Pipeline\\Pipeline->Illuminate\\Pipeline\\{closure}(Object(Illuminate\\Http\\Request))
#37 C:\\Users\\Doaa alsattari\\Downloads\\bank-graduation-project-main\\bank-graduation-project-main\\vendor\\laravel\\framework\\src\\Illuminate\\Pipeline\\Pipeline.php(219): Illuminate\\Cookie\\Middleware\\EncryptCookies->handle(Object(Illuminate\\Http\\Request), Object(Closure))
#38 C:\\Users\\Doaa alsattari\\Downloads\\bank-graduation-project-main\\bank-graduation-project-main\\vendor\\laravel\\framework\\src\\Illuminate\\Pipeline\\Pipeline.php(137): Illuminate\\Pipeline\\Pipeline->Illuminate\\Pipeline\\{closure}(Object(Illuminate\\Http\\Request))
#39 C:\\Users\\Doaa alsattari\\Downloads\\bank-graduation-project-main\\bank-graduation-project-main\\vendor\\laravel\\framework\\src\\Illuminate\\Routing\\Router.php(821): Illuminate\\Pipeline\\Pipeline->then(Object(Closure))
#40 C:\\Users\\Doaa alsattari\\Downloads\\bank-graduation-project-main\\bank-graduation-project-main\\vendor\\laravel\\framework\\src\\Illuminate\\Routing\\Router.php(800): Illuminate\\Routing\\Router->runRouteWithinStack(Object(Illuminate\\Routing\\Route), Object(Illuminate\\Http\\Request))
#41 C:\\Users\\Doaa alsattari\\Downloads\\bank-graduation-project-main\\bank-graduation-project-main\\vendor\\laravel\\framework\\src\\Illuminate\\Routing\\Router.php(764): Illuminate\\Routing\\Router->runRoute(Object(Illuminate\\Http\\Request), Object(Illuminate\\Routing\\Route))
#42 C:\\Users\\Doaa alsattari\\Downloads\\bank-graduation-project-main\\bank-graduation-project-main\\vendor\\laravel\\framework\\src\\Illuminate\\Routing\\Router.php(753): Illuminate\\Routing\\Router->dispatchToRoute(Object(Illuminate\\Http\\Request))
#43 C:\\Users\\Doaa alsattari\\Downloads\\bank-graduation-project-main\\bank-graduation-project-main\\vendor\\laravel\\framework\\src\\Illuminate\\Foundation\\Http\\Kernel.php(200): Illuminate\\Routing\\Router->dispatch(Object(Illuminate\\Http\\Request))
#44 C:\\Users\\Doaa alsattari\\Downloads\\bank-graduation-project-main\\bank-graduation-project-main\\vendor\\laravel\\framework\\src\\Illuminate\\Pipeline\\Pipeline.php(180): Illuminate\\Foundation\\Http\\Kernel->Illuminate\\Foundation\\Http\\{closure}(Object(Illuminate\\Http\\Request))
#45 C:\\Users\\Doaa alsattari\\Downloads\\bank-graduation-project-main\\bank-graduation-project-main\\vendor\\laravel\\framework\\src\\Illuminate\\Foundation\\Http\\Middleware\\TransformsRequest.php(21): Illuminate\\Pipeline\\Pipeline->Illuminate\\Pipeline\\{closure}(Object(Illuminate\\Http\\Request))
#46 C:\\Users\\Doaa alsattari\\Downloads\\bank-graduation-project-main\\bank-graduation-project-main\\vendor\\laravel\\framework\\src\\Illuminate\\Foundation\\Http\\Middleware\\ConvertEmptyStringsToNull.php(31): Illuminate\\Foundation\\Http\\Middleware\\TransformsRequest->handle(Object(Illuminate\\Http\\Request), Object(Closure))
#47 C:\\Users\\Doaa alsattari\\Downloads\\bank-graduation-project-main\\bank-graduation-project-main\\vendor\\laravel\\framework\\src\\Illuminate\\Pipeline\\Pipeline.php(219): Illuminate\\Foundation\\Http\\Middleware\\ConvertEmptyStringsToNull->handle(Object(Illuminate\\Http\\Request), Object(Closure))
#48 C:\\Users\\Doaa alsattari\\Downloads\\bank-graduation-project-main\\bank-graduation-project-main\\vendor\\laravel\\framework\\src\\Illuminate\\Foundation\\Http\\Middleware\\TransformsRequest.php(21): Illuminate\\Pipeline\\Pipeline->Illuminate\\Pipeline\\{closure}(Object(Illuminate\\Http\\Request))
#49 C:\\Users\\Doaa alsattari\\Downloads\\bank-graduation-project-main\\bank-graduation-project-main\\vendor\\laravel\\framework\\src\\Illuminate\\Foundation\\Http\\Middleware\\TrimStrings.php(51): Illuminate\\Foundation\\Http\\Middleware\\TransformsRequest->handle(Object(Illuminate\\Http\\Request), Object(Closure))
#50 C:\\Users\\Doaa alsattari\\Downloads\\bank-graduation-project-main\\bank-graduation-project-main\\vendor\\laravel\\framework\\src\\Illuminate\\Pipeline\\Pipeline.php(219): Illuminate\\Foundation\\Http\\Middleware\\TrimStrings->handle(Object(Illuminate\\Http\\Request), Object(Closure))
#51 C:\\Users\\Doaa alsattari\\Downloads\\bank-graduation-project-main\\bank-graduation-project-main\\vendor\\laravel\\framework\\src\\Illuminate\\Http\\Middleware\\ValidatePostSize.php(27): Illuminate\\Pipeline\\Pipeline->Illuminate\\Pipeline\\{closure}(Object(Illuminate\\Http\\Request))
#52 C:\\Users\\Doaa alsattari\\Downloads\\bank-graduation-project-main\\bank-graduation-project-main\\vendor\\laravel\\framework\\src\\Illuminate\\Pipeline\\Pipeline.php(219): Illuminate\\Http\\Middleware\\ValidatePostSize->handle(Object(Illuminate\\Http\\Request), Object(Closure))
#53 C:\\Users\\Doaa alsattari\\Downloads\\bank-graduation-project-main\\bank-graduation-project-main\\vendor\\laravel\\framework\\src\\Illuminate\\Foundation\\Http\\Middleware\\PreventRequestsDuringMaintenance.php(109): Illuminate\\Pipeline\\Pipeline->Illuminate\\Pipeline\\{closure}(Object(Illuminate\\Http\\Request))
#54 C:\\Users\\Doaa alsattari\\Downloads\\bank-graduation-project-main\\bank-graduation-project-main\\vendor\\laravel\\framework\\src\\Illuminate\\Pipeline\\Pipeline.php(219): Illuminate\\Foundation\\Http\\Middleware\\PreventRequestsDuringMaintenance->handle(Object(Illuminate\\Http\\Request), Object(Closure))
#55 C:\\Users\\Doaa alsattari\\Downloads\\bank-graduation-project-main\\bank-graduation-project-main\\vendor\\laravel\\framework\\src\\Illuminate\\Http\\Middleware\\HandleCors.php(48): Illuminate\\Pipeline\\Pipeline->Illuminate\\Pipeline\\{closure}(Object(Illuminate\\Http\\Request))
#56 C:\\Users\\Doaa alsattari\\Downloads\\bank-graduation-project-main\\bank-graduation-project-main\\vendor\\laravel\\framework\\src\\Illuminate\\Pipeline\\Pipeline.php(219): Illuminate\\Http\\Middleware\\HandleCors->handle(Object(Illuminate\\Http\\Request), Object(Closure))
#57 C:\\Users\\Doaa alsattari\\Downloads\\bank-graduation-project-main\\bank-graduation-project-main\\vendor\\laravel\\framework\\src\\Illuminate\\Http\\Middleware\\TrustProxies.php(58): Illuminate\\Pipeline\\Pipeline->Illuminate\\Pipeline\\{closure}(Object(Illuminate\\Http\\Request))
#58 C:\\Users\\Doaa alsattari\\Downloads\\bank-graduation-project-main\\bank-graduation-project-main\\vendor\\laravel\\framework\\src\\Illuminate\\Pipeline\\Pipeline.php(219): Illuminate\\Http\\Middleware\\TrustProxies->handle(Object(Illuminate\\Http\\Request), Object(Closure))
#59 C:\\Users\\Doaa alsattari\\Downloads\\bank-graduation-project-main\\bank-graduation-project-main\\vendor\\laravel\\framework\\src\\Illuminate\\Foundation\\Http\\Middleware\\InvokeDeferredCallbacks.php(22): Illuminate\\Pipeline\\Pipeline->Illuminate\\Pipeline\\{closure}(Object(Illuminate\\Http\\Request))
#60 C:\\Users\\Doaa alsattari\\Downloads\\bank-graduation-project-main\\bank-graduation-project-main\\vendor\\laravel\\framework\\src\\Illuminate\\Pipeline\\Pipeline.php(219): Illuminate\\Foundation\\Http\\Middleware\\InvokeDeferredCallbacks->handle(Object(Illuminate\\Http\\Request), Object(Closure))
#61 C:\\Users\\Doaa alsattari\\Downloads\\bank-graduation-project-main\\bank-graduation-project-main\\vendor\\laravel\\framework\\src\\Illuminate\\Http\\Middleware\\ValidatePathEncoding.php(26): Illuminate\\Pipeline\\Pipeline->Illuminate\\Pipeline\\{closure}(Object(Illuminate\\Http\\Request))
#62 C:\\Users\\Doaa alsattari\\Downloads\\bank-graduation-project-main\\bank-graduation-project-main\\vendor\\laravel\\framework\\src\\Illuminate\\Pipeline\\Pipeline.php(219): Illuminate\\Http\\Middleware\\ValidatePathEncoding->handle(Object(Illuminate\\Http\\Request), Object(Closure))
#63 C:\\Users\\Doaa alsattari\\Downloads\\bank-graduation-project-main\\bank-graduation-project-main\\vendor\\laravel\\framework\\src\\Illuminate\\Pipeline\\Pipeline.php(137): Illuminate\\Pipeline\\Pipeline->Illuminate\\Pipeline\\{closure}(Object(Illuminate\\Http\\Request))
#64 C:\\Users\\Doaa alsattari\\Downloads\\bank-graduation-project-main\\bank-graduation-project-main\\vendor\\laravel\\framework\\src\\Illuminate\\Foundation\\Http\\Kernel.php(175): Illuminate\\Pipeline\\Pipeline->then(Object(Closure))
#65 C:\\Users\\Doaa alsattari\\Downloads\\bank-graduation-project-main\\bank-graduation-project-main\\vendor\\laravel\\framework\\src\\Illuminate\\Foundation\\Http\\Kernel.php(144): Illuminate\\Foundation\\Http\\Kernel->sendRequestThroughRouter(Object(Illuminate\\Http\\Request))
#66 C:\\Users\\Doaa alsattari\\Downloads\\bank-graduation-project-main\\bank-graduation-project-main\\vendor\\laravel\\framework\\src\\Illuminate\\Foundation\\Application.php(1220): Illuminate\\Foundation\\Http\\Kernel->handle(Object(Illuminate\\Http\\Request))
#67 C:\\Users\\Doaa alsattari\\Downloads\\bank-graduation-project-main\\bank-graduation-project-main\\public\\index.php(20): Illuminate\\Foundation\\Application->handleRequest(Object(Illuminate\\Http\\Request))
#68 C:\\Users\\Doaa alsattari\\Downloads\\bank-graduation-project-main\\bank-graduation-project-main\\vendor\\laravel\\framework\\src\\Illuminate\\Foundation\\resources\\server.php(23): require_once('C:\\\\Users\\\\Doaa a...')
#69 {main}
"} 
[2025-10-20 12:50:41] local.ERROR: SQLSTATE[42S22]: Column not found: 1054 Unknown column 'transaction_id' in 'where clause' (Connection: mysql, SQL: select count(*) as aggregate from `transactions` where (`transaction_id` like %% or `description` like %% or exists (select * from `users` where `transactions`.`sender_id` = `users`.`id` and (`name` like %% or `email` like %%)))) {"userId":5,"exception":"[object] (Illuminate\\Database\\QueryException(code: 42S22): SQLSTATE[42S22]: Column not found: 1054 Unknown column 'transaction_id' in 'where clause' (Connection: mysql, SQL: select count(*) as aggregate from `transactions` where (`transaction_id` like %% or `description` like %% or exists (select * from `users` where `transactions`.`sender_id` = `users`.`id` and (`name` like %% or `email` like %%)))) at C:\\Users\\Doaa alsattari\\Downloads\\bank-graduation-project-main\\bank-graduation-project-main\\vendor\\laravel\\framework\\src\\Illuminate\\Database\\Connection.php:824)
[stacktrace]
#0 C:\\Users\\Doaa alsattari\\Downloads\\bank-graduation-project-main\\bank-graduation-project-main\\vendor\\laravel\\framework\\src\\Illuminate\\Database\\Connection.php(778): Illuminate\\Database\\Connection->runQueryCallback('select count(*)...', Array, Object(Closure))
#1 C:\\Users\\Doaa alsattari\\Downloads\\bank-graduation-project-main\\bank-graduation-project-main\\vendor\\laravel\\framework\\src\\Illuminate\\Database\\Connection.php(397): Illuminate\\Database\\Connection->run('select count(*)...', Array, Object(Closure))
#2 C:\\Users\\Doaa alsattari\\Downloads\\bank-graduation-project-main\\bank-graduation-project-main\\vendor\\laravel\\framework\\src\\Illuminate\\Database\\Query\\Builder.php(3188): Illuminate\\Database\\Connection->select('select count(*)...', Array, true)
#3 C:\\Users\\Doaa alsattari\\Downloads\\bank-graduation-project-main\\bank-graduation-project-main\\vendor\\laravel\\framework\\src\\Illuminate\\Database\\Query\\Builder.php(3173): Illuminate\\Database\\Query\\Builder->runSelect()
#4 C:\\Users\\Doaa alsattari\\Downloads\\bank-graduation-project-main\\bank-graduation-project-main\\vendor\\laravel\\framework\\src\\Illuminate\\Database\\Query\\Builder.php(3763): Illuminate\\Database\\Query\\Builder->Illuminate\\Database\\Query\\{closure}()
#5 C:\\Users\\Doaa alsattari\\Downloads\\bank-graduation-project-main\\bank-graduation-project-main\\vendor\\laravel\\framework\\src\\Illuminate\\Database\\Query\\Builder.php(3172): Illuminate\\Database\\Query\\Builder->onceWithColumns(Array, Object(Closure))
#6 C:\\Users\\Doaa alsattari\\Downloads\\bank-graduation-project-main\\bank-graduation-project-main\\vendor\\laravel\\framework\\src\\Illuminate\\Database\\Query\\Builder.php(3367): Illuminate\\Database\\Query\\Builder->get()
#7 C:\\Users\\Doaa alsattari\\Downloads\\bank-graduation-project-main\\bank-graduation-project-main\\vendor\\laravel\\framework\\src\\Illuminate\\Database\\Query\\Builder.php(3326): Illuminate\\Database\\Query\\Builder->runPaginationCountQuery(Array)
#8 C:\\Users\\Doaa alsattari\\Downloads\\bank-graduation-project-main\\bank-graduation-project-main\\vendor\\laravel\\framework\\src\\Illuminate\\Database\\Eloquent\\Builder.php(1120): Illuminate\\Database\\Query\\Builder->getCountForPagination()
#9 C:\\Users\\Doaa alsattari\\Downloads\\bank-graduation-project-main\\bank-graduation-project-main\\app\\Http\\Controllers\\Admin\\TransactionManagementController.php(64): Illuminate\\Database\\Eloquent\\Builder->paginate(20)
#10 C:\\Users\\Doaa alsattari\\Downloads\\bank-graduation-project-main\\bank-graduation-project-main\\vendor\\laravel\\framework\\src\\Illuminate\\Routing\\ControllerDispatcher.php(46): App\\Http\\Controllers\\Admin\\TransactionManagementController->index(Object(Illuminate\\Http\\Request))
#11 C:\\Users\\Doaa alsattari\\Downloads\\bank-graduation-project-main\\bank-graduation-project-main\\vendor\\laravel\\framework\\src\\Illuminate\\Routing\\Route.php(265): Illuminate\\Routing\\ControllerDispatcher->dispatch(Object(Illuminate\\Routing\\Route), Object(App\\Http\\Controllers\\Admin\\TransactionManagementController), 'index')
#12 C:\\Users\\Doaa alsattari\\Downloads\\bank-graduation-project-main\\bank-graduation-project-main\\vendor\\laravel\\framework\\src\\Illuminate\\Routing\\Route.php(211): Illuminate\\Routing\\Route->runController()
#13 C:\\Users\\Doaa alsattari\\Downloads\\bank-graduation-project-main\\bank-graduation-project-main\\vendor\\laravel\\framework\\src\\Illuminate\\Routing\\Router.php(822): Illuminate\\Routing\\Route->run()
#14 C:\\Users\\Doaa alsattari\\Downloads\\bank-graduation-project-main\\bank-graduation-project-main\\vendor\\laravel\\framework\\src\\Illuminate\\Pipeline\\Pipeline.php(180): Illuminate\\Routing\\Router->Illuminate\\Routing\\{closure}(Object(Illuminate\\Http\\Request))
#15 C:\\Users\\Doaa alsattari\\Downloads\\bank-graduation-project-main\\bank-graduation-project-main\\app\\Http\\Middleware\\CheckPermission.php(27): Illuminate\\Pipeline\\Pipeline->Illuminate\\Pipeline\\{closure}(Object(Illuminate\\Http\\Request))
#16 C:\\Users\\Doaa alsattari\\Downloads\\bank-graduation-project-main\\bank-graduation-project-main\\vendor\\laravel\\framework\\src\\Illuminate\\Pipeline\\Pipeline.php(219): App\\Http\\Middleware\\CheckPermission->handle(Object(Illuminate\\Http\\Request), Object(Closure), 'view_transactio...')
#17 C:\\Users\\Doaa alsattari\\Downloads\\bank-graduation-project-main\\bank-graduation-project-main\\app\\Http\\Middleware\\CheckRole.php(27): Illuminate\\Pipeline\\Pipeline->Illuminate\\Pipeline\\{closure}(Object(Illuminate\\Http\\Request))
#18 C:\\Users\\Doaa alsattari\\Downloads\\bank-graduation-project-main\\bank-graduation-project-main\\vendor\\laravel\\framework\\src\\Illuminate\\Pipeline\\Pipeline.php(219): App\\Http\\Middleware\\CheckRole->handle(Object(Illuminate\\Http\\Request), Object(Closure), 'super_admin', 'admin')
#19 C:\\Users\\Doaa alsattari\\Downloads\\bank-graduation-project-main\\bank-graduation-project-main\\app\\Http\\Middleware\\SetLocale.php(28): Illuminate\\Pipeline\\Pipeline->Illuminate\\Pipeline\\{closure}(Object(Illuminate\\Http\\Request))
#20 C:\\Users\\Doaa alsattari\\Downloads\\bank-graduation-project-main\\bank-graduation-project-main\\vendor\\laravel\\framework\\src\\Illuminate\\Pipeline\\Pipeline.php(219): App\\Http\\Middleware\\SetLocale->handle(Object(Illuminate\\Http\\Request), Object(Closure))
#21 C:\\Users\\Doaa alsattari\\Downloads\\bank-graduation-project-main\\bank-graduation-project-main\\vendor\\laravel\\framework\\src\\Illuminate\\Routing\\Middleware\\SubstituteBindings.php(50): Illuminate\\Pipeline\\Pipeline->Illuminate\\Pipeline\\{closure}(Object(Illuminate\\Http\\Request))
#22 C:\\Users\\Doaa alsattari\\Downloads\\bank-graduation-project-main\\bank-graduation-project-main\\vendor\\laravel\\framework\\src\\Illuminate\\Pipeline\\Pipeline.php(219): Illuminate\\Routing\\Middleware\\SubstituteBindings->handle(Object(Illuminate\\Http\\Request), Object(Closure))
#23 C:\\Users\\Doaa alsattari\\Downloads\\bank-graduation-project-main\\bank-graduation-project-main\\vendor\\laravel\\framework\\src\\Illuminate\\Auth\\Middleware\\Authenticate.php(63): Illuminate\\Pipeline\\Pipeline->Illuminate\\Pipeline\\{closure}(Object(Illuminate\\Http\\Request))
#24 C:\\Users\\Doaa alsattari\\Downloads\\bank-graduation-project-main\\bank-graduation-project-main\\vendor\\laravel\\framework\\src\\Illuminate\\Pipeline\\Pipeline.php(219): Illuminate\\Auth\\Middleware\\Authenticate->handle(Object(Illuminate\\Http\\Request), Object(Closure))
#25 C:\\Users\\Doaa alsattari\\Downloads\\bank-graduation-project-main\\bank-graduation-project-main\\vendor\\laravel\\framework\\src\\Illuminate\\Foundation\\Http\\Middleware\\VerifyCsrfToken.php(87): Illuminate\\Pipeline\\Pipeline->Illuminate\\Pipeline\\{closure}(Object(Illuminate\\Http\\Request))
#26 C:\\Users\\Doaa alsattari\\Downloads\\bank-graduation-project-main\\bank-graduation-project-main\\vendor\\laravel\\framework\\src\\Illuminate\\Pipeline\\Pipeline.php(219): Illuminate\\Foundation\\Http\\Middleware\\VerifyCsrfToken->handle(Object(Illuminate\\Http\\Request), Object(Closure))
#27 C:\\Users\\Doaa alsattari\\Downloads\\bank-graduation-project-main\\bank-graduation-project-main\\vendor\\laravel\\framework\\src\\Illuminate\\View\\Middleware\\ShareErrorsFromSession.php(48): Illuminate\\Pipeline\\Pipeline->Illuminate\\Pipeline\\{closure}(Object(Illuminate\\Http\\Request))
#28 C:\\Users\\Doaa alsattari\\Downloads\\bank-graduation-project-main\\bank-graduation-project-main\\vendor\\laravel\\framework\\src\\Illuminate\\Pipeline\\Pipeline.php(219): Illuminate\\View\\Middleware\\ShareErrorsFromSession->handle(Object(Illuminate\\Http\\Request), Object(Closure))
#29 C:\\Users\\Doaa alsattari\\Downloads\\bank-graduation-project-main\\bank-graduation-project-main\\vendor\\laravel\\framework\\src\\Illuminate\\Session\\Middleware\\StartSession.php(120): Illuminate\\Pipeline\\Pipeline->Illuminate\\Pipeline\\{closure}(Object(Illuminate\\Http\\Request))
#30 C:\\Users\\Doaa alsattari\\Downloads\\bank-graduation-project-main\\bank-graduation-project-main\\vendor\\laravel\\framework\\src\\Illuminate\\Session\\Middleware\\StartSession.php(63): Illuminate\\Session\\Middleware\\StartSession->handleStatefulRequest(Object(Illuminate\\Http\\Request), Object(Illuminate\\Session\\Store), Object(Closure))
#31 C:\\Users\\Doaa alsattari\\Downloads\\bank-graduation-project-main\\bank-graduation-project-main\\vendor\\laravel\\framework\\src\\Illuminate\\Pipeline\\Pipeline.php(219): Illuminate\\Session\\Middleware\\StartSession->handle(Object(Illuminate\\Http\\Request), Object(Closure))
#32 C:\\Users\\Doaa alsattari\\Downloads\\bank-graduation-project-main\\bank-graduation-project-main\\vendor\\laravel\\framework\\src\\Illuminate\\Cookie\\Middleware\\AddQueuedCookiesToResponse.php(36): Illuminate\\Pipeline\\Pipeline->Illuminate\\Pipeline\\{closure}(Object(Illuminate\\Http\\Request))
#33 C:\\Users\\Doaa alsattari\\Downloads\\bank-graduation-project-main\\bank-graduation-project-main\\vendor\\laravel\\framework\\src\\Illuminate\\Pipeline\\Pipeline.php(219): Illuminate\\Cookie\\Middleware\\AddQueuedCookiesToResponse->handle(Object(Illuminate\\Http\\Request), Object(Closure))
#34 C:\\Users\\Doaa alsattari\\Downloads\\bank-graduation-project-main\\bank-graduation-project-main\\vendor\\laravel\\framework\\src\\Illuminate\\Cookie\\Middleware\\EncryptCookies.php(74): Illuminate\\Pipeline\\Pipeline->Illuminate\\Pipeline\\{closure}(Object(Illuminate\\Http\\Request))
#35 C:\\Users\\Doaa alsattari\\Downloads\\bank-graduation-project-main\\bank-graduation-project-main\\vendor\\laravel\\framework\\src\\Illuminate\\Pipeline\\Pipeline.php(219): Illuminate\\Cookie\\Middleware\\EncryptCookies->handle(Object(Illuminate\\Http\\Request), Object(Closure))
#36 C:\\Users\\Doaa alsattari\\Downloads\\bank-graduation-project-main\\bank-graduation-project-main\\vendor\\laravel\\framework\\src\\Illuminate\\Pipeline\\Pipeline.php(137): Illuminate\\Pipeline\\Pipeline->Illuminate\\Pipeline\\{closure}(Object(Illuminate\\Http\\Request))
#37 C:\\Users\\Doaa alsattari\\Downloads\\bank-graduation-project-main\\bank-graduation-project-main\\vendor\\laravel\\framework\\src\\Illuminate\\Routing\\Router.php(821): Illuminate\\Pipeline\\Pipeline->then(Object(Closure))
#38 C:\\Users\\Doaa alsattari\\Downloads\\bank-graduation-project-main\\bank-graduation-project-main\\vendor\\laravel\\framework\\src\\Illuminate\\Routing\\Router.php(800): Illuminate\\Routing\\Router->runRouteWithinStack(Object(Illuminate\\Routing\\Route), Object(Illuminate\\Http\\Request))
#39 C:\\Users\\Doaa alsattari\\Downloads\\bank-graduation-project-main\\bank-graduation-project-main\\vendor\\laravel\\framework\\src\\Illuminate\\Routing\\Router.php(764): Illuminate\\Routing\\Router->runRoute(Object(Illuminate\\Http\\Request), Object(Illuminate\\Routing\\Route))
#40 C:\\Users\\Doaa alsattari\\Downloads\\bank-graduation-project-main\\bank-graduation-project-main\\vendor\\laravel\\framework\\src\\Illuminate\\Routing\\Router.php(753): Illuminate\\Routing\\Router->dispatchToRoute(Object(Illuminate\\Http\\Request))
#41 C:\\Users\\Doaa alsattari\\Downloads\\bank-graduation-project-main\\bank-graduation-project-main\\vendor\\laravel\\framework\\src\\Illuminate\\Foundation\\Http\\Kernel.php(200): Illuminate\\Routing\\Router->dispatch(Object(Illuminate\\Http\\Request))
#42 C:\\Users\\Doaa alsattari\\Downloads\\bank-graduation-project-main\\bank-graduation-project-main\\vendor\\laravel\\framework\\src\\Illuminate\\Pipeline\\Pipeline.php(180): Illuminate\\Foundation\\Http\\Kernel->Illuminate\\Foundation\\Http\\{closure}(Object(Illuminate\\Http\\Request))
#43 C:\\Users\\Doaa alsattari\\Downloads\\bank-graduation-project-main\\bank-graduation-project-main\\vendor\\laravel\\framework\\src\\Illuminate\\Foundation\\Http\\Middleware\\TransformsRequest.php(21): Illuminate\\Pipeline\\Pipeline->Illuminate\\Pipeline\\{closure}(Object(Illuminate\\Http\\Request))
#44 C:\\Users\\Doaa alsattari\\Downloads\\bank-graduation-project-main\\bank-graduation-project-main\\vendor\\laravel\\framework\\src\\Illuminate\\Foundation\\Http\\Middleware\\ConvertEmptyStringsToNull.php(31): Illuminate\\Foundation\\Http\\Middleware\\TransformsRequest->handle(Object(Illuminate\\Http\\Request), Object(Closure))
#45 C:\\Users\\Doaa alsattari\\Downloads\\bank-graduation-project-main\\bank-graduation-project-main\\vendor\\laravel\\framework\\src\\Illuminate\\Pipeline\\Pipeline.php(219): Illuminate\\Foundation\\Http\\Middleware\\ConvertEmptyStringsToNull->handle(Object(Illuminate\\Http\\Request), Object(Closure))
#46 C:\\Users\\Doaa alsattari\\Downloads\\bank-graduation-project-main\\bank-graduation-project-main\\vendor\\laravel\\framework\\src\\Illuminate\\Foundation\\Http\\Middleware\\TransformsRequest.php(21): Illuminate\\Pipeline\\Pipeline->Illuminate\\Pipeline\\{closure}(Object(Illuminate\\Http\\Request))
#47 C:\\Users\\Doaa alsattari\\Downloads\\bank-graduation-project-main\\bank-graduation-project-main\\vendor\\laravel\\framework\\src\\Illuminate\\Foundation\\Http\\Middleware\\TrimStrings.php(51): Illuminate\\Foundation\\Http\\Middleware\\TransformsRequest->handle(Object(Illuminate\\Http\\Request), Object(Closure))
#48 C:\\Users\\Doaa alsattari\\Downloads\\bank-graduation-project-main\\bank-graduation-project-main\\vendor\\laravel\\framework\\src\\Illuminate\\Pipeline\\Pipeline.php(219): Illuminate\\Foundation\\Http\\Middleware\\TrimStrings->handle(Object(Illuminate\\Http\\Request), Object(Closure))
#49 C:\\Users\\Doaa alsattari\\Downloads\\bank-graduation-project-main\\bank-graduation-project-main\\vendor\\laravel\\framework\\src\\Illuminate\\Http\\Middleware\\ValidatePostSize.php(27): Illuminate\\Pipeline\\Pipeline->Illuminate\\Pipeline\\{closure}(Object(Illuminate\\Http\\Request))
#50 C:\\Users\\Doaa alsattari\\Downloads\\bank-graduation-project-main\\bank-graduation-project-main\\vendor\\laravel\\framework\\src\\Illuminate\\Pipeline\\Pipeline.php(219): Illuminate\\Http\\Middleware\\ValidatePostSize->handle(Object(Illuminate\\Http\\Request), Object(Closure))
#51 C:\\Users\\Doaa alsattari\\Downloads\\bank-graduation-project-main\\bank-graduation-project-main\\vendor\\laravel\\framework\\src\\Illuminate\\Foundation\\Http\\Middleware\\PreventRequestsDuringMaintenance.php(109): Illuminate\\Pipeline\\Pipeline->Illuminate\\Pipeline\\{closure}(Object(Illuminate\\Http\\Request))
#52 C:\\Users\\Doaa alsattari\\Downloads\\bank-graduation-project-main\\bank-graduation-project-main\\vendor\\laravel\\framework\\src\\Illuminate\\Pipeline\\Pipeline.php(219): Illuminate\\Foundation\\Http\\Middleware\\PreventRequestsDuringMaintenance->handle(Object(Illuminate\\Http\\Request), Object(Closure))
#53 C:\\Users\\Doaa alsattari\\Downloads\\bank-graduation-project-main\\bank-graduation-project-main\\vendor\\laravel\\framework\\src\\Illuminate\\Http\\Middleware\\HandleCors.php(48): Illuminate\\Pipeline\\Pipeline->Illuminate\\Pipeline\\{closure}(Object(Illuminate\\Http\\Request))
#54 C:\\Users\\Doaa alsattari\\Downloads\\bank-graduation-project-main\\bank-graduation-project-main\\vendor\\laravel\\framework\\src\\Illuminate\\Pipeline\\Pipeline.php(219): Illuminate\\Http\\Middleware\\HandleCors->handle(Object(Illuminate\\Http\\Request), Object(Closure))
#55 C:\\Users\\Doaa alsattari\\Downloads\\bank-graduation-project-main\\bank-graduation-project-main\\vendor\\laravel\\framework\\src\\Illuminate\\Http\\Middleware\\TrustProxies.php(58): Illuminate\\Pipeline\\Pipeline->Illuminate\\Pipeline\\{closure}(Object(Illuminate\\Http\\Request))
#56 C:\\Users\\Doaa alsattari\\Downloads\\bank-graduation-project-main\\bank-graduation-project-main\\vendor\\laravel\\framework\\src\\Illuminate\\Pipeline\\Pipeline.php(219): Illuminate\\Http\\Middleware\\TrustProxies->handle(Object(Illuminate\\Http\\Request), Object(Closure))
#57 C:\\Users\\Doaa alsattari\\Downloads\\bank-graduation-project-main\\bank-graduation-project-main\\vendor\\laravel\\framework\\src\\Illuminate\\Foundation\\Http\\Middleware\\InvokeDeferredCallbacks.php(22): Illuminate\\Pipeline\\Pipeline->Illuminate\\Pipeline\\{closure}(Object(Illuminate\\Http\\Request))
#58 C:\\Users\\Doaa alsattari\\Downloads\\bank-graduation-project-main\\bank-graduation-project-main\\vendor\\laravel\\framework\\src\\Illuminate\\Pipeline\\Pipeline.php(219): Illuminate\\Foundation\\Http\\Middleware\\InvokeDeferredCallbacks->handle(Object(Illuminate\\Http\\Request), Object(Closure))
#59 C:\\Users\\Doaa alsattari\\Downloads\\bank-graduation-project-main\\bank-graduation-project-main\\vendor\\laravel\\framework\\src\\Illuminate\\Http\\Middleware\\ValidatePathEncoding.php(26): Illuminate\\Pipeline\\Pipeline->Illuminate\\Pipeline\\{closure}(Object(Illuminate\\Http\\Request))
#60 C:\\Users\\Doaa alsattari\\Downloads\\bank-graduation-project-main\\bank-graduation-project-main\\vendor\\laravel\\framework\\src\\Illuminate\\Pipeline\\Pipeline.php(219): Illuminate\\Http\\Middleware\\ValidatePathEncoding->handle(Object(Illuminate\\Http\\Request), Object(Closure))
#61 C:\\Users\\Doaa alsattari\\Downloads\\bank-graduation-project-main\\bank-graduation-project-main\\vendor\\laravel\\framework\\src\\Illuminate\\Pipeline\\Pipeline.php(137): Illuminate\\Pipeline\\Pipeline->Illuminate\\Pipeline\\{closure}(Object(Illuminate\\Http\\Request))
#62 C:\\Users\\Doaa alsattari\\Downloads\\bank-graduation-project-main\\bank-graduation-project-main\\vendor\\laravel\\framework\\src\\Illuminate\\Foundation\\Http\\Kernel.php(175): Illuminate\\Pipeline\\Pipeline->then(Object(Closure))
#63 C:\\Users\\Doaa alsattari\\Downloads\\bank-graduation-project-main\\bank-graduation-project-main\\vendor\\laravel\\framework\\src\\Illuminate\\Foundation\\Http\\Kernel.php(144): Illuminate\\Foundation\\Http\\Kernel->sendRequestThroughRouter(Object(Illuminate\\Http\\Request))
#64 C:\\Users\\Doaa alsattari\\Downloads\\bank-graduation-project-main\\bank-graduation-project-main\\vendor\\laravel\\framework\\src\\Illuminate\\Foundation\\Application.php(1220): Illuminate\\Foundation\\Http\\Kernel->handle(Object(Illuminate\\Http\\Request))
#65 C:\\Users\\Doaa alsattari\\Downloads\\bank-graduation-project-main\\bank-graduation-project-main\\public\\index.php(20): Illuminate\\Foundation\\Application->handleRequest(Object(Illuminate\\Http\\Request))
#66 C:\\Users\\Doaa alsattari\\Downloads\\bank-graduation-project-main\\bank-graduation-project-main\\vendor\\laravel\\framework\\src\\Illuminate\\Foundation\\resources\\server.php(23): require_once('C:\\\\Users\\\\Doaa a...')
#67 {main}

[previous exception] [object] (PDOException(code: 42S22): SQLSTATE[42S22]: Column not found: 1054 Unknown column 'transaction_id' in 'where clause' at C:\\Users\\Doaa alsattari\\Downloads\\bank-graduation-project-main\\bank-graduation-project-main\\vendor\\laravel\\framework\\src\\Illuminate\\Database\\Connection.php:406)
[stacktrace]
#0 C:\\Users\\Doaa alsattari\\Downloads\\bank-graduation-project-main\\bank-graduation-project-main\\vendor\\laravel\\framework\\src\\Illuminate\\Database\\Connection.php(406): PDO->prepare('select count(*)...')
#1 C:\\Users\\Doaa alsattari\\Downloads\\bank-graduation-project-main\\bank-graduation-project-main\\vendor\\laravel\\framework\\src\\Illuminate\\Database\\Connection.php(811): Illuminate\\Database\\Connection->Illuminate\\Database\\{closure}('select count(*)...', Array)
#2 C:\\Users\\Doaa alsattari\\Downloads\\bank-graduation-project-main\\bank-graduation-project-main\\vendor\\laravel\\framework\\src\\Illuminate\\Database\\Connection.php(778): Illuminate\\Database\\Connection->runQueryCallback('select count(*)...', Array, Object(Closure))
#3 C:\\Users\\Doaa alsattari\\Downloads\\bank-graduation-project-main\\bank-graduation-project-main\\vendor\\laravel\\framework\\src\\Illuminate\\Database\\Connection.php(397): Illuminate\\Database\\Connection->run('select count(*)...', Array, Object(Closure))
#4 C:\\Users\\Doaa alsattari\\Downloads\\bank-graduation-project-main\\bank-graduation-project-main\\vendor\\laravel\\framework\\src\\Illuminate\\Database\\Query\\Builder.php(3188): Illuminate\\Database\\Connection->select('select count(*)...', Array, true)
#5 C:\\Users\\Doaa alsattari\\Downloads\\bank-graduation-project-main\\bank-graduation-project-main\\vendor\\laravel\\framework\\src\\Illuminate\\Database\\Query\\Builder.php(3173): Illuminate\\Database\\Query\\Builder->runSelect()
#6 C:\\Users\\Doaa alsattari\\Downloads\\bank-graduation-project-main\\bank-graduation-project-main\\vendor\\laravel\\framework\\src\\Illuminate\\Database\\Query\\Builder.php(3763): Illuminate\\Database\\Query\\Builder->Illuminate\\Database\\Query\\{closure}()
#7 C:\\Users\\Doaa alsattari\\Downloads\\bank-graduation-project-main\\bank-graduation-project-main\\vendor\\laravel\\framework\\src\\Illuminate\\Database\\Query\\Builder.php(3172): Illuminate\\Database\\Query\\Builder->onceWithColumns(Array, Object(Closure))
#8 C:\\Users\\Doaa alsattari\\Downloads\\bank-graduation-project-main\\bank-graduation-project-main\\vendor\\laravel\\framework\\src\\Illuminate\\Database\\Query\\Builder.php(3367): Illuminate\\Database\\Query\\Builder->get()
#9 C:\\Users\\Doaa alsattari\\Downloads\\bank-graduation-project-main\\bank-graduation-project-main\\vendor\\laravel\\framework\\src\\Illuminate\\Database\\Query\\Builder.php(3326): Illuminate\\Database\\Query\\Builder->runPaginationCountQuery(Array)
#10 C:\\Users\\Doaa alsattari\\Downloads\\bank-graduation-project-main\\bank-graduation-project-main\\vendor\\laravel\\framework\\src\\Illuminate\\Database\\Eloquent\\Builder.php(1120): Illuminate\\Database\\Query\\Builder->getCountForPagination()
#11 C:\\Users\\Doaa alsattari\\Downloads\\bank-graduation-project-main\\bank-graduation-project-main\\app\\Http\\Controllers\\Admin\\TransactionManagementController.php(64): Illuminate\\Database\\Eloquent\\Builder->paginate(20)
#12 C:\\Users\\Doaa alsattari\\Downloads\\bank-graduation-project-main\\bank-graduation-project-main\\vendor\\laravel\\framework\\src\\Illuminate\\Routing\\ControllerDispatcher.php(46): App\\Http\\Controllers\\Admin\\TransactionManagementController->index(Object(Illuminate\\Http\\Request))
#13 C:\\Users\\Doaa alsattari\\Downloads\\bank-graduation-project-main\\bank-graduation-project-main\\vendor\\laravel\\framework\\src\\Illuminate\\Routing\\Route.php(265): Illuminate\\Routing\\ControllerDispatcher->dispatch(Object(Illuminate\\Routing\\Route), Object(App\\Http\\Controllers\\Admin\\TransactionManagementController), 'index')
#14 C:\\Users\\Doaa alsattari\\Downloads\\bank-graduation-project-main\\bank-graduation-project-main\\vendor\\laravel\\framework\\src\\Illuminate\\Routing\\Route.php(211): Illuminate\\Routing\\Route->runController()
#15 C:\\Users\\Doaa alsattari\\Downloads\\bank-graduation-project-main\\bank-graduation-project-main\\vendor\\laravel\\framework\\src\\Illuminate\\Routing\\Router.php(822): Illuminate\\Routing\\Route->run()
#16 C:\\Users\\Doaa alsattari\\Downloads\\bank-graduation-project-main\\bank-graduation-project-main\\vendor\\laravel\\framework\\src\\Illuminate\\Pipeline\\Pipeline.php(180): Illuminate\\Routing\\Router->Illuminate\\Routing\\{closure}(Object(Illuminate\\Http\\Request))
#17 C:\\Users\\Doaa alsattari\\Downloads\\bank-graduation-project-main\\bank-graduation-project-main\\app\\Http\\Middleware\\CheckPermission.php(27): Illuminate\\Pipeline\\Pipeline->Illuminate\\Pipeline\\{closure}(Object(Illuminate\\Http\\Request))
#18 C:\\Users\\Doaa alsattari\\Downloads\\bank-graduation-project-main\\bank-graduation-project-main\\vendor\\laravel\\framework\\src\\Illuminate\\Pipeline\\Pipeline.php(219): App\\Http\\Middleware\\CheckPermission->handle(Object(Illuminate\\Http\\Request), Object(Closure), 'view_transactio...')
#19 C:\\Users\\Doaa alsattari\\Downloads\\bank-graduation-project-main\\bank-graduation-project-main\\app\\Http\\Middleware\\CheckRole.php(27): Illuminate\\Pipeline\\Pipeline->Illuminate\\Pipeline\\{closure}(Object(Illuminate\\Http\\Request))
#20 C:\\Users\\Doaa alsattari\\Downloads\\bank-graduation-project-main\\bank-graduation-project-main\\vendor\\laravel\\framework\\src\\Illuminate\\Pipeline\\Pipeline.php(219): App\\Http\\Middleware\\CheckRole->handle(Object(Illuminate\\Http\\Request), Object(Closure), 'super_admin', 'admin')
#21 C:\\Users\\Doaa alsattari\\Downloads\\bank-graduation-project-main\\bank-graduation-project-main\\app\\Http\\Middleware\\SetLocale.php(28): Illuminate\\Pipeline\\Pipeline->Illuminate\\Pipeline\\{closure}(Object(Illuminate\\Http\\Request))
#22 C:\\Users\\Doaa alsattari\\Downloads\\bank-graduation-project-main\\bank-graduation-project-main\\vendor\\laravel\\framework\\src\\Illuminate\\Pipeline\\Pipeline.php(219): App\\Http\\Middleware\\SetLocale->handle(Object(Illuminate\\Http\\Request), Object(Closure))
#23 C:\\Users\\Doaa alsattari\\Downloads\\bank-graduation-project-main\\bank-graduation-project-main\\vendor\\laravel\\framework\\src\\Illuminate\\Routing\\Middleware\\SubstituteBindings.php(50): Illuminate\\Pipeline\\Pipeline->Illuminate\\Pipeline\\{closure}(Object(Illuminate\\Http\\Request))
#24 C:\\Users\\Doaa alsattari\\Downloads\\bank-graduation-project-main\\bank-graduation-project-main\\vendor\\laravel\\framework\\src\\Illuminate\\Pipeline\\Pipeline.php(219): Illuminate\\Routing\\Middleware\\SubstituteBindings->handle(Object(Illuminate\\Http\\Request), Object(Closure))
#25 C:\\Users\\Doaa alsattari\\Downloads\\bank-graduation-project-main\\bank-graduation-project-main\\vendor\\laravel\\framework\\src\\Illuminate\\Auth\\Middleware\\Authenticate.php(63): Illuminate\\Pipeline\\Pipeline->Illuminate\\Pipeline\\{closure}(Object(Illuminate\\Http\\Request))
#26 C:\\Users\\Doaa alsattari\\Downloads\\bank-graduation-project-main\\bank-graduation-project-main\\vendor\\laravel\\framework\\src\\Illuminate\\Pipeline\\Pipeline.php(219): Illuminate\\Auth\\Middleware\\Authenticate->handle(Object(Illuminate\\Http\\Request), Object(Closure))
#27 C:\\Users\\Doaa alsattari\\Downloads\\bank-graduation-project-main\\bank-graduation-project-main\\vendor\\laravel\\framework\\src\\Illuminate\\Foundation\\Http\\Middleware\\VerifyCsrfToken.php(87): Illuminate\\Pipeline\\Pipeline->Illuminate\\Pipeline\\{closure}(Object(Illuminate\\Http\\Request))
#28 C:\\Users\\Doaa alsattari\\Downloads\\bank-graduation-project-main\\bank-graduation-project-main\\vendor\\laravel\\framework\\src\\Illuminate\\Pipeline\\Pipeline.php(219): Illuminate\\Foundation\\Http\\Middleware\\VerifyCsrfToken->handle(Object(Illuminate\\Http\\Request), Object(Closure))
#29 C:\\Users\\Doaa alsattari\\Downloads\\bank-graduation-project-main\\bank-graduation-project-main\\vendor\\laravel\\framework\\src\\Illuminate\\View\\Middleware\\ShareErrorsFromSession.php(48): Illuminate\\Pipeline\\Pipeline->Illuminate\\Pipeline\\{closure}(Object(Illuminate\\Http\\Request))
#30 C:\\Users\\Doaa alsattari\\Downloads\\bank-graduation-project-main\\bank-graduation-project-main\\vendor\\laravel\\framework\\src\\Illuminate\\Pipeline\\Pipeline.php(219): Illuminate\\View\\Middleware\\ShareErrorsFromSession->handle(Object(Illuminate\\Http\\Request), Object(Closure))
#31 C:\\Users\\Doaa alsattari\\Downloads\\bank-graduation-project-main\\bank-graduation-project-main\\vendor\\laravel\\framework\\src\\Illuminate\\Session\\Middleware\\StartSession.php(120): Illuminate\\Pipeline\\Pipeline->Illuminate\\Pipeline\\{closure}(Object(Illuminate\\Http\\Request))
#32 C:\\Users\\Doaa alsattari\\Downloads\\bank-graduation-project-main\\bank-graduation-project-main\\vendor\\laravel\\framework\\src\\Illuminate\\Session\\Middleware\\StartSession.php(63): Illuminate\\Session\\Middleware\\StartSession->handleStatefulRequest(Object(Illuminate\\Http\\Request), Object(Illuminate\\Session\\Store), Object(Closure))
#33 C:\\Users\\Doaa alsattari\\Downloads\\bank-graduation-project-main\\bank-graduation-project-main\\vendor\\laravel\\framework\\src\\Illuminate\\Pipeline\\Pipeline.php(219): Illuminate\\Session\\Middleware\\StartSession->handle(Object(Illuminate\\Http\\Request), Object(Closure))
#34 C:\\Users\\Doaa alsattari\\Downloads\\bank-graduation-project-main\\bank-graduation-project-main\\vendor\\laravel\\framework\\src\\Illuminate\\Cookie\\Middleware\\AddQueuedCookiesToResponse.php(36): Illuminate\\Pipeline\\Pipeline->Illuminate\\Pipeline\\{closure}(Object(Illuminate\\Http\\Request))
#35 C:\\Users\\Doaa alsattari\\Downloads\\bank-graduation-project-main\\bank-graduation-project-main\\vendor\\laravel\\framework\\src\\Illuminate\\Pipeline\\Pipeline.php(219): Illuminate\\Cookie\\Middleware\\AddQueuedCookiesToResponse->handle(Object(Illuminate\\Http\\Request), Object(Closure))
#36 C:\\Users\\Doaa alsattari\\Downloads\\bank-graduation-project-main\\bank-graduation-project-main\\vendor\\laravel\\framework\\src\\Illuminate\\Cookie\\Middleware\\EncryptCookies.php(74): Illuminate\\Pipeline\\Pipeline->Illuminate\\Pipeline\\{closure}(Object(Illuminate\\Http\\Request))
#37 C:\\Users\\Doaa alsattari\\Downloads\\bank-graduation-project-main\\bank-graduation-project-main\\vendor\\laravel\\framework\\src\\Illuminate\\Pipeline\\Pipeline.php(219): Illuminate\\Cookie\\Middleware\\EncryptCookies->handle(Object(Illuminate\\Http\\Request), Object(Closure))
#38 C:\\Users\\Doaa alsattari\\Downloads\\bank-graduation-project-main\\bank-graduation-project-main\\vendor\\laravel\\framework\\src\\Illuminate\\Pipeline\\Pipeline.php(137): Illuminate\\Pipeline\\Pipeline->Illuminate\\Pipeline\\{closure}(Object(Illuminate\\Http\\Request))
#39 C:\\Users\\Doaa alsattari\\Downloads\\bank-graduation-project-main\\bank-graduation-project-main\\vendor\\laravel\\framework\\src\\Illuminate\\Routing\\Router.php(821): Illuminate\\Pipeline\\Pipeline->then(Object(Closure))
#40 C:\\Users\\Doaa alsattari\\Downloads\\bank-graduation-project-main\\bank-graduation-project-main\\vendor\\laravel\\framework\\src\\Illuminate\\Routing\\Router.php(800): Illuminate\\Routing\\Router->runRouteWithinStack(Object(Illuminate\\Routing\\Route), Object(Illuminate\\Http\\Request))
#41 C:\\Users\\Doaa alsattari\\Downloads\\bank-graduation-project-main\\bank-graduation-project-main\\vendor\\laravel\\framework\\src\\Illuminate\\Routing\\Router.php(764): Illuminate\\Routing\\Router->runRoute(Object(Illuminate\\Http\\Request), Object(Illuminate\\Routing\\Route))
#42 C:\\Users\\Doaa alsattari\\Downloads\\bank-graduation-project-main\\bank-graduation-project-main\\vendor\\laravel\\framework\\src\\Illuminate\\Routing\\Router.php(753): Illuminate\\Routing\\Router->dispatchToRoute(Object(Illuminate\\Http\\Request))
#43 C:\\Users\\Doaa alsattari\\Downloads\\bank-graduation-project-main\\bank-graduation-project-main\\vendor\\laravel\\framework\\src\\Illuminate\\Foundation\\Http\\Kernel.php(200): Illuminate\\Routing\\Router->dispatch(Object(Illuminate\\Http\\Request))
#44 C:\\Users\\Doaa alsattari\\Downloads\\bank-graduation-project-main\\bank-graduation-project-main\\vendor\\laravel\\framework\\src\\Illuminate\\Pipeline\\Pipeline.php(180): Illuminate\\Foundation\\Http\\Kernel->Illuminate\\Foundation\\Http\\{closure}(Object(Illuminate\\Http\\Request))
#45 C:\\Users\\Doaa alsattari\\Downloads\\bank-graduation-project-main\\bank-graduation-project-main\\vendor\\laravel\\framework\\src\\Illuminate\\Foundation\\Http\\Middleware\\TransformsRequest.php(21): Illuminate\\Pipeline\\Pipeline->Illuminate\\Pipeline\\{closure}(Object(Illuminate\\Http\\Request))
#46 C:\\Users\\Doaa alsattari\\Downloads\\bank-graduation-project-main\\bank-graduation-project-main\\vendor\\laravel\\framework\\src\\Illuminate\\Foundation\\Http\\Middleware\\ConvertEmptyStringsToNull.php(31): Illuminate\\Foundation\\Http\\Middleware\\TransformsRequest->handle(Object(Illuminate\\Http\\Request), Object(Closure))
#47 C:\\Users\\Doaa alsattari\\Downloads\\bank-graduation-project-main\\bank-graduation-project-main\\vendor\\laravel\\framework\\src\\Illuminate\\Pipeline\\Pipeline.php(219): Illuminate\\Foundation\\Http\\Middleware\\ConvertEmptyStringsToNull->handle(Object(Illuminate\\Http\\Request), Object(Closure))
#48 C:\\Users\\Doaa alsattari\\Downloads\\bank-graduation-project-main\\bank-graduation-project-main\\vendor\\laravel\\framework\\src\\Illuminate\\Foundation\\Http\\Middleware\\TransformsRequest.php(21): Illuminate\\Pipeline\\Pipeline->Illuminate\\Pipeline\\{closure}(Object(Illuminate\\Http\\Request))
#49 C:\\Users\\Doaa alsattari\\Downloads\\bank-graduation-project-main\\bank-graduation-project-main\\vendor\\laravel\\framework\\src\\Illuminate\\Foundation\\Http\\Middleware\\TrimStrings.php(51): Illuminate\\Foundation\\Http\\Middleware\\TransformsRequest->handle(Object(Illuminate\\Http\\Request), Object(Closure))
#50 C:\\Users\\Doaa alsattari\\Downloads\\bank-graduation-project-main\\bank-graduation-project-main\\vendor\\laravel\\framework\\src\\Illuminate\\Pipeline\\Pipeline.php(219): Illuminate\\Foundation\\Http\\Middleware\\TrimStrings->handle(Object(Illuminate\\Http\\Request), Object(Closure))
#51 C:\\Users\\Doaa alsattari\\Downloads\\bank-graduation-project-main\\bank-graduation-project-main\\vendor\\laravel\\framework\\src\\Illuminate\\Http\\Middleware\\ValidatePostSize.php(27): Illuminate\\Pipeline\\Pipeline->Illuminate\\Pipeline\\{closure}(Object(Illuminate\\Http\\Request))
#52 C:\\Users\\Doaa alsattari\\Downloads\\bank-graduation-project-main\\bank-graduation-project-main\\vendor\\laravel\\framework\\src\\Illuminate\\Pipeline\\Pipeline.php(219): Illuminate\\Http\\Middleware\\ValidatePostSize->handle(Object(Illuminate\\Http\\Request), Object(Closure))
#53 C:\\Users\\Doaa alsattari\\Downloads\\bank-graduation-project-main\\bank-graduation-project-main\\vendor\\laravel\\framework\\src\\Illuminate\\Foundation\\Http\\Middleware\\PreventRequestsDuringMaintenance.php(109): Illuminate\\Pipeline\\Pipeline->Illuminate\\Pipeline\\{closure}(Object(Illuminate\\Http\\Request))
#54 C:\\Users\\Doaa alsattari\\Downloads\\bank-graduation-project-main\\bank-graduation-project-main\\vendor\\laravel\\framework\\src\\Illuminate\\Pipeline\\Pipeline.php(219): Illuminate\\Foundation\\Http\\Middleware\\PreventRequestsDuringMaintenance->handle(Object(Illuminate\\Http\\Request), Object(Closure))
#55 C:\\Users\\Doaa alsattari\\Downloads\\bank-graduation-project-main\\bank-graduation-project-main\\vendor\\laravel\\framework\\src\\Illuminate\\Http\\Middleware\\HandleCors.php(48): Illuminate\\Pipeline\\Pipeline->Illuminate\\Pipeline\\{closure}(Object(Illuminate\\Http\\Request))
#56 C:\\Users\\Doaa alsattari\\Downloads\\bank-graduation-project-main\\bank-graduation-project-main\\vendor\\laravel\\framework\\src\\Illuminate\\Pipeline\\Pipeline.php(219): Illuminate\\Http\\Middleware\\HandleCors->handle(Object(Illuminate\\Http\\Request), Object(Closure))
#57 C:\\Users\\Doaa alsattari\\Downloads\\bank-graduation-project-main\\bank-graduation-project-main\\vendor\\laravel\\framework\\src\\Illuminate\\Http\\Middleware\\TrustProxies.php(58): Illuminate\\Pipeline\\Pipeline->Illuminate\\Pipeline\\{closure}(Object(Illuminate\\Http\\Request))
#58 C:\\Users\\Doaa alsattari\\Downloads\\bank-graduation-project-main\\bank-graduation-project-main\\vendor\\laravel\\framework\\src\\Illuminate\\Pipeline\\Pipeline.php(219): Illuminate\\Http\\Middleware\\TrustProxies->handle(Object(Illuminate\\Http\\Request), Object(Closure))
#59 C:\\Users\\Doaa alsattari\\Downloads\\bank-graduation-project-main\\bank-graduation-project-main\\vendor\\laravel\\framework\\src\\Illuminate\\Foundation\\Http\\Middleware\\InvokeDeferredCallbacks.php(22): Illuminate\\Pipeline\\Pipeline->Illuminate\\Pipeline\\{closure}(Object(Illuminate\\Http\\Request))
#60 C:\\Users\\Doaa alsattari\\Downloads\\bank-graduation-project-main\\bank-graduation-project-main\\vendor\\laravel\\framework\\src\\Illuminate\\Pipeline\\Pipeline.php(219): Illuminate\\Foundation\\Http\\Middleware\\InvokeDeferredCallbacks->handle(Object(Illuminate\\Http\\Request), Object(Closure))
#61 C:\\Users\\Doaa alsattari\\Downloads\\bank-graduation-project-main\\bank-graduation-project-main\\vendor\\laravel\\framework\\src\\Illuminate\\Http\\Middleware\\ValidatePathEncoding.php(26): Illuminate\\Pipeline\\Pipeline->Illuminate\\Pipeline\\{closure}(Object(Illuminate\\Http\\Request))
#62 C:\\Users\\Doaa alsattari\\Downloads\\bank-graduation-project-main\\bank-graduation-project-main\\vendor\\laravel\\framework\\src\\Illuminate\\Pipeline\\Pipeline.php(219): Illuminate\\Http\\Middleware\\ValidatePathEncoding->handle(Object(Illuminate\\Http\\Request), Object(Closure))
#63 C:\\Users\\Doaa alsattari\\Downloads\\bank-graduation-project-main\\bank-graduation-project-main\\vendor\\laravel\\framework\\src\\Illuminate\\Pipeline\\Pipeline.php(137): Illuminate\\Pipeline\\Pipeline->Illuminate\\Pipeline\\{closure}(Object(Illuminate\\Http\\Request))
#64 C:\\Users\\Doaa alsattari\\Downloads\\bank-graduation-project-main\\bank-graduation-project-main\\vendor\\laravel\\framework\\src\\Illuminate\\Foundation\\Http\\Kernel.php(175): Illuminate\\Pipeline\\Pipeline->then(Object(Closure))
#65 C:\\Users\\Doaa alsattari\\Downloads\\bank-graduation-project-main\\bank-graduation-project-main\\vendor\\laravel\\framework\\src\\Illuminate\\Foundation\\Http\\Kernel.php(144): Illuminate\\Foundation\\Http\\Kernel->sendRequestThroughRouter(Object(Illuminate\\Http\\Request))
#66 C:\\Users\\Doaa alsattari\\Downloads\\bank-graduation-project-main\\bank-graduation-project-main\\vendor\\laravel\\framework\\src\\Illuminate\\Foundation\\Application.php(1220): Illuminate\\Foundation\\Http\\Kernel->handle(Object(Illuminate\\Http\\Request))
#67 C:\\Users\\Doaa alsattari\\Downloads\\bank-graduation-project-main\\bank-graduation-project-main\\public\\index.php(20): Illuminate\\Foundation\\Application->handleRequest(Object(Illuminate\\Http\\Request))
#68 C:\\Users\\Doaa alsattari\\Downloads\\bank-graduation-project-main\\bank-graduation-project-main\\vendor\\laravel\\framework\\src\\Illuminate\\Foundation\\resources\\server.php(23): require_once('C:\\\\Users\\\\Doaa a...')
#69 {main}
"} 
[2025-10-20 12:51:31] local.ERROR: SQLSTATE[42S22]: Column not found: 1054 Unknown column 'transaction_id' in 'where clause' (Connection: mysql, SQL: select count(*) as aggregate from `transactions` where (`transaction_id` like %% or `description` like %% or exists (select * from `users` where `transactions`.`sender_id` = `users`.`id` and (`name` like %% or `email` like %%)))) {"userId":5,"exception":"[object] (Illuminate\\Database\\QueryException(code: 42S22): SQLSTATE[42S22]: Column not found: 1054 Unknown column 'transaction_id' in 'where clause' (Connection: mysql, SQL: select count(*) as aggregate from `transactions` where (`transaction_id` like %% or `description` like %% or exists (select * from `users` where `transactions`.`sender_id` = `users`.`id` and (`name` like %% or `email` like %%)))) at C:\\Users\\Doaa alsattari\\Downloads\\bank-graduation-project-main\\bank-graduation-project-main\\vendor\\laravel\\framework\\src\\Illuminate\\Database\\Connection.php:824)
[stacktrace]
#0 C:\\Users\\Doaa alsattari\\Downloads\\bank-graduation-project-main\\bank-graduation-project-main\\vendor\\laravel\\framework\\src\\Illuminate\\Database\\Connection.php(778): Illuminate\\Database\\Connection->runQueryCallback('select count(*)...', Array, Object(Closure))
#1 C:\\Users\\Doaa alsattari\\Downloads\\bank-graduation-project-main\\bank-graduation-project-main\\vendor\\laravel\\framework\\src\\Illuminate\\Database\\Connection.php(397): Illuminate\\Database\\Connection->run('select count(*)...', Array, Object(Closure))
#2 C:\\Users\\Doaa alsattari\\Downloads\\bank-graduation-project-main\\bank-graduation-project-main\\vendor\\laravel\\framework\\src\\Illuminate\\Database\\Query\\Builder.php(3188): Illuminate\\Database\\Connection->select('select count(*)...', Array, true)
#3 C:\\Users\\Doaa alsattari\\Downloads\\bank-graduation-project-main\\bank-graduation-project-main\\vendor\\laravel\\framework\\src\\Illuminate\\Database\\Query\\Builder.php(3173): Illuminate\\Database\\Query\\Builder->runSelect()
#4 C:\\Users\\Doaa alsattari\\Downloads\\bank-graduation-project-main\\bank-graduation-project-main\\vendor\\laravel\\framework\\src\\Illuminate\\Database\\Query\\Builder.php(3763): Illuminate\\Database\\Query\\Builder->Illuminate\\Database\\Query\\{closure}()
#5 C:\\Users\\Doaa alsattari\\Downloads\\bank-graduation-project-main\\bank-graduation-project-main\\vendor\\laravel\\framework\\src\\Illuminate\\Database\\Query\\Builder.php(3172): Illuminate\\Database\\Query\\Builder->onceWithColumns(Array, Object(Closure))
#6 C:\\Users\\Doaa alsattari\\Downloads\\bank-graduation-project-main\\bank-graduation-project-main\\vendor\\laravel\\framework\\src\\Illuminate\\Database\\Query\\Builder.php(3367): Illuminate\\Database\\Query\\Builder->get()
#7 C:\\Users\\Doaa alsattari\\Downloads\\bank-graduation-project-main\\bank-graduation-project-main\\vendor\\laravel\\framework\\src\\Illuminate\\Database\\Query\\Builder.php(3326): Illuminate\\Database\\Query\\Builder->runPaginationCountQuery(Array)
#8 C:\\Users\\Doaa alsattari\\Downloads\\bank-graduation-project-main\\bank-graduation-project-main\\vendor\\laravel\\framework\\src\\Illuminate\\Database\\Eloquent\\Builder.php(1120): Illuminate\\Database\\Query\\Builder->getCountForPagination()
#9 C:\\Users\\Doaa alsattari\\Downloads\\bank-graduation-project-main\\bank-graduation-project-main\\app\\Http\\Controllers\\Admin\\TransactionManagementController.php(64): Illuminate\\Database\\Eloquent\\Builder->paginate(20)
#10 C:\\Users\\Doaa alsattari\\Downloads\\bank-graduation-project-main\\bank-graduation-project-main\\vendor\\laravel\\framework\\src\\Illuminate\\Routing\\ControllerDispatcher.php(46): App\\Http\\Controllers\\Admin\\TransactionManagementController->index(Object(Illuminate\\Http\\Request))
#11 C:\\Users\\Doaa alsattari\\Downloads\\bank-graduation-project-main\\bank-graduation-project-main\\vendor\\laravel\\framework\\src\\Illuminate\\Routing\\Route.php(265): Illuminate\\Routing\\ControllerDispatcher->dispatch(Object(Illuminate\\Routing\\Route), Object(App\\Http\\Controllers\\Admin\\TransactionManagementController), 'index')
#12 C:\\Users\\Doaa alsattari\\Downloads\\bank-graduation-project-main\\bank-graduation-project-main\\vendor\\laravel\\framework\\src\\Illuminate\\Routing\\Route.php(211): Illuminate\\Routing\\Route->runController()
#13 C:\\Users\\Doaa alsattari\\Downloads\\bank-graduation-project-main\\bank-graduation-project-main\\vendor\\laravel\\framework\\src\\Illuminate\\Routing\\Router.php(822): Illuminate\\Routing\\Route->run()
#14 C:\\Users\\Doaa alsattari\\Downloads\\bank-graduation-project-main\\bank-graduation-project-main\\vendor\\laravel\\framework\\src\\Illuminate\\Pipeline\\Pipeline.php(180): Illuminate\\Routing\\Router->Illuminate\\Routing\\{closure}(Object(Illuminate\\Http\\Request))
#15 C:\\Users\\Doaa alsattari\\Downloads\\bank-graduation-project-main\\bank-graduation-project-main\\app\\Http\\Middleware\\CheckPermission.php(27): Illuminate\\Pipeline\\Pipeline->Illuminate\\Pipeline\\{closure}(Object(Illuminate\\Http\\Request))
#16 C:\\Users\\Doaa alsattari\\Downloads\\bank-graduation-project-main\\bank-graduation-project-main\\vendor\\laravel\\framework\\src\\Illuminate\\Pipeline\\Pipeline.php(219): App\\Http\\Middleware\\CheckPermission->handle(Object(Illuminate\\Http\\Request), Object(Closure), 'view_transactio...')
#17 C:\\Users\\Doaa alsattari\\Downloads\\bank-graduation-project-main\\bank-graduation-project-main\\app\\Http\\Middleware\\CheckRole.php(27): Illuminate\\Pipeline\\Pipeline->Illuminate\\Pipeline\\{closure}(Object(Illuminate\\Http\\Request))
#18 C:\\Users\\Doaa alsattari\\Downloads\\bank-graduation-project-main\\bank-graduation-project-main\\vendor\\laravel\\framework\\src\\Illuminate\\Pipeline\\Pipeline.php(219): App\\Http\\Middleware\\CheckRole->handle(Object(Illuminate\\Http\\Request), Object(Closure), 'super_admin', 'admin')
#19 C:\\Users\\Doaa alsattari\\Downloads\\bank-graduation-project-main\\bank-graduation-project-main\\app\\Http\\Middleware\\SetLocale.php(28): Illuminate\\Pipeline\\Pipeline->Illuminate\\Pipeline\\{closure}(Object(Illuminate\\Http\\Request))
#20 C:\\Users\\Doaa alsattari\\Downloads\\bank-graduation-project-main\\bank-graduation-project-main\\vendor\\laravel\\framework\\src\\Illuminate\\Pipeline\\Pipeline.php(219): App\\Http\\Middleware\\SetLocale->handle(Object(Illuminate\\Http\\Request), Object(Closure))
#21 C:\\Users\\Doaa alsattari\\Downloads\\bank-graduation-project-main\\bank-graduation-project-main\\vendor\\laravel\\framework\\src\\Illuminate\\Routing\\Middleware\\SubstituteBindings.php(50): Illuminate\\Pipeline\\Pipeline->Illuminate\\Pipeline\\{closure}(Object(Illuminate\\Http\\Request))
#22 C:\\Users\\Doaa alsattari\\Downloads\\bank-graduation-project-main\\bank-graduation-project-main\\vendor\\laravel\\framework\\src\\Illuminate\\Pipeline\\Pipeline.php(219): Illuminate\\Routing\\Middleware\\SubstituteBindings->handle(Object(Illuminate\\Http\\Request), Object(Closure))
#23 C:\\Users\\Doaa alsattari\\Downloads\\bank-graduation-project-main\\bank-graduation-project-main\\vendor\\laravel\\framework\\src\\Illuminate\\Auth\\Middleware\\Authenticate.php(63): Illuminate\\Pipeline\\Pipeline->Illuminate\\Pipeline\\{closure}(Object(Illuminate\\Http\\Request))
#24 C:\\Users\\Doaa alsattari\\Downloads\\bank-graduation-project-main\\bank-graduation-project-main\\vendor\\laravel\\framework\\src\\Illuminate\\Pipeline\\Pipeline.php(219): Illuminate\\Auth\\Middleware\\Authenticate->handle(Object(Illuminate\\Http\\Request), Object(Closure))
#25 C:\\Users\\Doaa alsattari\\Downloads\\bank-graduation-project-main\\bank-graduation-project-main\\vendor\\laravel\\framework\\src\\Illuminate\\Foundation\\Http\\Middleware\\VerifyCsrfToken.php(87): Illuminate\\Pipeline\\Pipeline->Illuminate\\Pipeline\\{closure}(Object(Illuminate\\Http\\Request))
#26 C:\\Users\\Doaa alsattari\\Downloads\\bank-graduation-project-main\\bank-graduation-project-main\\vendor\\laravel\\framework\\src\\Illuminate\\Pipeline\\Pipeline.php(219): Illuminate\\Foundation\\Http\\Middleware\\VerifyCsrfToken->handle(Object(Illuminate\\Http\\Request), Object(Closure))
#27 C:\\Users\\Doaa alsattari\\Downloads\\bank-graduation-project-main\\bank-graduation-project-main\\vendor\\laravel\\framework\\src\\Illuminate\\View\\Middleware\\ShareErrorsFromSession.php(48): Illuminate\\Pipeline\\Pipeline->Illuminate\\Pipeline\\{closure}(Object(Illuminate\\Http\\Request))
#28 C:\\Users\\Doaa alsattari\\Downloads\\bank-graduation-project-main\\bank-graduation-project-main\\vendor\\laravel\\framework\\src\\Illuminate\\Pipeline\\Pipeline.php(219): Illuminate\\View\\Middleware\\ShareErrorsFromSession->handle(Object(Illuminate\\Http\\Request), Object(Closure))
#29 C:\\Users\\Doaa alsattari\\Downloads\\bank-graduation-project-main\\bank-graduation-project-main\\vendor\\laravel\\framework\\src\\Illuminate\\Session\\Middleware\\StartSession.php(120): Illuminate\\Pipeline\\Pipeline->Illuminate\\Pipeline\\{closure}(Object(Illuminate\\Http\\Request))
#30 C:\\Users\\Doaa alsattari\\Downloads\\bank-graduation-project-main\\bank-graduation-project-main\\vendor\\laravel\\framework\\src\\Illuminate\\Session\\Middleware\\StartSession.php(63): Illuminate\\Session\\Middleware\\StartSession->handleStatefulRequest(Object(Illuminate\\Http\\Request), Object(Illuminate\\Session\\Store), Object(Closure))
#31 C:\\Users\\Doaa alsattari\\Downloads\\bank-graduation-project-main\\bank-graduation-project-main\\vendor\\laravel\\framework\\src\\Illuminate\\Pipeline\\Pipeline.php(219): Illuminate\\Session\\Middleware\\StartSession->handle(Object(Illuminate\\Http\\Request), Object(Closure))
#32 C:\\Users\\Doaa alsattari\\Downloads\\bank-graduation-project-main\\bank-graduation-project-main\\vendor\\laravel\\framework\\src\\Illuminate\\Cookie\\Middleware\\AddQueuedCookiesToResponse.php(36): Illuminate\\Pipeline\\Pipeline->Illuminate\\Pipeline\\{closure}(Object(Illuminate\\Http\\Request))
#33 C:\\Users\\Doaa alsattari\\Downloads\\bank-graduation-project-main\\bank-graduation-project-main\\vendor\\laravel\\framework\\src\\Illuminate\\Pipeline\\Pipeline.php(219): Illuminate\\Cookie\\Middleware\\AddQueuedCookiesToResponse->handle(Object(Illuminate\\Http\\Request), Object(Closure))
#34 C:\\Users\\Doaa alsattari\\Downloads\\bank-graduation-project-main\\bank-graduation-project-main\\vendor\\laravel\\framework\\src\\Illuminate\\Cookie\\Middleware\\EncryptCookies.php(74): Illuminate\\Pipeline\\Pipeline->Illuminate\\Pipeline\\{closure}(Object(Illuminate\\Http\\Request))
#35 C:\\Users\\Doaa alsattari\\Downloads\\bank-graduation-project-main\\bank-graduation-project-main\\vendor\\laravel\\framework\\src\\Illuminate\\Pipeline\\Pipeline.php(219): Illuminate\\Cookie\\Middleware\\EncryptCookies->handle(Object(Illuminate\\Http\\Request), Object(Closure))
#36 C:\\Users\\Doaa alsattari\\Downloads\\bank-graduation-project-main\\bank-graduation-project-main\\vendor\\laravel\\framework\\src\\Illuminate\\Pipeline\\Pipeline.php(137): Illuminate\\Pipeline\\Pipeline->Illuminate\\Pipeline\\{closure}(Object(Illuminate\\Http\\Request))
#37 C:\\Users\\Doaa alsattari\\Downloads\\bank-graduation-project-main\\bank-graduation-project-main\\vendor\\laravel\\framework\\src\\Illuminate\\Routing\\Router.php(821): Illuminate\\Pipeline\\Pipeline->then(Object(Closure))
#38 C:\\Users\\Doaa alsattari\\Downloads\\bank-graduation-project-main\\bank-graduation-project-main\\vendor\\laravel\\framework\\src\\Illuminate\\Routing\\Router.php(800): Illuminate\\Routing\\Router->runRouteWithinStack(Object(Illuminate\\Routing\\Route), Object(Illuminate\\Http\\Request))
#39 C:\\Users\\Doaa alsattari\\Downloads\\bank-graduation-project-main\\bank-graduation-project-main\\vendor\\laravel\\framework\\src\\Illuminate\\Routing\\Router.php(764): Illuminate\\Routing\\Router->runRoute(Object(Illuminate\\Http\\Request), Object(Illuminate\\Routing\\Route))
#40 C:\\Users\\Doaa alsattari\\Downloads\\bank-graduation-project-main\\bank-graduation-project-main\\vendor\\laravel\\framework\\src\\Illuminate\\Routing\\Router.php(753): Illuminate\\Routing\\Router->dispatchToRoute(Object(Illuminate\\Http\\Request))
#41 C:\\Users\\Doaa alsattari\\Downloads\\bank-graduation-project-main\\bank-graduation-project-main\\vendor\\laravel\\framework\\src\\Illuminate\\Foundation\\Http\\Kernel.php(200): Illuminate\\Routing\\Router->dispatch(Object(Illuminate\\Http\\Request))
#42 C:\\Users\\Doaa alsattari\\Downloads\\bank-graduation-project-main\\bank-graduation-project-main\\vendor\\laravel\\framework\\src\\Illuminate\\Pipeline\\Pipeline.php(180): Illuminate\\Foundation\\Http\\Kernel->Illuminate\\Foundation\\Http\\{closure}(Object(Illuminate\\Http\\Request))
#43 C:\\Users\\Doaa alsattari\\Downloads\\bank-graduation-project-main\\bank-graduation-project-main\\vendor\\laravel\\framework\\src\\Illuminate\\Foundation\\Http\\Middleware\\TransformsRequest.php(21): Illuminate\\Pipeline\\Pipeline->Illuminate\\Pipeline\\{closure}(Object(Illuminate\\Http\\Request))
#44 C:\\Users\\Doaa alsattari\\Downloads\\bank-graduation-project-main\\bank-graduation-project-main\\vendor\\laravel\\framework\\src\\Illuminate\\Foundation\\Http\\Middleware\\ConvertEmptyStringsToNull.php(31): Illuminate\\Foundation\\Http\\Middleware\\TransformsRequest->handle(Object(Illuminate\\Http\\Request), Object(Closure))
#45 C:\\Users\\Doaa alsattari\\Downloads\\bank-graduation-project-main\\bank-graduation-project-main\\vendor\\laravel\\framework\\src\\Illuminate\\Pipeline\\Pipeline.php(219): Illuminate\\Foundation\\Http\\Middleware\\ConvertEmptyStringsToNull->handle(Object(Illuminate\\Http\\Request), Object(Closure))
#46 C:\\Users\\Doaa alsattari\\Downloads\\bank-graduation-project-main\\bank-graduation-project-main\\vendor\\laravel\\framework\\src\\Illuminate\\Foundation\\Http\\Middleware\\TransformsRequest.php(21): Illuminate\\Pipeline\\Pipeline->Illuminate\\Pipeline\\{closure}(Object(Illuminate\\Http\\Request))
#47 C:\\Users\\Doaa alsattari\\Downloads\\bank-graduation-project-main\\bank-graduation-project-main\\vendor\\laravel\\framework\\src\\Illuminate\\Foundation\\Http\\Middleware\\TrimStrings.php(51): Illuminate\\Foundation\\Http\\Middleware\\TransformsRequest->handle(Object(Illuminate\\Http\\Request), Object(Closure))
#48 C:\\Users\\Doaa alsattari\\Downloads\\bank-graduation-project-main\\bank-graduation-project-main\\vendor\\laravel\\framework\\src\\Illuminate\\Pipeline\\Pipeline.php(219): Illuminate\\Foundation\\Http\\Middleware\\TrimStrings->handle(Object(Illuminate\\Http\\Request), Object(Closure))
#49 C:\\Users\\Doaa alsattari\\Downloads\\bank-graduation-project-main\\bank-graduation-project-main\\vendor\\laravel\\framework\\src\\Illuminate\\Http\\Middleware\\ValidatePostSize.php(27): Illuminate\\Pipeline\\Pipeline->Illuminate\\Pipeline\\{closure}(Object(Illuminate\\Http\\Request))
#50 C:\\Users\\Doaa alsattari\\Downloads\\bank-graduation-project-main\\bank-graduation-project-main\\vendor\\laravel\\framework\\src\\Illuminate\\Pipeline\\Pipeline.php(219): Illuminate\\Http\\Middleware\\ValidatePostSize->handle(Object(Illuminate\\Http\\Request), Object(Closure))
#51 C:\\Users\\Doaa alsattari\\Downloads\\bank-graduation-project-main\\bank-graduation-project-main\\vendor\\laravel\\framework\\src\\Illuminate\\Foundation\\Http\\Middleware\\PreventRequestsDuringMaintenance.php(109): Illuminate\\Pipeline\\Pipeline->Illuminate\\Pipeline\\{closure}(Object(Illuminate\\Http\\Request))
#52 C:\\Users\\Doaa alsattari\\Downloads\\bank-graduation-project-main\\bank-graduation-project-main\\vendor\\laravel\\framework\\src\\Illuminate\\Pipeline\\Pipeline.php(219): Illuminate\\Foundation\\Http\\Middleware\\PreventRequestsDuringMaintenance->handle(Object(Illuminate\\Http\\Request), Object(Closure))
#53 C:\\Users\\Doaa alsattari\\Downloads\\bank-graduation-project-main\\bank-graduation-project-main\\vendor\\laravel\\framework\\src\\Illuminate\\Http\\Middleware\\HandleCors.php(48): Illuminate\\Pipeline\\Pipeline->Illuminate\\Pipeline\\{closure}(Object(Illuminate\\Http\\Request))
#54 C:\\Users\\Doaa alsattari\\Downloads\\bank-graduation-project-main\\bank-graduation-project-main\\vendor\\laravel\\framework\\src\\Illuminate\\Pipeline\\Pipeline.php(219): Illuminate\\Http\\Middleware\\HandleCors->handle(Object(Illuminate\\Http\\Request), Object(Closure))
#55 C:\\Users\\Doaa alsattari\\Downloads\\bank-graduation-project-main\\bank-graduation-project-main\\vendor\\laravel\\framework\\src\\Illuminate\\Http\\Middleware\\TrustProxies.php(58): Illuminate\\Pipeline\\Pipeline->Illuminate\\Pipeline\\{closure}(Object(Illuminate\\Http\\Request))
#56 C:\\Users\\Doaa alsattari\\Downloads\\bank-graduation-project-main\\bank-graduation-project-main\\vendor\\laravel\\framework\\src\\Illuminate\\Pipeline\\Pipeline.php(219): Illuminate\\Http\\Middleware\\TrustProxies->handle(Object(Illuminate\\Http\\Request), Object(Closure))
#57 C:\\Users\\Doaa alsattari\\Downloads\\bank-graduation-project-main\\bank-graduation-project-main\\vendor\\laravel\\framework\\src\\Illuminate\\Foundation\\Http\\Middleware\\InvokeDeferredCallbacks.php(22): Illuminate\\Pipeline\\Pipeline->Illuminate\\Pipeline\\{closure}(Object(Illuminate\\Http\\Request))
#58 C:\\Users\\Doaa alsattari\\Downloads\\bank-graduation-project-main\\bank-graduation-project-main\\vendor\\laravel\\framework\\src\\Illuminate\\Pipeline\\Pipeline.php(219): Illuminate\\Foundation\\Http\\Middleware\\InvokeDeferredCallbacks->handle(Object(Illuminate\\Http\\Request), Object(Closure))
#59 C:\\Users\\Doaa alsattari\\Downloads\\bank-graduation-project-main\\bank-graduation-project-main\\vendor\\laravel\\framework\\src\\Illuminate\\Http\\Middleware\\ValidatePathEncoding.php(26): Illuminate\\Pipeline\\Pipeline->Illuminate\\Pipeline\\{closure}(Object(Illuminate\\Http\\Request))
#60 C:\\Users\\Doaa alsattari\\Downloads\\bank-graduation-project-main\\bank-graduation-project-main\\vendor\\laravel\\framework\\src\\Illuminate\\Pipeline\\Pipeline.php(219): Illuminate\\Http\\Middleware\\ValidatePathEncoding->handle(Object(Illuminate\\Http\\Request), Object(Closure))
#61 C:\\Users\\Doaa alsattari\\Downloads\\bank-graduation-project-main\\bank-graduation-project-main\\vendor\\laravel\\framework\\src\\Illuminate\\Pipeline\\Pipeline.php(137): Illuminate\\Pipeline\\Pipeline->Illuminate\\Pipeline\\{closure}(Object(Illuminate\\Http\\Request))
#62 C:\\Users\\Doaa alsattari\\Downloads\\bank-graduation-project-main\\bank-graduation-project-main\\vendor\\laravel\\framework\\src\\Illuminate\\Foundation\\Http\\Kernel.php(175): Illuminate\\Pipeline\\Pipeline->then(Object(Closure))
#63 C:\\Users\\Doaa alsattari\\Downloads\\bank-graduation-project-main\\bank-graduation-project-main\\vendor\\laravel\\framework\\src\\Illuminate\\Foundation\\Http\\Kernel.php(144): Illuminate\\Foundation\\Http\\Kernel->sendRequestThroughRouter(Object(Illuminate\\Http\\Request))
#64 C:\\Users\\Doaa alsattari\\Downloads\\bank-graduation-project-main\\bank-graduation-project-main\\vendor\\laravel\\framework\\src\\Illuminate\\Foundation\\Application.php(1220): Illuminate\\Foundation\\Http\\Kernel->handle(Object(Illuminate\\Http\\Request))
#65 C:\\Users\\Doaa alsattari\\Downloads\\bank-graduation-project-main\\bank-graduation-project-main\\public\\index.php(20): Illuminate\\Foundation\\Application->handleRequest(Object(Illuminate\\Http\\Request))
#66 C:\\Users\\Doaa alsattari\\Downloads\\bank-graduation-project-main\\bank-graduation-project-main\\vendor\\laravel\\framework\\src\\Illuminate\\Foundation\\resources\\server.php(23): require_once('C:\\\\Users\\\\Doaa a...')
#67 {main}

[previous exception] [object] (PDOException(code: 42S22): SQLSTATE[42S22]: Column not found: 1054 Unknown column 'transaction_id' in 'where clause' at C:\\Users\\Doaa alsattari\\Downloads\\bank-graduation-project-main\\bank-graduation-project-main\\vendor\\laravel\\framework\\src\\Illuminate\\Database\\Connection.php:406)
[stacktrace]
#0 C:\\Users\\Doaa alsattari\\Downloads\\bank-graduation-project-main\\bank-graduation-project-main\\vendor\\laravel\\framework\\src\\Illuminate\\Database\\Connection.php(406): PDO->prepare('select count(*)...')
#1 C:\\Users\\Doaa alsattari\\Downloads\\bank-graduation-project-main\\bank-graduation-project-main\\vendor\\laravel\\framework\\src\\Illuminate\\Database\\Connection.php(811): Illuminate\\Database\\Connection->Illuminate\\Database\\{closure}('select count(*)...', Array)
#2 C:\\Users\\Doaa alsattari\\Downloads\\bank-graduation-project-main\\bank-graduation-project-main\\vendor\\laravel\\framework\\src\\Illuminate\\Database\\Connection.php(778): Illuminate\\Database\\Connection->runQueryCallback('select count(*)...', Array, Object(Closure))
#3 C:\\Users\\Doaa alsattari\\Downloads\\bank-graduation-project-main\\bank-graduation-project-main\\vendor\\laravel\\framework\\src\\Illuminate\\Database\\Connection.php(397): Illuminate\\Database\\Connection->run('select count(*)...', Array, Object(Closure))
#4 C:\\Users\\Doaa alsattari\\Downloads\\bank-graduation-project-main\\bank-graduation-project-main\\vendor\\laravel\\framework\\src\\Illuminate\\Database\\Query\\Builder.php(3188): Illuminate\\Database\\Connection->select('select count(*)...', Array, true)
#5 C:\\Users\\Doaa alsattari\\Downloads\\bank-graduation-project-main\\bank-graduation-project-main\\vendor\\laravel\\framework\\src\\Illuminate\\Database\\Query\\Builder.php(3173): Illuminate\\Database\\Query\\Builder->runSelect()
#6 C:\\Users\\Doaa alsattari\\Downloads\\bank-graduation-project-main\\bank-graduation-project-main\\vendor\\laravel\\framework\\src\\Illuminate\\Database\\Query\\Builder.php(3763): Illuminate\\Database\\Query\\Builder->Illuminate\\Database\\Query\\{closure}()
#7 C:\\Users\\Doaa alsattari\\Downloads\\bank-graduation-project-main\\bank-graduation-project-main\\vendor\\laravel\\framework\\src\\Illuminate\\Database\\Query\\Builder.php(3172): Illuminate\\Database\\Query\\Builder->onceWithColumns(Array, Object(Closure))
#8 C:\\Users\\Doaa alsattari\\Downloads\\bank-graduation-project-main\\bank-graduation-project-main\\vendor\\laravel\\framework\\src\\Illuminate\\Database\\Query\\Builder.php(3367): Illuminate\\Database\\Query\\Builder->get()
#9 C:\\Users\\Doaa alsattari\\Downloads\\bank-graduation-project-main\\bank-graduation-project-main\\vendor\\laravel\\framework\\src\\Illuminate\\Database\\Query\\Builder.php(3326): Illuminate\\Database\\Query\\Builder->runPaginationCountQuery(Array)
#10 C:\\Users\\Doaa alsattari\\Downloads\\bank-graduation-project-main\\bank-graduation-project-main\\vendor\\laravel\\framework\\src\\Illuminate\\Database\\Eloquent\\Builder.php(1120): Illuminate\\Database\\Query\\Builder->getCountForPagination()
#11 C:\\Users\\Doaa alsattari\\Downloads\\bank-graduation-project-main\\bank-graduation-project-main\\app\\Http\\Controllers\\Admin\\TransactionManagementController.php(64): Illuminate\\Database\\Eloquent\\Builder->paginate(20)
#12 C:\\Users\\Doaa alsattari\\Downloads\\bank-graduation-project-main\\bank-graduation-project-main\\vendor\\laravel\\framework\\src\\Illuminate\\Routing\\ControllerDispatcher.php(46): App\\Http\\Controllers\\Admin\\TransactionManagementController->index(Object(Illuminate\\Http\\Request))
#13 C:\\Users\\Doaa alsattari\\Downloads\\bank-graduation-project-main\\bank-graduation-project-main\\vendor\\laravel\\framework\\src\\Illuminate\\Routing\\Route.php(265): Illuminate\\Routing\\ControllerDispatcher->dispatch(Object(Illuminate\\Routing\\Route), Object(App\\Http\\Controllers\\Admin\\TransactionManagementController), 'index')
#14 C:\\Users\\Doaa alsattari\\Downloads\\bank-graduation-project-main\\bank-graduation-project-main\\vendor\\laravel\\framework\\src\\Illuminate\\Routing\\Route.php(211): Illuminate\\Routing\\Route->runController()
#15 C:\\Users\\Doaa alsattari\\Downloads\\bank-graduation-project-main\\bank-graduation-project-main\\vendor\\laravel\\framework\\src\\Illuminate\\Routing\\Router.php(822): Illuminate\\Routing\\Route->run()
#16 C:\\Users\\Doaa alsattari\\Downloads\\bank-graduation-project-main\\bank-graduation-project-main\\vendor\\laravel\\framework\\src\\Illuminate\\Pipeline\\Pipeline.php(180): Illuminate\\Routing\\Router->Illuminate\\Routing\\{closure}(Object(Illuminate\\Http\\Request))
#17 C:\\Users\\Doaa alsattari\\Downloads\\bank-graduation-project-main\\bank-graduation-project-main\\app\\Http\\Middleware\\CheckPermission.php(27): Illuminate\\Pipeline\\Pipeline->Illuminate\\Pipeline\\{closure}(Object(Illuminate\\Http\\Request))
#18 C:\\Users\\Doaa alsattari\\Downloads\\bank-graduation-project-main\\bank-graduation-project-main\\vendor\\laravel\\framework\\src\\Illuminate\\Pipeline\\Pipeline.php(219): App\\Http\\Middleware\\CheckPermission->handle(Object(Illuminate\\Http\\Request), Object(Closure), 'view_transactio...')
#19 C:\\Users\\Doaa alsattari\\Downloads\\bank-graduation-project-main\\bank-graduation-project-main\\app\\Http\\Middleware\\CheckRole.php(27): Illuminate\\Pipeline\\Pipeline->Illuminate\\Pipeline\\{closure}(Object(Illuminate\\Http\\Request))
#20 C:\\Users\\Doaa alsattari\\Downloads\\bank-graduation-project-main\\bank-graduation-project-main\\vendor\\laravel\\framework\\src\\Illuminate\\Pipeline\\Pipeline.php(219): App\\Http\\Middleware\\CheckRole->handle(Object(Illuminate\\Http\\Request), Object(Closure), 'super_admin', 'admin')
#21 C:\\Users\\Doaa alsattari\\Downloads\\bank-graduation-project-main\\bank-graduation-project-main\\app\\Http\\Middleware\\SetLocale.php(28): Illuminate\\Pipeline\\Pipeline->Illuminate\\Pipeline\\{closure}(Object(Illuminate\\Http\\Request))
#22 C:\\Users\\Doaa alsattari\\Downloads\\bank-graduation-project-main\\bank-graduation-project-main\\vendor\\laravel\\framework\\src\\Illuminate\\Pipeline\\Pipeline.php(219): App\\Http\\Middleware\\SetLocale->handle(Object(Illuminate\\Http\\Request), Object(Closure))
#23 C:\\Users\\Doaa alsattari\\Downloads\\bank-graduation-project-main\\bank-graduation-project-main\\vendor\\laravel\\framework\\src\\Illuminate\\Routing\\Middleware\\SubstituteBindings.php(50): Illuminate\\Pipeline\\Pipeline->Illuminate\\Pipeline\\{closure}(Object(Illuminate\\Http\\Request))
#24 C:\\Users\\Doaa alsattari\\Downloads\\bank-graduation-project-main\\bank-graduation-project-main\\vendor\\laravel\\framework\\src\\Illuminate\\Pipeline\\Pipeline.php(219): Illuminate\\Routing\\Middleware\\SubstituteBindings->handle(Object(Illuminate\\Http\\Request), Object(Closure))
#25 C:\\Users\\Doaa alsattari\\Downloads\\bank-graduation-project-main\\bank-graduation-project-main\\vendor\\laravel\\framework\\src\\Illuminate\\Auth\\Middleware\\Authenticate.php(63): Illuminate\\Pipeline\\Pipeline->Illuminate\\Pipeline\\{closure}(Object(Illuminate\\Http\\Request))
#26 C:\\Users\\Doaa alsattari\\Downloads\\bank-graduation-project-main\\bank-graduation-project-main\\vendor\\laravel\\framework\\src\\Illuminate\\Pipeline\\Pipeline.php(219): Illuminate\\Auth\\Middleware\\Authenticate->handle(Object(Illuminate\\Http\\Request), Object(Closure))
#27 C:\\Users\\Doaa alsattari\\Downloads\\bank-graduation-project-main\\bank-graduation-project-main\\vendor\\laravel\\framework\\src\\Illuminate\\Foundation\\Http\\Middleware\\VerifyCsrfToken.php(87): Illuminate\\Pipeline\\Pipeline->Illuminate\\Pipeline\\{closure}(Object(Illuminate\\Http\\Request))
#28 C:\\Users\\Doaa alsattari\\Downloads\\bank-graduation-project-main\\bank-graduation-project-main\\vendor\\laravel\\framework\\src\\Illuminate\\Pipeline\\Pipeline.php(219): Illuminate\\Foundation\\Http\\Middleware\\VerifyCsrfToken->handle(Object(Illuminate\\Http\\Request), Object(Closure))
#29 C:\\Users\\Doaa alsattari\\Downloads\\bank-graduation-project-main\\bank-graduation-project-main\\vendor\\laravel\\framework\\src\\Illuminate\\View\\Middleware\\ShareErrorsFromSession.php(48): Illuminate\\Pipeline\\Pipeline->Illuminate\\Pipeline\\{closure}(Object(Illuminate\\Http\\Request))
#30 C:\\Users\\Doaa alsattari\\Downloads\\bank-graduation-project-main\\bank-graduation-project-main\\vendor\\laravel\\framework\\src\\Illuminate\\Pipeline\\Pipeline.php(219): Illuminate\\View\\Middleware\\ShareErrorsFromSession->handle(Object(Illuminate\\Http\\Request), Object(Closure))
#31 C:\\Users\\Doaa alsattari\\Downloads\\bank-graduation-project-main\\bank-graduation-project-main\\vendor\\laravel\\framework\\src\\Illuminate\\Session\\Middleware\\StartSession.php(120): Illuminate\\Pipeline\\Pipeline->Illuminate\\Pipeline\\{closure}(Object(Illuminate\\Http\\Request))
#32 C:\\Users\\Doaa alsattari\\Downloads\\bank-graduation-project-main\\bank-graduation-project-main\\vendor\\laravel\\framework\\src\\Illuminate\\Session\\Middleware\\StartSession.php(63): Illuminate\\Session\\Middleware\\StartSession->handleStatefulRequest(Object(Illuminate\\Http\\Request), Object(Illuminate\\Session\\Store), Object(Closure))
#33 C:\\Users\\Doaa alsattari\\Downloads\\bank-graduation-project-main\\bank-graduation-project-main\\vendor\\laravel\\framework\\src\\Illuminate\\Pipeline\\Pipeline.php(219): Illuminate\\Session\\Middleware\\StartSession->handle(Object(Illuminate\\Http\\Request), Object(Closure))
#34 C:\\Users\\Doaa alsattari\\Downloads\\bank-graduation-project-main\\bank-graduation-project-main\\vendor\\laravel\\framework\\src\\Illuminate\\Cookie\\Middleware\\AddQueuedCookiesToResponse.php(36): Illuminate\\Pipeline\\Pipeline->Illuminate\\Pipeline\\{closure}(Object(Illuminate\\Http\\Request))
#35 C:\\Users\\Doaa alsattari\\Downloads\\bank-graduation-project-main\\bank-graduation-project-main\\vendor\\laravel\\framework\\src\\Illuminate\\Pipeline\\Pipeline.php(219): Illuminate\\Cookie\\Middleware\\AddQueuedCookiesToResponse->handle(Object(Illuminate\\Http\\Request), Object(Closure))
#36 C:\\Users\\Doaa alsattari\\Downloads\\bank-graduation-project-main\\bank-graduation-project-main\\vendor\\laravel\\framework\\src\\Illuminate\\Cookie\\Middleware\\EncryptCookies.php(74): Illuminate\\Pipeline\\Pipeline->Illuminate\\Pipeline\\{closure}(Object(Illuminate\\Http\\Request))
#37 C:\\Users\\Doaa alsattari\\Downloads\\bank-graduation-project-main\\bank-graduation-project-main\\vendor\\laravel\\framework\\src\\Illuminate\\Pipeline\\Pipeline.php(219): Illuminate\\Cookie\\Middleware\\EncryptCookies->handle(Object(Illuminate\\Http\\Request), Object(Closure))
#38 C:\\Users\\Doaa alsattari\\Downloads\\bank-graduation-project-main\\bank-graduation-project-main\\vendor\\laravel\\framework\\src\\Illuminate\\Pipeline\\Pipeline.php(137): Illuminate\\Pipeline\\Pipeline->Illuminate\\Pipeline\\{closure}(Object(Illuminate\\Http\\Request))
#39 C:\\Users\\Doaa alsattari\\Downloads\\bank-graduation-project-main\\bank-graduation-project-main\\vendor\\laravel\\framework\\src\\Illuminate\\Routing\\Router.php(821): Illuminate\\Pipeline\\Pipeline->then(Object(Closure))
#40 C:\\Users\\Doaa alsattari\\Downloads\\bank-graduation-project-main\\bank-graduation-project-main\\vendor\\laravel\\framework\\src\\Illuminate\\Routing\\Router.php(800): Illuminate\\Routing\\Router->runRouteWithinStack(Object(Illuminate\\Routing\\Route), Object(Illuminate\\Http\\Request))
#41 C:\\Users\\Doaa alsattari\\Downloads\\bank-graduation-project-main\\bank-graduation-project-main\\vendor\\laravel\\framework\\src\\Illuminate\\Routing\\Router.php(764): Illuminate\\Routing\\Router->runRoute(Object(Illuminate\\Http\\Request), Object(Illuminate\\Routing\\Route))
#42 C:\\Users\\Doaa alsattari\\Downloads\\bank-graduation-project-main\\bank-graduation-project-main\\vendor\\laravel\\framework\\src\\Illuminate\\Routing\\Router.php(753): Illuminate\\Routing\\Router->dispatchToRoute(Object(Illuminate\\Http\\Request))
#43 C:\\Users\\Doaa alsattari\\Downloads\\bank-graduation-project-main\\bank-graduation-project-main\\vendor\\laravel\\framework\\src\\Illuminate\\Foundation\\Http\\Kernel.php(200): Illuminate\\Routing\\Router->dispatch(Object(Illuminate\\Http\\Request))
#44 C:\\Users\\Doaa alsattari\\Downloads\\bank-graduation-project-main\\bank-graduation-project-main\\vendor\\laravel\\framework\\src\\Illuminate\\Pipeline\\Pipeline.php(180): Illuminate\\Foundation\\Http\\Kernel->Illuminate\\Foundation\\Http\\{closure}(Object(Illuminate\\Http\\Request))
#45 C:\\Users\\Doaa alsattari\\Downloads\\bank-graduation-project-main\\bank-graduation-project-main\\vendor\\laravel\\framework\\src\\Illuminate\\Foundation\\Http\\Middleware\\TransformsRequest.php(21): Illuminate\\Pipeline\\Pipeline->Illuminate\\Pipeline\\{closure}(Object(Illuminate\\Http\\Request))
#46 C:\\Users\\Doaa alsattari\\Downloads\\bank-graduation-project-main\\bank-graduation-project-main\\vendor\\laravel\\framework\\src\\Illuminate\\Foundation\\Http\\Middleware\\ConvertEmptyStringsToNull.php(31): Illuminate\\Foundation\\Http\\Middleware\\TransformsRequest->handle(Object(Illuminate\\Http\\Request), Object(Closure))
#47 C:\\Users\\Doaa alsattari\\Downloads\\bank-graduation-project-main\\bank-graduation-project-main\\vendor\\laravel\\framework\\src\\Illuminate\\Pipeline\\Pipeline.php(219): Illuminate\\Foundation\\Http\\Middleware\\ConvertEmptyStringsToNull->handle(Object(Illuminate\\Http\\Request), Object(Closure))
#48 C:\\Users\\Doaa alsattari\\Downloads\\bank-graduation-project-main\\bank-graduation-project-main\\vendor\\laravel\\framework\\src\\Illuminate\\Foundation\\Http\\Middleware\\TransformsRequest.php(21): Illuminate\\Pipeline\\Pipeline->Illuminate\\Pipeline\\{closure}(Object(Illuminate\\Http\\Request))
#49 C:\\Users\\Doaa alsattari\\Downloads\\bank-graduation-project-main\\bank-graduation-project-main\\vendor\\laravel\\framework\\src\\Illuminate\\Foundation\\Http\\Middleware\\TrimStrings.php(51): Illuminate\\Foundation\\Http\\Middleware\\TransformsRequest->handle(Object(Illuminate\\Http\\Request), Object(Closure))
#50 C:\\Users\\Doaa alsattari\\Downloads\\bank-graduation-project-main\\bank-graduation-project-main\\vendor\\laravel\\framework\\src\\Illuminate\\Pipeline\\Pipeline.php(219): Illuminate\\Foundation\\Http\\Middleware\\TrimStrings->handle(Object(Illuminate\\Http\\Request), Object(Closure))
#51 C:\\Users\\Doaa alsattari\\Downloads\\bank-graduation-project-main\\bank-graduation-project-main\\vendor\\laravel\\framework\\src\\Illuminate\\Http\\Middleware\\ValidatePostSize.php(27): Illuminate\\Pipeline\\Pipeline->Illuminate\\Pipeline\\{closure}(Object(Illuminate\\Http\\Request))
#52 C:\\Users\\Doaa alsattari\\Downloads\\bank-graduation-project-main\\bank-graduation-project-main\\vendor\\laravel\\framework\\src\\Illuminate\\Pipeline\\Pipeline.php(219): Illuminate\\Http\\Middleware\\ValidatePostSize->handle(Object(Illuminate\\Http\\Request), Object(Closure))
#53 C:\\Users\\Doaa alsattari\\Downloads\\bank-graduation-project-main\\bank-graduation-project-main\\vendor\\laravel\\framework\\src\\Illuminate\\Foundation\\Http\\Middleware\\PreventRequestsDuringMaintenance.php(109): Illuminate\\Pipeline\\Pipeline->Illuminate\\Pipeline\\{closure}(Object(Illuminate\\Http\\Request))
#54 C:\\Users\\Doaa alsattari\\Downloads\\bank-graduation-project-main\\bank-graduation-project-main\\vendor\\laravel\\framework\\src\\Illuminate\\Pipeline\\Pipeline.php(219): Illuminate\\Foundation\\Http\\Middleware\\PreventRequestsDuringMaintenance->handle(Object(Illuminate\\Http\\Request), Object(Closure))
#55 C:\\Users\\Doaa alsattari\\Downloads\\bank-graduation-project-main\\bank-graduation-project-main\\vendor\\laravel\\framework\\src\\Illuminate\\Http\\Middleware\\HandleCors.php(48): Illuminate\\Pipeline\\Pipeline->Illuminate\\Pipeline\\{closure}(Object(Illuminate\\Http\\Request))
#56 C:\\Users\\Doaa alsattari\\Downloads\\bank-graduation-project-main\\bank-graduation-project-main\\vendor\\laravel\\framework\\src\\Illuminate\\Pipeline\\Pipeline.php(219): Illuminate\\Http\\Middleware\\HandleCors->handle(Object(Illuminate\\Http\\Request), Object(Closure))
#57 C:\\Users\\Doaa alsattari\\Downloads\\bank-graduation-project-main\\bank-graduation-project-main\\vendor\\laravel\\framework\\src\\Illuminate\\Http\\Middleware\\TrustProxies.php(58): Illuminate\\Pipeline\\Pipeline->Illuminate\\Pipeline\\{closure}(Object(Illuminate\\Http\\Request))
#58 C:\\Users\\Doaa alsattari\\Downloads\\bank-graduation-project-main\\bank-graduation-project-main\\vendor\\laravel\\framework\\src\\Illuminate\\Pipeline\\Pipeline.php(219): Illuminate\\Http\\Middleware\\TrustProxies->handle(Object(Illuminate\\Http\\Request), Object(Closure))
#59 C:\\Users\\Doaa alsattari\\Downloads\\bank-graduation-project-main\\bank-graduation-project-main\\vendor\\laravel\\framework\\src\\Illuminate\\Foundation\\Http\\Middleware\\InvokeDeferredCallbacks.php(22): Illuminate\\Pipeline\\Pipeline->Illuminate\\Pipeline\\{closure}(Object(Illuminate\\Http\\Request))
#60 C:\\Users\\Doaa alsattari\\Downloads\\bank-graduation-project-main\\bank-graduation-project-main\\vendor\\laravel\\framework\\src\\Illuminate\\Pipeline\\Pipeline.php(219): Illuminate\\Foundation\\Http\\Middleware\\InvokeDeferredCallbacks->handle(Object(Illuminate\\Http\\Request), Object(Closure))
#61 C:\\Users\\Doaa alsattari\\Downloads\\bank-graduation-project-main\\bank-graduation-project-main\\vendor\\laravel\\framework\\src\\Illuminate\\Http\\Middleware\\ValidatePathEncoding.php(26): Illuminate\\Pipeline\\Pipeline->Illuminate\\Pipeline\\{closure}(Object(Illuminate\\Http\\Request))
#62 C:\\Users\\Doaa alsattari\\Downloads\\bank-graduation-project-main\\bank-graduation-project-main\\vendor\\laravel\\framework\\src\\Illuminate\\Pipeline\\Pipeline.php(219): Illuminate\\Http\\Middleware\\ValidatePathEncoding->handle(Object(Illuminate\\Http\\Request), Object(Closure))
#63 C:\\Users\\Doaa alsattari\\Downloads\\bank-graduation-project-main\\bank-graduation-project-main\\vendor\\laravel\\framework\\src\\Illuminate\\Pipeline\\Pipeline.php(137): Illuminate\\Pipeline\\Pipeline->Illuminate\\Pipeline\\{closure}(Object(Illuminate\\Http\\Request))
#64 C:\\Users\\Doaa alsattari\\Downloads\\bank-graduation-project-main\\bank-graduation-project-main\\vendor\\laravel\\framework\\src\\Illuminate\\Foundation\\Http\\Kernel.php(175): Illuminate\\Pipeline\\Pipeline->then(Object(Closure))
#65 C:\\Users\\Doaa alsattari\\Downloads\\bank-graduation-project-main\\bank-graduation-project-main\\vendor\\laravel\\framework\\src\\Illuminate\\Foundation\\Http\\Kernel.php(144): Illuminate\\Foundation\\Http\\Kernel->sendRequestThroughRouter(Object(Illuminate\\Http\\Request))
#66 C:\\Users\\Doaa alsattari\\Downloads\\bank-graduation-project-main\\bank-graduation-project-main\\vendor\\laravel\\framework\\src\\Illuminate\\Foundation\\Application.php(1220): Illuminate\\Foundation\\Http\\Kernel->handle(Object(Illuminate\\Http\\Request))
#67 C:\\Users\\Doaa alsattari\\Downloads\\bank-graduation-project-main\\bank-graduation-project-main\\public\\index.php(20): Illuminate\\Foundation\\Application->handleRequest(Object(Illuminate\\Http\\Request))
#68 C:\\Users\\Doaa alsattari\\Downloads\\bank-graduation-project-main\\bank-graduation-project-main\\vendor\\laravel\\framework\\src\\Illuminate\\Foundation\\resources\\server.php(23): require_once('C:\\\\Users\\\\Doaa a...')
#69 {main}
"} 
[2025-10-20 12:53:45] local.ERROR: SQLSTATE[42S22]: Column not found: 1054 Unknown column 'transaction_id' in 'where clause' (Connection: mysql, SQL: select count(*) as aggregate from `transactions` where (`transaction_id` like %% or `description` like %% or exists (select * from `users` where `transactions`.`sender_id` = `users`.`id` and (`name` like %% or `email` like %%)))) {"userId":5,"exception":"[object] (Illuminate\\Database\\QueryException(code: 42S22): SQLSTATE[42S22]: Column not found: 1054 Unknown column 'transaction_id' in 'where clause' (Connection: mysql, SQL: select count(*) as aggregate from `transactions` where (`transaction_id` like %% or `description` like %% or exists (select * from `users` where `transactions`.`sender_id` = `users`.`id` and (`name` like %% or `email` like %%)))) at C:\\Users\\Doaa alsattari\\Downloads\\bank-graduation-project-main\\bank-graduation-project-main\\vendor\\laravel\\framework\\src\\Illuminate\\Database\\Connection.php:824)
[stacktrace]
#0 C:\\Users\\Doaa alsattari\\Downloads\\bank-graduation-project-main\\bank-graduation-project-main\\vendor\\laravel\\framework\\src\\Illuminate\\Database\\Connection.php(778): Illuminate\\Database\\Connection->runQueryCallback('select count(*)...', Array, Object(Closure))
#1 C:\\Users\\Doaa alsattari\\Downloads\\bank-graduation-project-main\\bank-graduation-project-main\\vendor\\laravel\\framework\\src\\Illuminate\\Database\\Connection.php(397): Illuminate\\Database\\Connection->run('select count(*)...', Array, Object(Closure))
#2 C:\\Users\\Doaa alsattari\\Downloads\\bank-graduation-project-main\\bank-graduation-project-main\\vendor\\laravel\\framework\\src\\Illuminate\\Database\\Query\\Builder.php(3188): Illuminate\\Database\\Connection->select('select count(*)...', Array, true)
#3 C:\\Users\\Doaa alsattari\\Downloads\\bank-graduation-project-main\\bank-graduation-project-main\\vendor\\laravel\\framework\\src\\Illuminate\\Database\\Query\\Builder.php(3173): Illuminate\\Database\\Query\\Builder->runSelect()
#4 C:\\Users\\Doaa alsattari\\Downloads\\bank-graduation-project-main\\bank-graduation-project-main\\vendor\\laravel\\framework\\src\\Illuminate\\Database\\Query\\Builder.php(3763): Illuminate\\Database\\Query\\Builder->Illuminate\\Database\\Query\\{closure}()
#5 C:\\Users\\Doaa alsattari\\Downloads\\bank-graduation-project-main\\bank-graduation-project-main\\vendor\\laravel\\framework\\src\\Illuminate\\Database\\Query\\Builder.php(3172): Illuminate\\Database\\Query\\Builder->onceWithColumns(Array, Object(Closure))
#6 C:\\Users\\Doaa alsattari\\Downloads\\bank-graduation-project-main\\bank-graduation-project-main\\vendor\\laravel\\framework\\src\\Illuminate\\Database\\Query\\Builder.php(3367): Illuminate\\Database\\Query\\Builder->get()
#7 C:\\Users\\Doaa alsattari\\Downloads\\bank-graduation-project-main\\bank-graduation-project-main\\vendor\\laravel\\framework\\src\\Illuminate\\Database\\Query\\Builder.php(3326): Illuminate\\Database\\Query\\Builder->runPaginationCountQuery(Array)
#8 C:\\Users\\Doaa alsattari\\Downloads\\bank-graduation-project-main\\bank-graduation-project-main\\vendor\\laravel\\framework\\src\\Illuminate\\Database\\Eloquent\\Builder.php(1120): Illuminate\\Database\\Query\\Builder->getCountForPagination()
#9 C:\\Users\\Doaa alsattari\\Downloads\\bank-graduation-project-main\\bank-graduation-project-main\\app\\Http\\Controllers\\Admin\\TransactionManagementController.php(64): Illuminate\\Database\\Eloquent\\Builder->paginate(20)
#10 C:\\Users\\Doaa alsattari\\Downloads\\bank-graduation-project-main\\bank-graduation-project-main\\vendor\\laravel\\framework\\src\\Illuminate\\Routing\\ControllerDispatcher.php(46): App\\Http\\Controllers\\Admin\\TransactionManagementController->index(Object(Illuminate\\Http\\Request))
#11 C:\\Users\\Doaa alsattari\\Downloads\\bank-graduation-project-main\\bank-graduation-project-main\\vendor\\laravel\\framework\\src\\Illuminate\\Routing\\Route.php(265): Illuminate\\Routing\\ControllerDispatcher->dispatch(Object(Illuminate\\Routing\\Route), Object(App\\Http\\Controllers\\Admin\\TransactionManagementController), 'index')
#12 C:\\Users\\Doaa alsattari\\Downloads\\bank-graduation-project-main\\bank-graduation-project-main\\vendor\\laravel\\framework\\src\\Illuminate\\Routing\\Route.php(211): Illuminate\\Routing\\Route->runController()
#13 C:\\Users\\Doaa alsattari\\Downloads\\bank-graduation-project-main\\bank-graduation-project-main\\vendor\\laravel\\framework\\src\\Illuminate\\Routing\\Router.php(822): Illuminate\\Routing\\Route->run()
#14 C:\\Users\\Doaa alsattari\\Downloads\\bank-graduation-project-main\\bank-graduation-project-main\\vendor\\laravel\\framework\\src\\Illuminate\\Pipeline\\Pipeline.php(180): Illuminate\\Routing\\Router->Illuminate\\Routing\\{closure}(Object(Illuminate\\Http\\Request))
#15 C:\\Users\\Doaa alsattari\\Downloads\\bank-graduation-project-main\\bank-graduation-project-main\\app\\Http\\Middleware\\CheckPermission.php(27): Illuminate\\Pipeline\\Pipeline->Illuminate\\Pipeline\\{closure}(Object(Illuminate\\Http\\Request))
#16 C:\\Users\\Doaa alsattari\\Downloads\\bank-graduation-project-main\\bank-graduation-project-main\\vendor\\laravel\\framework\\src\\Illuminate\\Pipeline\\Pipeline.php(219): App\\Http\\Middleware\\CheckPermission->handle(Object(Illuminate\\Http\\Request), Object(Closure), 'view_transactio...')
#17 C:\\Users\\Doaa alsattari\\Downloads\\bank-graduation-project-main\\bank-graduation-project-main\\app\\Http\\Middleware\\CheckRole.php(27): Illuminate\\Pipeline\\Pipeline->Illuminate\\Pipeline\\{closure}(Object(Illuminate\\Http\\Request))
#18 C:\\Users\\Doaa alsattari\\Downloads\\bank-graduation-project-main\\bank-graduation-project-main\\vendor\\laravel\\framework\\src\\Illuminate\\Pipeline\\Pipeline.php(219): App\\Http\\Middleware\\CheckRole->handle(Object(Illuminate\\Http\\Request), Object(Closure), 'super_admin', 'admin')
#19 C:\\Users\\Doaa alsattari\\Downloads\\bank-graduation-project-main\\bank-graduation-project-main\\app\\Http\\Middleware\\SetLocale.php(28): Illuminate\\Pipeline\\Pipeline->Illuminate\\Pipeline\\{closure}(Object(Illuminate\\Http\\Request))
#20 C:\\Users\\Doaa alsattari\\Downloads\\bank-graduation-project-main\\bank-graduation-project-main\\vendor\\laravel\\framework\\src\\Illuminate\\Pipeline\\Pipeline.php(219): App\\Http\\Middleware\\SetLocale->handle(Object(Illuminate\\Http\\Request), Object(Closure))
#21 C:\\Users\\Doaa alsattari\\Downloads\\bank-graduation-project-main\\bank-graduation-project-main\\vendor\\laravel\\framework\\src\\Illuminate\\Routing\\Middleware\\SubstituteBindings.php(50): Illuminate\\Pipeline\\Pipeline->Illuminate\\Pipeline\\{closure}(Object(Illuminate\\Http\\Request))
#22 C:\\Users\\Doaa alsattari\\Downloads\\bank-graduation-project-main\\bank-graduation-project-main\\vendor\\laravel\\framework\\src\\Illuminate\\Pipeline\\Pipeline.php(219): Illuminate\\Routing\\Middleware\\SubstituteBindings->handle(Object(Illuminate\\Http\\Request), Object(Closure))
#23 C:\\Users\\Doaa alsattari\\Downloads\\bank-graduation-project-main\\bank-graduation-project-main\\vendor\\laravel\\framework\\src\\Illuminate\\Auth\\Middleware\\Authenticate.php(63): Illuminate\\Pipeline\\Pipeline->Illuminate\\Pipeline\\{closure}(Object(Illuminate\\Http\\Request))
#24 C:\\Users\\Doaa alsattari\\Downloads\\bank-graduation-project-main\\bank-graduation-project-main\\vendor\\laravel\\framework\\src\\Illuminate\\Pipeline\\Pipeline.php(219): Illuminate\\Auth\\Middleware\\Authenticate->handle(Object(Illuminate\\Http\\Request), Object(Closure))
#25 C:\\Users\\Doaa alsattari\\Downloads\\bank-graduation-project-main\\bank-graduation-project-main\\vendor\\laravel\\framework\\src\\Illuminate\\Foundation\\Http\\Middleware\\VerifyCsrfToken.php(87): Illuminate\\Pipeline\\Pipeline->Illuminate\\Pipeline\\{closure}(Object(Illuminate\\Http\\Request))
#26 C:\\Users\\Doaa alsattari\\Downloads\\bank-graduation-project-main\\bank-graduation-project-main\\vendor\\laravel\\framework\\src\\Illuminate\\Pipeline\\Pipeline.php(219): Illuminate\\Foundation\\Http\\Middleware\\VerifyCsrfToken->handle(Object(Illuminate\\Http\\Request), Object(Closure))
#27 C:\\Users\\Doaa alsattari\\Downloads\\bank-graduation-project-main\\bank-graduation-project-main\\vendor\\laravel\\framework\\src\\Illuminate\\View\\Middleware\\ShareErrorsFromSession.php(48): Illuminate\\Pipeline\\Pipeline->Illuminate\\Pipeline\\{closure}(Object(Illuminate\\Http\\Request))
#28 C:\\Users\\Doaa alsattari\\Downloads\\bank-graduation-project-main\\bank-graduation-project-main\\vendor\\laravel\\framework\\src\\Illuminate\\Pipeline\\Pipeline.php(219): Illuminate\\View\\Middleware\\ShareErrorsFromSession->handle(Object(Illuminate\\Http\\Request), Object(Closure))
#29 C:\\Users\\Doaa alsattari\\Downloads\\bank-graduation-project-main\\bank-graduation-project-main\\vendor\\laravel\\framework\\src\\Illuminate\\Session\\Middleware\\StartSession.php(120): Illuminate\\Pipeline\\Pipeline->Illuminate\\Pipeline\\{closure}(Object(Illuminate\\Http\\Request))
#30 C:\\Users\\Doaa alsattari\\Downloads\\bank-graduation-project-main\\bank-graduation-project-main\\vendor\\laravel\\framework\\src\\Illuminate\\Session\\Middleware\\StartSession.php(63): Illuminate\\Session\\Middleware\\StartSession->handleStatefulRequest(Object(Illuminate\\Http\\Request), Object(Illuminate\\Session\\Store), Object(Closure))
#31 C:\\Users\\Doaa alsattari\\Downloads\\bank-graduation-project-main\\bank-graduation-project-main\\vendor\\laravel\\framework\\src\\Illuminate\\Pipeline\\Pipeline.php(219): Illuminate\\Session\\Middleware\\StartSession->handle(Object(Illuminate\\Http\\Request), Object(Closure))
#32 C:\\Users\\Doaa alsattari\\Downloads\\bank-graduation-project-main\\bank-graduation-project-main\\vendor\\laravel\\framework\\src\\Illuminate\\Cookie\\Middleware\\AddQueuedCookiesToResponse.php(36): Illuminate\\Pipeline\\Pipeline->Illuminate\\Pipeline\\{closure}(Object(Illuminate\\Http\\Request))
#33 C:\\Users\\Doaa alsattari\\Downloads\\bank-graduation-project-main\\bank-graduation-project-main\\vendor\\laravel\\framework\\src\\Illuminate\\Pipeline\\Pipeline.php(219): Illuminate\\Cookie\\Middleware\\AddQueuedCookiesToResponse->handle(Object(Illuminate\\Http\\Request), Object(Closure))
#34 C:\\Users\\Doaa alsattari\\Downloads\\bank-graduation-project-main\\bank-graduation-project-main\\vendor\\laravel\\framework\\src\\Illuminate\\Cookie\\Middleware\\EncryptCookies.php(74): Illuminate\\Pipeline\\Pipeline->Illuminate\\Pipeline\\{closure}(Object(Illuminate\\Http\\Request))
#35 C:\\Users\\Doaa alsattari\\Downloads\\bank-graduation-project-main\\bank-graduation-project-main\\vendor\\laravel\\framework\\src\\Illuminate\\Pipeline\\Pipeline.php(219): Illuminate\\Cookie\\Middleware\\EncryptCookies->handle(Object(Illuminate\\Http\\Request), Object(Closure))
#36 C:\\Users\\Doaa alsattari\\Downloads\\bank-graduation-project-main\\bank-graduation-project-main\\vendor\\laravel\\framework\\src\\Illuminate\\Pipeline\\Pipeline.php(137): Illuminate\\Pipeline\\Pipeline->Illuminate\\Pipeline\\{closure}(Object(Illuminate\\Http\\Request))
#37 C:\\Users\\Doaa alsattari\\Downloads\\bank-graduation-project-main\\bank-graduation-project-main\\vendor\\laravel\\framework\\src\\Illuminate\\Routing\\Router.php(821): Illuminate\\Pipeline\\Pipeline->then(Object(Closure))
#38 C:\\Users\\Doaa alsattari\\Downloads\\bank-graduation-project-main\\bank-graduation-project-main\\vendor\\laravel\\framework\\src\\Illuminate\\Routing\\Router.php(800): Illuminate\\Routing\\Router->runRouteWithinStack(Object(Illuminate\\Routing\\Route), Object(Illuminate\\Http\\Request))
#39 C:\\Users\\Doaa alsattari\\Downloads\\bank-graduation-project-main\\bank-graduation-project-main\\vendor\\laravel\\framework\\src\\Illuminate\\Routing\\Router.php(764): Illuminate\\Routing\\Router->runRoute(Object(Illuminate\\Http\\Request), Object(Illuminate\\Routing\\Route))
#40 C:\\Users\\Doaa alsattari\\Downloads\\bank-graduation-project-main\\bank-graduation-project-main\\vendor\\laravel\\framework\\src\\Illuminate\\Routing\\Router.php(753): Illuminate\\Routing\\Router->dispatchToRoute(Object(Illuminate\\Http\\Request))
#41 C:\\Users\\Doaa alsattari\\Downloads\\bank-graduation-project-main\\bank-graduation-project-main\\vendor\\laravel\\framework\\src\\Illuminate\\Foundation\\Http\\Kernel.php(200): Illuminate\\Routing\\Router->dispatch(Object(Illuminate\\Http\\Request))
#42 C:\\Users\\Doaa alsattari\\Downloads\\bank-graduation-project-main\\bank-graduation-project-main\\vendor\\laravel\\framework\\src\\Illuminate\\Pipeline\\Pipeline.php(180): Illuminate\\Foundation\\Http\\Kernel->Illuminate\\Foundation\\Http\\{closure}(Object(Illuminate\\Http\\Request))
#43 C:\\Users\\Doaa alsattari\\Downloads\\bank-graduation-project-main\\bank-graduation-project-main\\vendor\\laravel\\framework\\src\\Illuminate\\Foundation\\Http\\Middleware\\TransformsRequest.php(21): Illuminate\\Pipeline\\Pipeline->Illuminate\\Pipeline\\{closure}(Object(Illuminate\\Http\\Request))
#44 C:\\Users\\Doaa alsattari\\Downloads\\bank-graduation-project-main\\bank-graduation-project-main\\vendor\\laravel\\framework\\src\\Illuminate\\Foundation\\Http\\Middleware\\ConvertEmptyStringsToNull.php(31): Illuminate\\Foundation\\Http\\Middleware\\TransformsRequest->handle(Object(Illuminate\\Http\\Request), Object(Closure))
#45 C:\\Users\\Doaa alsattari\\Downloads\\bank-graduation-project-main\\bank-graduation-project-main\\vendor\\laravel\\framework\\src\\Illuminate\\Pipeline\\Pipeline.php(219): Illuminate\\Foundation\\Http\\Middleware\\ConvertEmptyStringsToNull->handle(Object(Illuminate\\Http\\Request), Object(Closure))
#46 C:\\Users\\Doaa alsattari\\Downloads\\bank-graduation-project-main\\bank-graduation-project-main\\vendor\\laravel\\framework\\src\\Illuminate\\Foundation\\Http\\Middleware\\TransformsRequest.php(21): Illuminate\\Pipeline\\Pipeline->Illuminate\\Pipeline\\{closure}(Object(Illuminate\\Http\\Request))
#47 C:\\Users\\Doaa alsattari\\Downloads\\bank-graduation-project-main\\bank-graduation-project-main\\vendor\\laravel\\framework\\src\\Illuminate\\Foundation\\Http\\Middleware\\TrimStrings.php(51): Illuminate\\Foundation\\Http\\Middleware\\TransformsRequest->handle(Object(Illuminate\\Http\\Request), Object(Closure))
#48 C:\\Users\\Doaa alsattari\\Downloads\\bank-graduation-project-main\\bank-graduation-project-main\\vendor\\laravel\\framework\\src\\Illuminate\\Pipeline\\Pipeline.php(219): Illuminate\\Foundation\\Http\\Middleware\\TrimStrings->handle(Object(Illuminate\\Http\\Request), Object(Closure))
#49 C:\\Users\\Doaa alsattari\\Downloads\\bank-graduation-project-main\\bank-graduation-project-main\\vendor\\laravel\\framework\\src\\Illuminate\\Http\\Middleware\\ValidatePostSize.php(27): Illuminate\\Pipeline\\Pipeline->Illuminate\\Pipeline\\{closure}(Object(Illuminate\\Http\\Request))
#50 C:\\Users\\Doaa alsattari\\Downloads\\bank-graduation-project-main\\bank-graduation-project-main\\vendor\\laravel\\framework\\src\\Illuminate\\Pipeline\\Pipeline.php(219): Illuminate\\Http\\Middleware\\ValidatePostSize->handle(Object(Illuminate\\Http\\Request), Object(Closure))
#51 C:\\Users\\Doaa alsattari\\Downloads\\bank-graduation-project-main\\bank-graduation-project-main\\vendor\\laravel\\framework\\src\\Illuminate\\Foundation\\Http\\Middleware\\PreventRequestsDuringMaintenance.php(109): Illuminate\\Pipeline\\Pipeline->Illuminate\\Pipeline\\{closure}(Object(Illuminate\\Http\\Request))
#52 C:\\Users\\Doaa alsattari\\Downloads\\bank-graduation-project-main\\bank-graduation-project-main\\vendor\\laravel\\framework\\src\\Illuminate\\Pipeline\\Pipeline.php(219): Illuminate\\Foundation\\Http\\Middleware\\PreventRequestsDuringMaintenance->handle(Object(Illuminate\\Http\\Request), Object(Closure))
#53 C:\\Users\\Doaa alsattari\\Downloads\\bank-graduation-project-main\\bank-graduation-project-main\\vendor\\laravel\\framework\\src\\Illuminate\\Http\\Middleware\\HandleCors.php(48): Illuminate\\Pipeline\\Pipeline->Illuminate\\Pipeline\\{closure}(Object(Illuminate\\Http\\Request))
#54 C:\\Users\\Doaa alsattari\\Downloads\\bank-graduation-project-main\\bank-graduation-project-main\\vendor\\laravel\\framework\\src\\Illuminate\\Pipeline\\Pipeline.php(219): Illuminate\\Http\\Middleware\\HandleCors->handle(Object(Illuminate\\Http\\Request), Object(Closure))
#55 C:\\Users\\Doaa alsattari\\Downloads\\bank-graduation-project-main\\bank-graduation-project-main\\vendor\\laravel\\framework\\src\\Illuminate\\Http\\Middleware\\TrustProxies.php(58): Illuminate\\Pipeline\\Pipeline->Illuminate\\Pipeline\\{closure}(Object(Illuminate\\Http\\Request))
#56 C:\\Users\\Doaa alsattari\\Downloads\\bank-graduation-project-main\\bank-graduation-project-main\\vendor\\laravel\\framework\\src\\Illuminate\\Pipeline\\Pipeline.php(219): Illuminate\\Http\\Middleware\\TrustProxies->handle(Object(Illuminate\\Http\\Request), Object(Closure))
#57 C:\\Users\\Doaa alsattari\\Downloads\\bank-graduation-project-main\\bank-graduation-project-main\\vendor\\laravel\\framework\\src\\Illuminate\\Foundation\\Http\\Middleware\\InvokeDeferredCallbacks.php(22): Illuminate\\Pipeline\\Pipeline->Illuminate\\Pipeline\\{closure}(Object(Illuminate\\Http\\Request))
#58 C:\\Users\\Doaa alsattari\\Downloads\\bank-graduation-project-main\\bank-graduation-project-main\\vendor\\laravel\\framework\\src\\Illuminate\\Pipeline\\Pipeline.php(219): Illuminate\\Foundation\\Http\\Middleware\\InvokeDeferredCallbacks->handle(Object(Illuminate\\Http\\Request), Object(Closure))
#59 C:\\Users\\Doaa alsattari\\Downloads\\bank-graduation-project-main\\bank-graduation-project-main\\vendor\\laravel\\framework\\src\\Illuminate\\Http\\Middleware\\ValidatePathEncoding.php(26): Illuminate\\Pipeline\\Pipeline->Illuminate\\Pipeline\\{closure}(Object(Illuminate\\Http\\Request))
#60 C:\\Users\\Doaa alsattari\\Downloads\\bank-graduation-project-main\\bank-graduation-project-main\\vendor\\laravel\\framework\\src\\Illuminate\\Pipeline\\Pipeline.php(219): Illuminate\\Http\\Middleware\\ValidatePathEncoding->handle(Object(Illuminate\\Http\\Request), Object(Closure))
#61 C:\\Users\\Doaa alsattari\\Downloads\\bank-graduation-project-main\\bank-graduation-project-main\\vendor\\laravel\\framework\\src\\Illuminate\\Pipeline\\Pipeline.php(137): Illuminate\\Pipeline\\Pipeline->Illuminate\\Pipeline\\{closure}(Object(Illuminate\\Http\\Request))
#62 C:\\Users\\Doaa alsattari\\Downloads\\bank-graduation-project-main\\bank-graduation-project-main\\vendor\\laravel\\framework\\src\\Illuminate\\Foundation\\Http\\Kernel.php(175): Illuminate\\Pipeline\\Pipeline->then(Object(Closure))
#63 C:\\Users\\Doaa alsattari\\Downloads\\bank-graduation-project-main\\bank-graduation-project-main\\vendor\\laravel\\framework\\src\\Illuminate\\Foundation\\Http\\Kernel.php(144): Illuminate\\Foundation\\Http\\Kernel->sendRequestThroughRouter(Object(Illuminate\\Http\\Request))
#64 C:\\Users\\Doaa alsattari\\Downloads\\bank-graduation-project-main\\bank-graduation-project-main\\vendor\\laravel\\framework\\src\\Illuminate\\Foundation\\Application.php(1220): Illuminate\\Foundation\\Http\\Kernel->handle(Object(Illuminate\\Http\\Request))
#65 C:\\Users\\Doaa alsattari\\Downloads\\bank-graduation-project-main\\bank-graduation-project-main\\public\\index.php(20): Illuminate\\Foundation\\Application->handleRequest(Object(Illuminate\\Http\\Request))
#66 C:\\Users\\Doaa alsattari\\Downloads\\bank-graduation-project-main\\bank-graduation-project-main\\vendor\\laravel\\framework\\src\\Illuminate\\Foundation\\resources\\server.php(23): require_once('C:\\\\Users\\\\Doaa a...')
#67 {main}

[previous exception] [object] (PDOException(code: 42S22): SQLSTATE[42S22]: Column not found: 1054 Unknown column 'transaction_id' in 'where clause' at C:\\Users\\Doaa alsattari\\Downloads\\bank-graduation-project-main\\bank-graduation-project-main\\vendor\\laravel\\framework\\src\\Illuminate\\Database\\Connection.php:406)
[stacktrace]
#0 C:\\Users\\Doaa alsattari\\Downloads\\bank-graduation-project-main\\bank-graduation-project-main\\vendor\\laravel\\framework\\src\\Illuminate\\Database\\Connection.php(406): PDO->prepare('select count(*)...')
#1 C:\\Users\\Doaa alsattari\\Downloads\\bank-graduation-project-main\\bank-graduation-project-main\\vendor\\laravel\\framework\\src\\Illuminate\\Database\\Connection.php(811): Illuminate\\Database\\Connection->Illuminate\\Database\\{closure}('select count(*)...', Array)
#2 C:\\Users\\Doaa alsattari\\Downloads\\bank-graduation-project-main\\bank-graduation-project-main\\vendor\\laravel\\framework\\src\\Illuminate\\Database\\Connection.php(778): Illuminate\\Database\\Connection->runQueryCallback('select count(*)...', Array, Object(Closure))
#3 C:\\Users\\Doaa alsattari\\Downloads\\bank-graduation-project-main\\bank-graduation-project-main\\vendor\\laravel\\framework\\src\\Illuminate\\Database\\Connection.php(397): Illuminate\\Database\\Connection->run('select count(*)...', Array, Object(Closure))
#4 C:\\Users\\Doaa alsattari\\Downloads\\bank-graduation-project-main\\bank-graduation-project-main\\vendor\\laravel\\framework\\src\\Illuminate\\Database\\Query\\Builder.php(3188): Illuminate\\Database\\Connection->select('select count(*)...', Array, true)
#5 C:\\Users\\Doaa alsattari\\Downloads\\bank-graduation-project-main\\bank-graduation-project-main\\vendor\\laravel\\framework\\src\\Illuminate\\Database\\Query\\Builder.php(3173): Illuminate\\Database\\Query\\Builder->runSelect()
#6 C:\\Users\\Doaa alsattari\\Downloads\\bank-graduation-project-main\\bank-graduation-project-main\\vendor\\laravel\\framework\\src\\Illuminate\\Database\\Query\\Builder.php(3763): Illuminate\\Database\\Query\\Builder->Illuminate\\Database\\Query\\{closure}()
#7 C:\\Users\\Doaa alsattari\\Downloads\\bank-graduation-project-main\\bank-graduation-project-main\\vendor\\laravel\\framework\\src\\Illuminate\\Database\\Query\\Builder.php(3172): Illuminate\\Database\\Query\\Builder->onceWithColumns(Array, Object(Closure))
#8 C:\\Users\\Doaa alsattari\\Downloads\\bank-graduation-project-main\\bank-graduation-project-main\\vendor\\laravel\\framework\\src\\Illuminate\\Database\\Query\\Builder.php(3367): Illuminate\\Database\\Query\\Builder->get()
#9 C:\\Users\\Doaa alsattari\\Downloads\\bank-graduation-project-main\\bank-graduation-project-main\\vendor\\laravel\\framework\\src\\Illuminate\\Database\\Query\\Builder.php(3326): Illuminate\\Database\\Query\\Builder->runPaginationCountQuery(Array)
#10 C:\\Users\\Doaa alsattari\\Downloads\\bank-graduation-project-main\\bank-graduation-project-main\\vendor\\laravel\\framework\\src\\Illuminate\\Database\\Eloquent\\Builder.php(1120): Illuminate\\Database\\Query\\Builder->getCountForPagination()
#11 C:\\Users\\Doaa alsattari\\Downloads\\bank-graduation-project-main\\bank-graduation-project-main\\app\\Http\\Controllers\\Admin\\TransactionManagementController.php(64): Illuminate\\Database\\Eloquent\\Builder->paginate(20)
#12 C:\\Users\\Doaa alsattari\\Downloads\\bank-graduation-project-main\\bank-graduation-project-main\\vendor\\laravel\\framework\\src\\Illuminate\\Routing\\ControllerDispatcher.php(46): App\\Http\\Controllers\\Admin\\TransactionManagementController->index(Object(Illuminate\\Http\\Request))
#13 C:\\Users\\Doaa alsattari\\Downloads\\bank-graduation-project-main\\bank-graduation-project-main\\vendor\\laravel\\framework\\src\\Illuminate\\Routing\\Route.php(265): Illuminate\\Routing\\ControllerDispatcher->dispatch(Object(Illuminate\\Routing\\Route), Object(App\\Http\\Controllers\\Admin\\TransactionManagementController), 'index')
#14 C:\\Users\\Doaa alsattari\\Downloads\\bank-graduation-project-main\\bank-graduation-project-main\\vendor\\laravel\\framework\\src\\Illuminate\\Routing\\Route.php(211): Illuminate\\Routing\\Route->runController()
#15 C:\\Users\\Doaa alsattari\\Downloads\\bank-graduation-project-main\\bank-graduation-project-main\\vendor\\laravel\\framework\\src\\Illuminate\\Routing\\Router.php(822): Illuminate\\Routing\\Route->run()
#16 C:\\Users\\Doaa alsattari\\Downloads\\bank-graduation-project-main\\bank-graduation-project-main\\vendor\\laravel\\framework\\src\\Illuminate\\Pipeline\\Pipeline.php(180): Illuminate\\Routing\\Router->Illuminate\\Routing\\{closure}(Object(Illuminate\\Http\\Request))
#17 C:\\Users\\Doaa alsattari\\Downloads\\bank-graduation-project-main\\bank-graduation-project-main\\app\\Http\\Middleware\\CheckPermission.php(27): Illuminate\\Pipeline\\Pipeline->Illuminate\\Pipeline\\{closure}(Object(Illuminate\\Http\\Request))
#18 C:\\Users\\Doaa alsattari\\Downloads\\bank-graduation-project-main\\bank-graduation-project-main\\vendor\\laravel\\framework\\src\\Illuminate\\Pipeline\\Pipeline.php(219): App\\Http\\Middleware\\CheckPermission->handle(Object(Illuminate\\Http\\Request), Object(Closure), 'view_transactio...')
#19 C:\\Users\\Doaa alsattari\\Downloads\\bank-graduation-project-main\\bank-graduation-project-main\\app\\Http\\Middleware\\CheckRole.php(27): Illuminate\\Pipeline\\Pipeline->Illuminate\\Pipeline\\{closure}(Object(Illuminate\\Http\\Request))
#20 C:\\Users\\Doaa alsattari\\Downloads\\bank-graduation-project-main\\bank-graduation-project-main\\vendor\\laravel\\framework\\src\\Illuminate\\Pipeline\\Pipeline.php(219): App\\Http\\Middleware\\CheckRole->handle(Object(Illuminate\\Http\\Request), Object(Closure), 'super_admin', 'admin')
#21 C:\\Users\\Doaa alsattari\\Downloads\\bank-graduation-project-main\\bank-graduation-project-main\\app\\Http\\Middleware\\SetLocale.php(28): Illuminate\\Pipeline\\Pipeline->Illuminate\\Pipeline\\{closure}(Object(Illuminate\\Http\\Request))
#22 C:\\Users\\Doaa alsattari\\Downloads\\bank-graduation-project-main\\bank-graduation-project-main\\vendor\\laravel\\framework\\src\\Illuminate\\Pipeline\\Pipeline.php(219): App\\Http\\Middleware\\SetLocale->handle(Object(Illuminate\\Http\\Request), Object(Closure))
#23 C:\\Users\\Doaa alsattari\\Downloads\\bank-graduation-project-main\\bank-graduation-project-main\\vendor\\laravel\\framework\\src\\Illuminate\\Routing\\Middleware\\SubstituteBindings.php(50): Illuminate\\Pipeline\\Pipeline->Illuminate\\Pipeline\\{closure}(Object(Illuminate\\Http\\Request))
#24 C:\\Users\\Doaa alsattari\\Downloads\\bank-graduation-project-main\\bank-graduation-project-main\\vendor\\laravel\\framework\\src\\Illuminate\\Pipeline\\Pipeline.php(219): Illuminate\\Routing\\Middleware\\SubstituteBindings->handle(Object(Illuminate\\Http\\Request), Object(Closure))
#25 C:\\Users\\Doaa alsattari\\Downloads\\bank-graduation-project-main\\bank-graduation-project-main\\vendor\\laravel\\framework\\src\\Illuminate\\Auth\\Middleware\\Authenticate.php(63): Illuminate\\Pipeline\\Pipeline->Illuminate\\Pipeline\\{closure}(Object(Illuminate\\Http\\Request))
#26 C:\\Users\\Doaa alsattari\\Downloads\\bank-graduation-project-main\\bank-graduation-project-main\\vendor\\laravel\\framework\\src\\Illuminate\\Pipeline\\Pipeline.php(219): Illuminate\\Auth\\Middleware\\Authenticate->handle(Object(Illuminate\\Http\\Request), Object(Closure))
#27 C:\\Users\\Doaa alsattari\\Downloads\\bank-graduation-project-main\\bank-graduation-project-main\\vendor\\laravel\\framework\\src\\Illuminate\\Foundation\\Http\\Middleware\\VerifyCsrfToken.php(87): Illuminate\\Pipeline\\Pipeline->Illuminate\\Pipeline\\{closure}(Object(Illuminate\\Http\\Request))
#28 C:\\Users\\Doaa alsattari\\Downloads\\bank-graduation-project-main\\bank-graduation-project-main\\vendor\\laravel\\framework\\src\\Illuminate\\Pipeline\\Pipeline.php(219): Illuminate\\Foundation\\Http\\Middleware\\VerifyCsrfToken->handle(Object(Illuminate\\Http\\Request), Object(Closure))
#29 C:\\Users\\Doaa alsattari\\Downloads\\bank-graduation-project-main\\bank-graduation-project-main\\vendor\\laravel\\framework\\src\\Illuminate\\View\\Middleware\\ShareErrorsFromSession.php(48): Illuminate\\Pipeline\\Pipeline->Illuminate\\Pipeline\\{closure}(Object(Illuminate\\Http\\Request))
#30 C:\\Users\\Doaa alsattari\\Downloads\\bank-graduation-project-main\\bank-graduation-project-main\\vendor\\laravel\\framework\\src\\Illuminate\\Pipeline\\Pipeline.php(219): Illuminate\\View\\Middleware\\ShareErrorsFromSession->handle(Object(Illuminate\\Http\\Request), Object(Closure))
#31 C:\\Users\\Doaa alsattari\\Downloads\\bank-graduation-project-main\\bank-graduation-project-main\\vendor\\laravel\\framework\\src\\Illuminate\\Session\\Middleware\\StartSession.php(120): Illuminate\\Pipeline\\Pipeline->Illuminate\\Pipeline\\{closure}(Object(Illuminate\\Http\\Request))
#32 C:\\Users\\Doaa alsattari\\Downloads\\bank-graduation-project-main\\bank-graduation-project-main\\vendor\\laravel\\framework\\src\\Illuminate\\Session\\Middleware\\StartSession.php(63): Illuminate\\Session\\Middleware\\StartSession->handleStatefulRequest(Object(Illuminate\\Http\\Request), Object(Illuminate\\Session\\Store), Object(Closure))
#33 C:\\Users\\Doaa alsattari\\Downloads\\bank-graduation-project-main\\bank-graduation-project-main\\vendor\\laravel\\framework\\src\\Illuminate\\Pipeline\\Pipeline.php(219): Illuminate\\Session\\Middleware\\StartSession->handle(Object(Illuminate\\Http\\Request), Object(Closure))
#34 C:\\Users\\Doaa alsattari\\Downloads\\bank-graduation-project-main\\bank-graduation-project-main\\vendor\\laravel\\framework\\src\\Illuminate\\Cookie\\Middleware\\AddQueuedCookiesToResponse.php(36): Illuminate\\Pipeline\\Pipeline->Illuminate\\Pipeline\\{closure}(Object(Illuminate\\Http\\Request))
#35 C:\\Users\\Doaa alsattari\\Downloads\\bank-graduation-project-main\\bank-graduation-project-main\\vendor\\laravel\\framework\\src\\Illuminate\\Pipeline\\Pipeline.php(219): Illuminate\\Cookie\\Middleware\\AddQueuedCookiesToResponse->handle(Object(Illuminate\\Http\\Request), Object(Closure))
#36 C:\\Users\\Doaa alsattari\\Downloads\\bank-graduation-project-main\\bank-graduation-project-main\\vendor\\laravel\\framework\\src\\Illuminate\\Cookie\\Middleware\\EncryptCookies.php(74): Illuminate\\Pipeline\\Pipeline->Illuminate\\Pipeline\\{closure}(Object(Illuminate\\Http\\Request))
#37 C:\\Users\\Doaa alsattari\\Downloads\\bank-graduation-project-main\\bank-graduation-project-main\\vendor\\laravel\\framework\\src\\Illuminate\\Pipeline\\Pipeline.php(219): Illuminate\\Cookie\\Middleware\\EncryptCookies->handle(Object(Illuminate\\Http\\Request), Object(Closure))
#38 C:\\Users\\Doaa alsattari\\Downloads\\bank-graduation-project-main\\bank-graduation-project-main\\vendor\\laravel\\framework\\src\\Illuminate\\Pipeline\\Pipeline.php(137): Illuminate\\Pipeline\\Pipeline->Illuminate\\Pipeline\\{closure}(Object(Illuminate\\Http\\Request))
#39 C:\\Users\\Doaa alsattari\\Downloads\\bank-graduation-project-main\\bank-graduation-project-main\\vendor\\laravel\\framework\\src\\Illuminate\\Routing\\Router.php(821): Illuminate\\Pipeline\\Pipeline->then(Object(Closure))
#40 C:\\Users\\Doaa alsattari\\Downloads\\bank-graduation-project-main\\bank-graduation-project-main\\vendor\\laravel\\framework\\src\\Illuminate\\Routing\\Router.php(800): Illuminate\\Routing\\Router->runRouteWithinStack(Object(Illuminate\\Routing\\Route), Object(Illuminate\\Http\\Request))
#41 C:\\Users\\Doaa alsattari\\Downloads\\bank-graduation-project-main\\bank-graduation-project-main\\vendor\\laravel\\framework\\src\\Illuminate\\Routing\\Router.php(764): Illuminate\\Routing\\Router->runRoute(Object(Illuminate\\Http\\Request), Object(Illuminate\\Routing\\Route))
#42 C:\\Users\\Doaa alsattari\\Downloads\\bank-graduation-project-main\\bank-graduation-project-main\\vendor\\laravel\\framework\\src\\Illuminate\\Routing\\Router.php(753): Illuminate\\Routing\\Router->dispatchToRoute(Object(Illuminate\\Http\\Request))
#43 C:\\Users\\Doaa alsattari\\Downloads\\bank-graduation-project-main\\bank-graduation-project-main\\vendor\\laravel\\framework\\src\\Illuminate\\Foundation\\Http\\Kernel.php(200): Illuminate\\Routing\\Router->dispatch(Object(Illuminate\\Http\\Request))
#44 C:\\Users\\Doaa alsattari\\Downloads\\bank-graduation-project-main\\bank-graduation-project-main\\vendor\\laravel\\framework\\src\\Illuminate\\Pipeline\\Pipeline.php(180): Illuminate\\Foundation\\Http\\Kernel->Illuminate\\Foundation\\Http\\{closure}(Object(Illuminate\\Http\\Request))
#45 C:\\Users\\Doaa alsattari\\Downloads\\bank-graduation-project-main\\bank-graduation-project-main\\vendor\\laravel\\framework\\src\\Illuminate\\Foundation\\Http\\Middleware\\TransformsRequest.php(21): Illuminate\\Pipeline\\Pipeline->Illuminate\\Pipeline\\{closure}(Object(Illuminate\\Http\\Request))
#46 C:\\Users\\Doaa alsattari\\Downloads\\bank-graduation-project-main\\bank-graduation-project-main\\vendor\\laravel\\framework\\src\\Illuminate\\Foundation\\Http\\Middleware\\ConvertEmptyStringsToNull.php(31): Illuminate\\Foundation\\Http\\Middleware\\TransformsRequest->handle(Object(Illuminate\\Http\\Request), Object(Closure))
#47 C:\\Users\\Doaa alsattari\\Downloads\\bank-graduation-project-main\\bank-graduation-project-main\\vendor\\laravel\\framework\\src\\Illuminate\\Pipeline\\Pipeline.php(219): Illuminate\\Foundation\\Http\\Middleware\\ConvertEmptyStringsToNull->handle(Object(Illuminate\\Http\\Request), Object(Closure))
#48 C:\\Users\\Doaa alsattari\\Downloads\\bank-graduation-project-main\\bank-graduation-project-main\\vendor\\laravel\\framework\\src\\Illuminate\\Foundation\\Http\\Middleware\\TransformsRequest.php(21): Illuminate\\Pipeline\\Pipeline->Illuminate\\Pipeline\\{closure}(Object(Illuminate\\Http\\Request))
#49 C:\\Users\\Doaa alsattari\\Downloads\\bank-graduation-project-main\\bank-graduation-project-main\\vendor\\laravel\\framework\\src\\Illuminate\\Foundation\\Http\\Middleware\\TrimStrings.php(51): Illuminate\\Foundation\\Http\\Middleware\\TransformsRequest->handle(Object(Illuminate\\Http\\Request), Object(Closure))
#50 C:\\Users\\Doaa alsattari\\Downloads\\bank-graduation-project-main\\bank-graduation-project-main\\vendor\\laravel\\framework\\src\\Illuminate\\Pipeline\\Pipeline.php(219): Illuminate\\Foundation\\Http\\Middleware\\TrimStrings->handle(Object(Illuminate\\Http\\Request), Object(Closure))
#51 C:\\Users\\Doaa alsattari\\Downloads\\bank-graduation-project-main\\bank-graduation-project-main\\vendor\\laravel\\framework\\src\\Illuminate\\Http\\Middleware\\ValidatePostSize.php(27): Illuminate\\Pipeline\\Pipeline->Illuminate\\Pipeline\\{closure}(Object(Illuminate\\Http\\Request))
#52 C:\\Users\\Doaa alsattari\\Downloads\\bank-graduation-project-main\\bank-graduation-project-main\\vendor\\laravel\\framework\\src\\Illuminate\\Pipeline\\Pipeline.php(219): Illuminate\\Http\\Middleware\\ValidatePostSize->handle(Object(Illuminate\\Http\\Request), Object(Closure))
#53 C:\\Users\\Doaa alsattari\\Downloads\\bank-graduation-project-main\\bank-graduation-project-main\\vendor\\laravel\\framework\\src\\Illuminate\\Foundation\\Http\\Middleware\\PreventRequestsDuringMaintenance.php(109): Illuminate\\Pipeline\\Pipeline->Illuminate\\Pipeline\\{closure}(Object(Illuminate\\Http\\Request))
#54 C:\\Users\\Doaa alsattari\\Downloads\\bank-graduation-project-main\\bank-graduation-project-main\\vendor\\laravel\\framework\\src\\Illuminate\\Pipeline\\Pipeline.php(219): Illuminate\\Foundation\\Http\\Middleware\\PreventRequestsDuringMaintenance->handle(Object(Illuminate\\Http\\Request), Object(Closure))
#55 C:\\Users\\Doaa alsattari\\Downloads\\bank-graduation-project-main\\bank-graduation-project-main\\vendor\\laravel\\framework\\src\\Illuminate\\Http\\Middleware\\HandleCors.php(48): Illuminate\\Pipeline\\Pipeline->Illuminate\\Pipeline\\{closure}(Object(Illuminate\\Http\\Request))
#56 C:\\Users\\Doaa alsattari\\Downloads\\bank-graduation-project-main\\bank-graduation-project-main\\vendor\\laravel\\framework\\src\\Illuminate\\Pipeline\\Pipeline.php(219): Illuminate\\Http\\Middleware\\HandleCors->handle(Object(Illuminate\\Http\\Request), Object(Closure))
#57 C:\\Users\\Doaa alsattari\\Downloads\\bank-graduation-project-main\\bank-graduation-project-main\\vendor\\laravel\\framework\\src\\Illuminate\\Http\\Middleware\\TrustProxies.php(58): Illuminate\\Pipeline\\Pipeline->Illuminate\\Pipeline\\{closure}(Object(Illuminate\\Http\\Request))
#58 C:\\Users\\Doaa alsattari\\Downloads\\bank-graduation-project-main\\bank-graduation-project-main\\vendor\\laravel\\framework\\src\\Illuminate\\Pipeline\\Pipeline.php(219): Illuminate\\Http\\Middleware\\TrustProxies->handle(Object(Illuminate\\Http\\Request), Object(Closure))
#59 C:\\Users\\Doaa alsattari\\Downloads\\bank-graduation-project-main\\bank-graduation-project-main\\vendor\\laravel\\framework\\src\\Illuminate\\Foundation\\Http\\Middleware\\InvokeDeferredCallbacks.php(22): Illuminate\\Pipeline\\Pipeline->Illuminate\\Pipeline\\{closure}(Object(Illuminate\\Http\\Request))
#60 C:\\Users\\Doaa alsattari\\Downloads\\bank-graduation-project-main\\bank-graduation-project-main\\vendor\\laravel\\framework\\src\\Illuminate\\Pipeline\\Pipeline.php(219): Illuminate\\Foundation\\Http\\Middleware\\InvokeDeferredCallbacks->handle(Object(Illuminate\\Http\\Request), Object(Closure))
#61 C:\\Users\\Doaa alsattari\\Downloads\\bank-graduation-project-main\\bank-graduation-project-main\\vendor\\laravel\\framework\\src\\Illuminate\\Http\\Middleware\\ValidatePathEncoding.php(26): Illuminate\\Pipeline\\Pipeline->Illuminate\\Pipeline\\{closure}(Object(Illuminate\\Http\\Request))
#62 C:\\Users\\Doaa alsattari\\Downloads\\bank-graduation-project-main\\bank-graduation-project-main\\vendor\\laravel\\framework\\src\\Illuminate\\Pipeline\\Pipeline.php(219): Illuminate\\Http\\Middleware\\ValidatePathEncoding->handle(Object(Illuminate\\Http\\Request), Object(Closure))
#63 C:\\Users\\Doaa alsattari\\Downloads\\bank-graduation-project-main\\bank-graduation-project-main\\vendor\\laravel\\framework\\src\\Illuminate\\Pipeline\\Pipeline.php(137): Illuminate\\Pipeline\\Pipeline->Illuminate\\Pipeline\\{closure}(Object(Illuminate\\Http\\Request))
#64 C:\\Users\\Doaa alsattari\\Downloads\\bank-graduation-project-main\\bank-graduation-project-main\\vendor\\laravel\\framework\\src\\Illuminate\\Foundation\\Http\\Kernel.php(175): Illuminate\\Pipeline\\Pipeline->then(Object(Closure))
#65 C:\\Users\\Doaa alsattari\\Downloads\\bank-graduation-project-main\\bank-graduation-project-main\\vendor\\laravel\\framework\\src\\Illuminate\\Foundation\\Http\\Kernel.php(144): Illuminate\\Foundation\\Http\\Kernel->sendRequestThroughRouter(Object(Illuminate\\Http\\Request))
#66 C:\\Users\\Doaa alsattari\\Downloads\\bank-graduation-project-main\\bank-graduation-project-main\\vendor\\laravel\\framework\\src\\Illuminate\\Foundation\\Application.php(1220): Illuminate\\Foundation\\Http\\Kernel->handle(Object(Illuminate\\Http\\Request))
#67 C:\\Users\\Doaa alsattari\\Downloads\\bank-graduation-project-main\\bank-graduation-project-main\\public\\index.php(20): Illuminate\\Foundation\\Application->handleRequest(Object(Illuminate\\Http\\Request))
#68 C:\\Users\\Doaa alsattari\\Downloads\\bank-graduation-project-main\\bank-graduation-project-main\\vendor\\laravel\\framework\\src\\Illuminate\\Foundation\\resources\\server.php(23): require_once('C:\\\\Users\\\\Doaa a...')
#69 {main}
"} 
[2025-10-20 12:57:23] local.ERROR: SQLSTATE[42S22]: Column not found: 1054 Unknown column 'type' in 'where clause' (Connection: mysql, SQL: select count(*) as aggregate from `transactions` where (`id` like %% or `description` like %% or exists (select * from `users` where `transactions`.`sender_id` = `users`.`id` and (`name` like %% or `email` like %%))) and `type` = credit) {"userId":5,"exception":"[object] (Illuminate\\Database\\QueryException(code: 42S22): SQLSTATE[42S22]: Column not found: 1054 Unknown column 'type' in 'where clause' (Connection: mysql, SQL: select count(*) as aggregate from `transactions` where (`id` like %% or `description` like %% or exists (select * from `users` where `transactions`.`sender_id` = `users`.`id` and (`name` like %% or `email` like %%))) and `type` = credit) at C:\\Users\\Doaa alsattari\\Downloads\\bank-graduation-project-main\\bank-graduation-project-main\\vendor\\laravel\\framework\\src\\Illuminate\\Database\\Connection.php:824)
[stacktrace]
#0 C:\\Users\\Doaa alsattari\\Downloads\\bank-graduation-project-main\\bank-graduation-project-main\\vendor\\laravel\\framework\\src\\Illuminate\\Database\\Connection.php(778): Illuminate\\Database\\Connection->runQueryCallback('select count(*)...', Array, Object(Closure))
#1 C:\\Users\\Doaa alsattari\\Downloads\\bank-graduation-project-main\\bank-graduation-project-main\\vendor\\laravel\\framework\\src\\Illuminate\\Database\\Connection.php(397): Illuminate\\Database\\Connection->run('select count(*)...', Array, Object(Closure))
#2 C:\\Users\\Doaa alsattari\\Downloads\\bank-graduation-project-main\\bank-graduation-project-main\\vendor\\laravel\\framework\\src\\Illuminate\\Database\\Query\\Builder.php(3188): Illuminate\\Database\\Connection->select('select count(*)...', Array, true)
#3 C:\\Users\\Doaa alsattari\\Downloads\\bank-graduation-project-main\\bank-graduation-project-main\\vendor\\laravel\\framework\\src\\Illuminate\\Database\\Query\\Builder.php(3173): Illuminate\\Database\\Query\\Builder->runSelect()
#4 C:\\Users\\Doaa alsattari\\Downloads\\bank-graduation-project-main\\bank-graduation-project-main\\vendor\\laravel\\framework\\src\\Illuminate\\Database\\Query\\Builder.php(3763): Illuminate\\Database\\Query\\Builder->Illuminate\\Database\\Query\\{closure}()
#5 C:\\Users\\Doaa alsattari\\Downloads\\bank-graduation-project-main\\bank-graduation-project-main\\vendor\\laravel\\framework\\src\\Illuminate\\Database\\Query\\Builder.php(3172): Illuminate\\Database\\Query\\Builder->onceWithColumns(Array, Object(Closure))
#6 C:\\Users\\Doaa alsattari\\Downloads\\bank-graduation-project-main\\bank-graduation-project-main\\vendor\\laravel\\framework\\src\\Illuminate\\Database\\Query\\Builder.php(3367): Illuminate\\Database\\Query\\Builder->get()
#7 C:\\Users\\Doaa alsattari\\Downloads\\bank-graduation-project-main\\bank-graduation-project-main\\vendor\\laravel\\framework\\src\\Illuminate\\Database\\Query\\Builder.php(3326): Illuminate\\Database\\Query\\Builder->runPaginationCountQuery(Array)
#8 C:\\Users\\Doaa alsattari\\Downloads\\bank-graduation-project-main\\bank-graduation-project-main\\vendor\\laravel\\framework\\src\\Illuminate\\Database\\Eloquent\\Builder.php(1120): Illuminate\\Database\\Query\\Builder->getCountForPagination()
#9 C:\\Users\\Doaa alsattari\\Downloads\\bank-graduation-project-main\\bank-graduation-project-main\\app\\Http\\Controllers\\Admin\\TransactionManagementController.php(64): Illuminate\\Database\\Eloquent\\Builder->paginate(20)
#10 C:\\Users\\Doaa alsattari\\Downloads\\bank-graduation-project-main\\bank-graduation-project-main\\vendor\\laravel\\framework\\src\\Illuminate\\Routing\\ControllerDispatcher.php(46): App\\Http\\Controllers\\Admin\\TransactionManagementController->index(Object(Illuminate\\Http\\Request))
#11 C:\\Users\\Doaa alsattari\\Downloads\\bank-graduation-project-main\\bank-graduation-project-main\\vendor\\laravel\\framework\\src\\Illuminate\\Routing\\Route.php(265): Illuminate\\Routing\\ControllerDispatcher->dispatch(Object(Illuminate\\Routing\\Route), Object(App\\Http\\Controllers\\Admin\\TransactionManagementController), 'index')
#12 C:\\Users\\Doaa alsattari\\Downloads\\bank-graduation-project-main\\bank-graduation-project-main\\vendor\\laravel\\framework\\src\\Illuminate\\Routing\\Route.php(211): Illuminate\\Routing\\Route->runController()
#13 C:\\Users\\Doaa alsattari\\Downloads\\bank-graduation-project-main\\bank-graduation-project-main\\vendor\\laravel\\framework\\src\\Illuminate\\Routing\\Router.php(822): Illuminate\\Routing\\Route->run()
#14 C:\\Users\\Doaa alsattari\\Downloads\\bank-graduation-project-main\\bank-graduation-project-main\\vendor\\laravel\\framework\\src\\Illuminate\\Pipeline\\Pipeline.php(180): Illuminate\\Routing\\Router->Illuminate\\Routing\\{closure}(Object(Illuminate\\Http\\Request))
#15 C:\\Users\\Doaa alsattari\\Downloads\\bank-graduation-project-main\\bank-graduation-project-main\\app\\Http\\Middleware\\CheckPermission.php(27): Illuminate\\Pipeline\\Pipeline->Illuminate\\Pipeline\\{closure}(Object(Illuminate\\Http\\Request))
#16 C:\\Users\\Doaa alsattari\\Downloads\\bank-graduation-project-main\\bank-graduation-project-main\\vendor\\laravel\\framework\\src\\Illuminate\\Pipeline\\Pipeline.php(219): App\\Http\\Middleware\\CheckPermission->handle(Object(Illuminate\\Http\\Request), Object(Closure), 'view_transactio...')
#17 C:\\Users\\Doaa alsattari\\Downloads\\bank-graduation-project-main\\bank-graduation-project-main\\app\\Http\\Middleware\\CheckRole.php(27): Illuminate\\Pipeline\\Pipeline->Illuminate\\Pipeline\\{closure}(Object(Illuminate\\Http\\Request))
#18 C:\\Users\\Doaa alsattari\\Downloads\\bank-graduation-project-main\\bank-graduation-project-main\\vendor\\laravel\\framework\\src\\Illuminate\\Pipeline\\Pipeline.php(219): App\\Http\\Middleware\\CheckRole->handle(Object(Illuminate\\Http\\Request), Object(Closure), 'super_admin', 'admin')
#19 C:\\Users\\Doaa alsattari\\Downloads\\bank-graduation-project-main\\bank-graduation-project-main\\app\\Http\\Middleware\\SetLocale.php(28): Illuminate\\Pipeline\\Pipeline->Illuminate\\Pipeline\\{closure}(Object(Illuminate\\Http\\Request))
#20 C:\\Users\\Doaa alsattari\\Downloads\\bank-graduation-project-main\\bank-graduation-project-main\\vendor\\laravel\\framework\\src\\Illuminate\\Pipeline\\Pipeline.php(219): App\\Http\\Middleware\\SetLocale->handle(Object(Illuminate\\Http\\Request), Object(Closure))
#21 C:\\Users\\Doaa alsattari\\Downloads\\bank-graduation-project-main\\bank-graduation-project-main\\vendor\\laravel\\framework\\src\\Illuminate\\Routing\\Middleware\\SubstituteBindings.php(50): Illuminate\\Pipeline\\Pipeline->Illuminate\\Pipeline\\{closure}(Object(Illuminate\\Http\\Request))
#22 C:\\Users\\Doaa alsattari\\Downloads\\bank-graduation-project-main\\bank-graduation-project-main\\vendor\\laravel\\framework\\src\\Illuminate\\Pipeline\\Pipeline.php(219): Illuminate\\Routing\\Middleware\\SubstituteBindings->handle(Object(Illuminate\\Http\\Request), Object(Closure))
#23 C:\\Users\\Doaa alsattari\\Downloads\\bank-graduation-project-main\\bank-graduation-project-main\\vendor\\laravel\\framework\\src\\Illuminate\\Auth\\Middleware\\Authenticate.php(63): Illuminate\\Pipeline\\Pipeline->Illuminate\\Pipeline\\{closure}(Object(Illuminate\\Http\\Request))
#24 C:\\Users\\Doaa alsattari\\Downloads\\bank-graduation-project-main\\bank-graduation-project-main\\vendor\\laravel\\framework\\src\\Illuminate\\Pipeline\\Pipeline.php(219): Illuminate\\Auth\\Middleware\\Authenticate->handle(Object(Illuminate\\Http\\Request), Object(Closure))
#25 C:\\Users\\Doaa alsattari\\Downloads\\bank-graduation-project-main\\bank-graduation-project-main\\vendor\\laravel\\framework\\src\\Illuminate\\Foundation\\Http\\Middleware\\VerifyCsrfToken.php(87): Illuminate\\Pipeline\\Pipeline->Illuminate\\Pipeline\\{closure}(Object(Illuminate\\Http\\Request))
#26 C:\\Users\\Doaa alsattari\\Downloads\\bank-graduation-project-main\\bank-graduation-project-main\\vendor\\laravel\\framework\\src\\Illuminate\\Pipeline\\Pipeline.php(219): Illuminate\\Foundation\\Http\\Middleware\\VerifyCsrfToken->handle(Object(Illuminate\\Http\\Request), Object(Closure))
#27 C:\\Users\\Doaa alsattari\\Downloads\\bank-graduation-project-main\\bank-graduation-project-main\\vendor\\laravel\\framework\\src\\Illuminate\\View\\Middleware\\ShareErrorsFromSession.php(48): Illuminate\\Pipeline\\Pipeline->Illuminate\\Pipeline\\{closure}(Object(Illuminate\\Http\\Request))
#28 C:\\Users\\Doaa alsattari\\Downloads\\bank-graduation-project-main\\bank-graduation-project-main\\vendor\\laravel\\framework\\src\\Illuminate\\Pipeline\\Pipeline.php(219): Illuminate\\View\\Middleware\\ShareErrorsFromSession->handle(Object(Illuminate\\Http\\Request), Object(Closure))
#29 C:\\Users\\Doaa alsattari\\Downloads\\bank-graduation-project-main\\bank-graduation-project-main\\vendor\\laravel\\framework\\src\\Illuminate\\Session\\Middleware\\StartSession.php(120): Illuminate\\Pipeline\\Pipeline->Illuminate\\Pipeline\\{closure}(Object(Illuminate\\Http\\Request))
#30 C:\\Users\\Doaa alsattari\\Downloads\\bank-graduation-project-main\\bank-graduation-project-main\\vendor\\laravel\\framework\\src\\Illuminate\\Session\\Middleware\\StartSession.php(63): Illuminate\\Session\\Middleware\\StartSession->handleStatefulRequest(Object(Illuminate\\Http\\Request), Object(Illuminate\\Session\\Store), Object(Closure))
#31 C:\\Users\\Doaa alsattari\\Downloads\\bank-graduation-project-main\\bank-graduation-project-main\\vendor\\laravel\\framework\\src\\Illuminate\\Pipeline\\Pipeline.php(219): Illuminate\\Session\\Middleware\\StartSession->handle(Object(Illuminate\\Http\\Request), Object(Closure))
#32 C:\\Users\\Doaa alsattari\\Downloads\\bank-graduation-project-main\\bank-graduation-project-main\\vendor\\laravel\\framework\\src\\Illuminate\\Cookie\\Middleware\\AddQueuedCookiesToResponse.php(36): Illuminate\\Pipeline\\Pipeline->Illuminate\\Pipeline\\{closure}(Object(Illuminate\\Http\\Request))
#33 C:\\Users\\Doaa alsattari\\Downloads\\bank-graduation-project-main\\bank-graduation-project-main\\vendor\\laravel\\framework\\src\\Illuminate\\Pipeline\\Pipeline.php(219): Illuminate\\Cookie\\Middleware\\AddQueuedCookiesToResponse->handle(Object(Illuminate\\Http\\Request), Object(Closure))
#34 C:\\Users\\Doaa alsattari\\Downloads\\bank-graduation-project-main\\bank-graduation-project-main\\vendor\\laravel\\framework\\src\\Illuminate\\Cookie\\Middleware\\EncryptCookies.php(74): Illuminate\\Pipeline\\Pipeline->Illuminate\\Pipeline\\{closure}(Object(Illuminate\\Http\\Request))
#35 C:\\Users\\Doaa alsattari\\Downloads\\bank-graduation-project-main\\bank-graduation-project-main\\vendor\\laravel\\framework\\src\\Illuminate\\Pipeline\\Pipeline.php(219): Illuminate\\Cookie\\Middleware\\EncryptCookies->handle(Object(Illuminate\\Http\\Request), Object(Closure))
#36 C:\\Users\\Doaa alsattari\\Downloads\\bank-graduation-project-main\\bank-graduation-project-main\\vendor\\laravel\\framework\\src\\Illuminate\\Pipeline\\Pipeline.php(137): Illuminate\\Pipeline\\Pipeline->Illuminate\\Pipeline\\{closure}(Object(Illuminate\\Http\\Request))
#37 C:\\Users\\Doaa alsattari\\Downloads\\bank-graduation-project-main\\bank-graduation-project-main\\vendor\\laravel\\framework\\src\\Illuminate\\Routing\\Router.php(821): Illuminate\\Pipeline\\Pipeline->then(Object(Closure))
#38 C:\\Users\\Doaa alsattari\\Downloads\\bank-graduation-project-main\\bank-graduation-project-main\\vendor\\laravel\\framework\\src\\Illuminate\\Routing\\Router.php(800): Illuminate\\Routing\\Router->runRouteWithinStack(Object(Illuminate\\Routing\\Route), Object(Illuminate\\Http\\Request))
#39 C:\\Users\\Doaa alsattari\\Downloads\\bank-graduation-project-main\\bank-graduation-project-main\\vendor\\laravel\\framework\\src\\Illuminate\\Routing\\Router.php(764): Illuminate\\Routing\\Router->runRoute(Object(Illuminate\\Http\\Request), Object(Illuminate\\Routing\\Route))
#40 C:\\Users\\Doaa alsattari\\Downloads\\bank-graduation-project-main\\bank-graduation-project-main\\vendor\\laravel\\framework\\src\\Illuminate\\Routing\\Router.php(753): Illuminate\\Routing\\Router->dispatchToRoute(Object(Illuminate\\Http\\Request))
#41 C:\\Users\\Doaa alsattari\\Downloads\\bank-graduation-project-main\\bank-graduation-project-main\\vendor\\laravel\\framework\\src\\Illuminate\\Foundation\\Http\\Kernel.php(200): Illuminate\\Routing\\Router->dispatch(Object(Illuminate\\Http\\Request))
#42 C:\\Users\\Doaa alsattari\\Downloads\\bank-graduation-project-main\\bank-graduation-project-main\\vendor\\laravel\\framework\\src\\Illuminate\\Pipeline\\Pipeline.php(180): Illuminate\\Foundation\\Http\\Kernel->Illuminate\\Foundation\\Http\\{closure}(Object(Illuminate\\Http\\Request))
#43 C:\\Users\\Doaa alsattari\\Downloads\\bank-graduation-project-main\\bank-graduation-project-main\\vendor\\laravel\\framework\\src\\Illuminate\\Foundation\\Http\\Middleware\\TransformsRequest.php(21): Illuminate\\Pipeline\\Pipeline->Illuminate\\Pipeline\\{closure}(Object(Illuminate\\Http\\Request))
#44 C:\\Users\\Doaa alsattari\\Downloads\\bank-graduation-project-main\\bank-graduation-project-main\\vendor\\laravel\\framework\\src\\Illuminate\\Foundation\\Http\\Middleware\\ConvertEmptyStringsToNull.php(31): Illuminate\\Foundation\\Http\\Middleware\\TransformsRequest->handle(Object(Illuminate\\Http\\Request), Object(Closure))
#45 C:\\Users\\Doaa alsattari\\Downloads\\bank-graduation-project-main\\bank-graduation-project-main\\vendor\\laravel\\framework\\src\\Illuminate\\Pipeline\\Pipeline.php(219): Illuminate\\Foundation\\Http\\Middleware\\ConvertEmptyStringsToNull->handle(Object(Illuminate\\Http\\Request), Object(Closure))
#46 C:\\Users\\Doaa alsattari\\Downloads\\bank-graduation-project-main\\bank-graduation-project-main\\vendor\\laravel\\framework\\src\\Illuminate\\Foundation\\Http\\Middleware\\TransformsRequest.php(21): Illuminate\\Pipeline\\Pipeline->Illuminate\\Pipeline\\{closure}(Object(Illuminate\\Http\\Request))
#47 C:\\Users\\Doaa alsattari\\Downloads\\bank-graduation-project-main\\bank-graduation-project-main\\vendor\\laravel\\framework\\src\\Illuminate\\Foundation\\Http\\Middleware\\TrimStrings.php(51): Illuminate\\Foundation\\Http\\Middleware\\TransformsRequest->handle(Object(Illuminate\\Http\\Request), Object(Closure))
#48 C:\\Users\\Doaa alsattari\\Downloads\\bank-graduation-project-main\\bank-graduation-project-main\\vendor\\laravel\\framework\\src\\Illuminate\\Pipeline\\Pipeline.php(219): Illuminate\\Foundation\\Http\\Middleware\\TrimStrings->handle(Object(Illuminate\\Http\\Request), Object(Closure))
#49 C:\\Users\\Doaa alsattari\\Downloads\\bank-graduation-project-main\\bank-graduation-project-main\\vendor\\laravel\\framework\\src\\Illuminate\\Http\\Middleware\\ValidatePostSize.php(27): Illuminate\\Pipeline\\Pipeline->Illuminate\\Pipeline\\{closure}(Object(Illuminate\\Http\\Request))
#50 C:\\Users\\Doaa alsattari\\Downloads\\bank-graduation-project-main\\bank-graduation-project-main\\vendor\\laravel\\framework\\src\\Illuminate\\Pipeline\\Pipeline.php(219): Illuminate\\Http\\Middleware\\ValidatePostSize->handle(Object(Illuminate\\Http\\Request), Object(Closure))
#51 C:\\Users\\Doaa alsattari\\Downloads\\bank-graduation-project-main\\bank-graduation-project-main\\vendor\\laravel\\framework\\src\\Illuminate\\Foundation\\Http\\Middleware\\PreventRequestsDuringMaintenance.php(109): Illuminate\\Pipeline\\Pipeline->Illuminate\\Pipeline\\{closure}(Object(Illuminate\\Http\\Request))
#52 C:\\Users\\Doaa alsattari\\Downloads\\bank-graduation-project-main\\bank-graduation-project-main\\vendor\\laravel\\framework\\src\\Illuminate\\Pipeline\\Pipeline.php(219): Illuminate\\Foundation\\Http\\Middleware\\PreventRequestsDuringMaintenance->handle(Object(Illuminate\\Http\\Request), Object(Closure))
#53 C:\\Users\\Doaa alsattari\\Downloads\\bank-graduation-project-main\\bank-graduation-project-main\\vendor\\laravel\\framework\\src\\Illuminate\\Http\\Middleware\\HandleCors.php(48): Illuminate\\Pipeline\\Pipeline->Illuminate\\Pipeline\\{closure}(Object(Illuminate\\Http\\Request))
#54 C:\\Users\\Doaa alsattari\\Downloads\\bank-graduation-project-main\\bank-graduation-project-main\\vendor\\laravel\\framework\\src\\Illuminate\\Pipeline\\Pipeline.php(219): Illuminate\\Http\\Middleware\\HandleCors->handle(Object(Illuminate\\Http\\Request), Object(Closure))
#55 C:\\Users\\Doaa alsattari\\Downloads\\bank-graduation-project-main\\bank-graduation-project-main\\vendor\\laravel\\framework\\src\\Illuminate\\Http\\Middleware\\TrustProxies.php(58): Illuminate\\Pipeline\\Pipeline->Illuminate\\Pipeline\\{closure}(Object(Illuminate\\Http\\Request))
#56 C:\\Users\\Doaa alsattari\\Downloads\\bank-graduation-project-main\\bank-graduation-project-main\\vendor\\laravel\\framework\\src\\Illuminate\\Pipeline\\Pipeline.php(219): Illuminate\\Http\\Middleware\\TrustProxies->handle(Object(Illuminate\\Http\\Request), Object(Closure))
#57 C:\\Users\\Doaa alsattari\\Downloads\\bank-graduation-project-main\\bank-graduation-project-main\\vendor\\laravel\\framework\\src\\Illuminate\\Foundation\\Http\\Middleware\\InvokeDeferredCallbacks.php(22): Illuminate\\Pipeline\\Pipeline->Illuminate\\Pipeline\\{closure}(Object(Illuminate\\Http\\Request))
#58 C:\\Users\\Doaa alsattari\\Downloads\\bank-graduation-project-main\\bank-graduation-project-main\\vendor\\laravel\\framework\\src\\Illuminate\\Pipeline\\Pipeline.php(219): Illuminate\\Foundation\\Http\\Middleware\\InvokeDeferredCallbacks->handle(Object(Illuminate\\Http\\Request), Object(Closure))
#59 C:\\Users\\Doaa alsattari\\Downloads\\bank-graduation-project-main\\bank-graduation-project-main\\vendor\\laravel\\framework\\src\\Illuminate\\Http\\Middleware\\ValidatePathEncoding.php(26): Illuminate\\Pipeline\\Pipeline->Illuminate\\Pipeline\\{closure}(Object(Illuminate\\Http\\Request))
#60 C:\\Users\\Doaa alsattari\\Downloads\\bank-graduation-project-main\\bank-graduation-project-main\\vendor\\laravel\\framework\\src\\Illuminate\\Pipeline\\Pipeline.php(219): Illuminate\\Http\\Middleware\\ValidatePathEncoding->handle(Object(Illuminate\\Http\\Request), Object(Closure))
#61 C:\\Users\\Doaa alsattari\\Downloads\\bank-graduation-project-main\\bank-graduation-project-main\\vendor\\laravel\\framework\\src\\Illuminate\\Pipeline\\Pipeline.php(137): Illuminate\\Pipeline\\Pipeline->Illuminate\\Pipeline\\{closure}(Object(Illuminate\\Http\\Request))
#62 C:\\Users\\Doaa alsattari\\Downloads\\bank-graduation-project-main\\bank-graduation-project-main\\vendor\\laravel\\framework\\src\\Illuminate\\Foundation\\Http\\Kernel.php(175): Illuminate\\Pipeline\\Pipeline->then(Object(Closure))
#63 C:\\Users\\Doaa alsattari\\Downloads\\bank-graduation-project-main\\bank-graduation-project-main\\vendor\\laravel\\framework\\src\\Illuminate\\Foundation\\Http\\Kernel.php(144): Illuminate\\Foundation\\Http\\Kernel->sendRequestThroughRouter(Object(Illuminate\\Http\\Request))
#64 C:\\Users\\Doaa alsattari\\Downloads\\bank-graduation-project-main\\bank-graduation-project-main\\vendor\\laravel\\framework\\src\\Illuminate\\Foundation\\Application.php(1220): Illuminate\\Foundation\\Http\\Kernel->handle(Object(Illuminate\\Http\\Request))
#65 C:\\Users\\Doaa alsattari\\Downloads\\bank-graduation-project-main\\bank-graduation-project-main\\public\\index.php(20): Illuminate\\Foundation\\Application->handleRequest(Object(Illuminate\\Http\\Request))
#66 C:\\Users\\Doaa alsattari\\Downloads\\bank-graduation-project-main\\bank-graduation-project-main\\vendor\\laravel\\framework\\src\\Illuminate\\Foundation\\resources\\server.php(23): require_once('C:\\\\Users\\\\Doaa a...')
#67 {main}

[previous exception] [object] (PDOException(code: 42S22): SQLSTATE[42S22]: Column not found: 1054 Unknown column 'type' in 'where clause' at C:\\Users\\Doaa alsattari\\Downloads\\bank-graduation-project-main\\bank-graduation-project-main\\vendor\\laravel\\framework\\src\\Illuminate\\Database\\Connection.php:406)
[stacktrace]
#0 C:\\Users\\Doaa alsattari\\Downloads\\bank-graduation-project-main\\bank-graduation-project-main\\vendor\\laravel\\framework\\src\\Illuminate\\Database\\Connection.php(406): PDO->prepare('select count(*)...')
#1 C:\\Users\\Doaa alsattari\\Downloads\\bank-graduation-project-main\\bank-graduation-project-main\\vendor\\laravel\\framework\\src\\Illuminate\\Database\\Connection.php(811): Illuminate\\Database\\Connection->Illuminate\\Database\\{closure}('select count(*)...', Array)
#2 C:\\Users\\Doaa alsattari\\Downloads\\bank-graduation-project-main\\bank-graduation-project-main\\vendor\\laravel\\framework\\src\\Illuminate\\Database\\Connection.php(778): Illuminate\\Database\\Connection->runQueryCallback('select count(*)...', Array, Object(Closure))
#3 C:\\Users\\Doaa alsattari\\Downloads\\bank-graduation-project-main\\bank-graduation-project-main\\vendor\\laravel\\framework\\src\\Illuminate\\Database\\Connection.php(397): Illuminate\\Database\\Connection->run('select count(*)...', Array, Object(Closure))
#4 C:\\Users\\Doaa alsattari\\Downloads\\bank-graduation-project-main\\bank-graduation-project-main\\vendor\\laravel\\framework\\src\\Illuminate\\Database\\Query\\Builder.php(3188): Illuminate\\Database\\Connection->select('select count(*)...', Array, true)
#5 C:\\Users\\Doaa alsattari\\Downloads\\bank-graduation-project-main\\bank-graduation-project-main\\vendor\\laravel\\framework\\src\\Illuminate\\Database\\Query\\Builder.php(3173): Illuminate\\Database\\Query\\Builder->runSelect()
#6 C:\\Users\\Doaa alsattari\\Downloads\\bank-graduation-project-main\\bank-graduation-project-main\\vendor\\laravel\\framework\\src\\Illuminate\\Database\\Query\\Builder.php(3763): Illuminate\\Database\\Query\\Builder->Illuminate\\Database\\Query\\{closure}()
#7 C:\\Users\\Doaa alsattari\\Downloads\\bank-graduation-project-main\\bank-graduation-project-main\\vendor\\laravel\\framework\\src\\Illuminate\\Database\\Query\\Builder.php(3172): Illuminate\\Database\\Query\\Builder->onceWithColumns(Array, Object(Closure))
#8 C:\\Users\\Doaa alsattari\\Downloads\\bank-graduation-project-main\\bank-graduation-project-main\\vendor\\laravel\\framework\\src\\Illuminate\\Database\\Query\\Builder.php(3367): Illuminate\\Database\\Query\\Builder->get()
#9 C:\\Users\\Doaa alsattari\\Downloads\\bank-graduation-project-main\\bank-graduation-project-main\\vendor\\laravel\\framework\\src\\Illuminate\\Database\\Query\\Builder.php(3326): Illuminate\\Database\\Query\\Builder->runPaginationCountQuery(Array)
#10 C:\\Users\\Doaa alsattari\\Downloads\\bank-graduation-project-main\\bank-graduation-project-main\\vendor\\laravel\\framework\\src\\Illuminate\\Database\\Eloquent\\Builder.php(1120): Illuminate\\Database\\Query\\Builder->getCountForPagination()
#11 C:\\Users\\Doaa alsattari\\Downloads\\bank-graduation-project-main\\bank-graduation-project-main\\app\\Http\\Controllers\\Admin\\TransactionManagementController.php(64): Illuminate\\Database\\Eloquent\\Builder->paginate(20)
#12 C:\\Users\\Doaa alsattari\\Downloads\\bank-graduation-project-main\\bank-graduation-project-main\\vendor\\laravel\\framework\\src\\Illuminate\\Routing\\ControllerDispatcher.php(46): App\\Http\\Controllers\\Admin\\TransactionManagementController->index(Object(Illuminate\\Http\\Request))
#13 C:\\Users\\Doaa alsattari\\Downloads\\bank-graduation-project-main\\bank-graduation-project-main\\vendor\\laravel\\framework\\src\\Illuminate\\Routing\\Route.php(265): Illuminate\\Routing\\ControllerDispatcher->dispatch(Object(Illuminate\\Routing\\Route), Object(App\\Http\\Controllers\\Admin\\TransactionManagementController), 'index')
#14 C:\\Users\\Doaa alsattari\\Downloads\\bank-graduation-project-main\\bank-graduation-project-main\\vendor\\laravel\\framework\\src\\Illuminate\\Routing\\Route.php(211): Illuminate\\Routing\\Route->runController()
#15 C:\\Users\\Doaa alsattari\\Downloads\\bank-graduation-project-main\\bank-graduation-project-main\\vendor\\laravel\\framework\\src\\Illuminate\\Routing\\Router.php(822): Illuminate\\Routing\\Route->run()
#16 C:\\Users\\Doaa alsattari\\Downloads\\bank-graduation-project-main\\bank-graduation-project-main\\vendor\\laravel\\framework\\src\\Illuminate\\Pipeline\\Pipeline.php(180): Illuminate\\Routing\\Router->Illuminate\\Routing\\{closure}(Object(Illuminate\\Http\\Request))
#17 C:\\Users\\Doaa alsattari\\Downloads\\bank-graduation-project-main\\bank-graduation-project-main\\app\\Http\\Middleware\\CheckPermission.php(27): Illuminate\\Pipeline\\Pipeline->Illuminate\\Pipeline\\{closure}(Object(Illuminate\\Http\\Request))
#18 C:\\Users\\Doaa alsattari\\Downloads\\bank-graduation-project-main\\bank-graduation-project-main\\vendor\\laravel\\framework\\src\\Illuminate\\Pipeline\\Pipeline.php(219): App\\Http\\Middleware\\CheckPermission->handle(Object(Illuminate\\Http\\Request), Object(Closure), 'view_transactio...')
#19 C:\\Users\\Doaa alsattari\\Downloads\\bank-graduation-project-main\\bank-graduation-project-main\\app\\Http\\Middleware\\CheckRole.php(27): Illuminate\\Pipeline\\Pipeline->Illuminate\\Pipeline\\{closure}(Object(Illuminate\\Http\\Request))
#20 C:\\Users\\Doaa alsattari\\Downloads\\bank-graduation-project-main\\bank-graduation-project-main\\vendor\\laravel\\framework\\src\\Illuminate\\Pipeline\\Pipeline.php(219): App\\Http\\Middleware\\CheckRole->handle(Object(Illuminate\\Http\\Request), Object(Closure), 'super_admin', 'admin')
#21 C:\\Users\\Doaa alsattari\\Downloads\\bank-graduation-project-main\\bank-graduation-project-main\\app\\Http\\Middleware\\SetLocale.php(28): Illuminate\\Pipeline\\Pipeline->Illuminate\\Pipeline\\{closure}(Object(Illuminate\\Http\\Request))
#22 C:\\Users\\Doaa alsattari\\Downloads\\bank-graduation-project-main\\bank-graduation-project-main\\vendor\\laravel\\framework\\src\\Illuminate\\Pipeline\\Pipeline.php(219): App\\Http\\Middleware\\SetLocale->handle(Object(Illuminate\\Http\\Request), Object(Closure))
#23 C:\\Users\\Doaa alsattari\\Downloads\\bank-graduation-project-main\\bank-graduation-project-main\\vendor\\laravel\\framework\\src\\Illuminate\\Routing\\Middleware\\SubstituteBindings.php(50): Illuminate\\Pipeline\\Pipeline->Illuminate\\Pipeline\\{closure}(Object(Illuminate\\Http\\Request))
#24 C:\\Users\\Doaa alsattari\\Downloads\\bank-graduation-project-main\\bank-graduation-project-main\\vendor\\laravel\\framework\\src\\Illuminate\\Pipeline\\Pipeline.php(219): Illuminate\\Routing\\Middleware\\SubstituteBindings->handle(Object(Illuminate\\Http\\Request), Object(Closure))
#25 C:\\Users\\Doaa alsattari\\Downloads\\bank-graduation-project-main\\bank-graduation-project-main\\vendor\\laravel\\framework\\src\\Illuminate\\Auth\\Middleware\\Authenticate.php(63): Illuminate\\Pipeline\\Pipeline->Illuminate\\Pipeline\\{closure}(Object(Illuminate\\Http\\Request))
#26 C:\\Users\\Doaa alsattari\\Downloads\\bank-graduation-project-main\\bank-graduation-project-main\\vendor\\laravel\\framework\\src\\Illuminate\\Pipeline\\Pipeline.php(219): Illuminate\\Auth\\Middleware\\Authenticate->handle(Object(Illuminate\\Http\\Request), Object(Closure))
#27 C:\\Users\\Doaa alsattari\\Downloads\\bank-graduation-project-main\\bank-graduation-project-main\\vendor\\laravel\\framework\\src\\Illuminate\\Foundation\\Http\\Middleware\\VerifyCsrfToken.php(87): Illuminate\\Pipeline\\Pipeline->Illuminate\\Pipeline\\{closure}(Object(Illuminate\\Http\\Request))
#28 C:\\Users\\Doaa alsattari\\Downloads\\bank-graduation-project-main\\bank-graduation-project-main\\vendor\\laravel\\framework\\src\\Illuminate\\Pipeline\\Pipeline.php(219): Illuminate\\Foundation\\Http\\Middleware\\VerifyCsrfToken->handle(Object(Illuminate\\Http\\Request), Object(Closure))
#29 C:\\Users\\Doaa alsattari\\Downloads\\bank-graduation-project-main\\bank-graduation-project-main\\vendor\\laravel\\framework\\src\\Illuminate\\View\\Middleware\\ShareErrorsFromSession.php(48): Illuminate\\Pipeline\\Pipeline->Illuminate\\Pipeline\\{closure}(Object(Illuminate\\Http\\Request))
#30 C:\\Users\\Doaa alsattari\\Downloads\\bank-graduation-project-main\\bank-graduation-project-main\\vendor\\laravel\\framework\\src\\Illuminate\\Pipeline\\Pipeline.php(219): Illuminate\\View\\Middleware\\ShareErrorsFromSession->handle(Object(Illuminate\\Http\\Request), Object(Closure))
#31 C:\\Users\\Doaa alsattari\\Downloads\\bank-graduation-project-main\\bank-graduation-project-main\\vendor\\laravel\\framework\\src\\Illuminate\\Session\\Middleware\\StartSession.php(120): Illuminate\\Pipeline\\Pipeline->Illuminate\\Pipeline\\{closure}(Object(Illuminate\\Http\\Request))
#32 C:\\Users\\Doaa alsattari\\Downloads\\bank-graduation-project-main\\bank-graduation-project-main\\vendor\\laravel\\framework\\src\\Illuminate\\Session\\Middleware\\StartSession.php(63): Illuminate\\Session\\Middleware\\StartSession->handleStatefulRequest(Object(Illuminate\\Http\\Request), Object(Illuminate\\Session\\Store), Object(Closure))
#33 C:\\Users\\Doaa alsattari\\Downloads\\bank-graduation-project-main\\bank-graduation-project-main\\vendor\\laravel\\framework\\src\\Illuminate\\Pipeline\\Pipeline.php(219): Illuminate\\Session\\Middleware\\StartSession->handle(Object(Illuminate\\Http\\Request), Object(Closure))
#34 C:\\Users\\Doaa alsattari\\Downloads\\bank-graduation-project-main\\bank-graduation-project-main\\vendor\\laravel\\framework\\src\\Illuminate\\Cookie\\Middleware\\AddQueuedCookiesToResponse.php(36): Illuminate\\Pipeline\\Pipeline->Illuminate\\Pipeline\\{closure}(Object(Illuminate\\Http\\Request))
#35 C:\\Users\\Doaa alsattari\\Downloads\\bank-graduation-project-main\\bank-graduation-project-main\\vendor\\laravel\\framework\\src\\Illuminate\\Pipeline\\Pipeline.php(219): Illuminate\\Cookie\\Middleware\\AddQueuedCookiesToResponse->handle(Object(Illuminate\\Http\\Request), Object(Closure))
#36 C:\\Users\\Doaa alsattari\\Downloads\\bank-graduation-project-main\\bank-graduation-project-main\\vendor\\laravel\\framework\\src\\Illuminate\\Cookie\\Middleware\\EncryptCookies.php(74): Illuminate\\Pipeline\\Pipeline->Illuminate\\Pipeline\\{closure}(Object(Illuminate\\Http\\Request))
#37 C:\\Users\\Doaa alsattari\\Downloads\\bank-graduation-project-main\\bank-graduation-project-main\\vendor\\laravel\\framework\\src\\Illuminate\\Pipeline\\Pipeline.php(219): Illuminate\\Cookie\\Middleware\\EncryptCookies->handle(Object(Illuminate\\Http\\Request), Object(Closure))
#38 C:\\Users\\Doaa alsattari\\Downloads\\bank-graduation-project-main\\bank-graduation-project-main\\vendor\\laravel\\framework\\src\\Illuminate\\Pipeline\\Pipeline.php(137): Illuminate\\Pipeline\\Pipeline->Illuminate\\Pipeline\\{closure}(Object(Illuminate\\Http\\Request))
#39 C:\\Users\\Doaa alsattari\\Downloads\\bank-graduation-project-main\\bank-graduation-project-main\\vendor\\laravel\\framework\\src\\Illuminate\\Routing\\Router.php(821): Illuminate\\Pipeline\\Pipeline->then(Object(Closure))
#40 C:\\Users\\Doaa alsattari\\Downloads\\bank-graduation-project-main\\bank-graduation-project-main\\vendor\\laravel\\framework\\src\\Illuminate\\Routing\\Router.php(800): Illuminate\\Routing\\Router->runRouteWithinStack(Object(Illuminate\\Routing\\Route), Object(Illuminate\\Http\\Request))
#41 C:\\Users\\Doaa alsattari\\Downloads\\bank-graduation-project-main\\bank-graduation-project-main\\vendor\\laravel\\framework\\src\\Illuminate\\Routing\\Router.php(764): Illuminate\\Routing\\Router->runRoute(Object(Illuminate\\Http\\Request), Object(Illuminate\\Routing\\Route))
#42 C:\\Users\\Doaa alsattari\\Downloads\\bank-graduation-project-main\\bank-graduation-project-main\\vendor\\laravel\\framework\\src\\Illuminate\\Routing\\Router.php(753): Illuminate\\Routing\\Router->dispatchToRoute(Object(Illuminate\\Http\\Request))
#43 C:\\Users\\Doaa alsattari\\Downloads\\bank-graduation-project-main\\bank-graduation-project-main\\vendor\\laravel\\framework\\src\\Illuminate\\Foundation\\Http\\Kernel.php(200): Illuminate\\Routing\\Router->dispatch(Object(Illuminate\\Http\\Request))
#44 C:\\Users\\Doaa alsattari\\Downloads\\bank-graduation-project-main\\bank-graduation-project-main\\vendor\\laravel\\framework\\src\\Illuminate\\Pipeline\\Pipeline.php(180): Illuminate\\Foundation\\Http\\Kernel->Illuminate\\Foundation\\Http\\{closure}(Object(Illuminate\\Http\\Request))
#45 C:\\Users\\Doaa alsattari\\Downloads\\bank-graduation-project-main\\bank-graduation-project-main\\vendor\\laravel\\framework\\src\\Illuminate\\Foundation\\Http\\Middleware\\TransformsRequest.php(21): Illuminate\\Pipeline\\Pipeline->Illuminate\\Pipeline\\{closure}(Object(Illuminate\\Http\\Request))
#46 C:\\Users\\Doaa alsattari\\Downloads\\bank-graduation-project-main\\bank-graduation-project-main\\vendor\\laravel\\framework\\src\\Illuminate\\Foundation\\Http\\Middleware\\ConvertEmptyStringsToNull.php(31): Illuminate\\Foundation\\Http\\Middleware\\TransformsRequest->handle(Object(Illuminate\\Http\\Request), Object(Closure))
#47 C:\\Users\\Doaa alsattari\\Downloads\\bank-graduation-project-main\\bank-graduation-project-main\\vendor\\laravel\\framework\\src\\Illuminate\\Pipeline\\Pipeline.php(219): Illuminate\\Foundation\\Http\\Middleware\\ConvertEmptyStringsToNull->handle(Object(Illuminate\\Http\\Request), Object(Closure))
#48 C:\\Users\\Doaa alsattari\\Downloads\\bank-graduation-project-main\\bank-graduation-project-main\\vendor\\laravel\\framework\\src\\Illuminate\\Foundation\\Http\\Middleware\\TransformsRequest.php(21): Illuminate\\Pipeline\\Pipeline->Illuminate\\Pipeline\\{closure}(Object(Illuminate\\Http\\Request))
#49 C:\\Users\\Doaa alsattari\\Downloads\\bank-graduation-project-main\\bank-graduation-project-main\\vendor\\laravel\\framework\\src\\Illuminate\\Foundation\\Http\\Middleware\\TrimStrings.php(51): Illuminate\\Foundation\\Http\\Middleware\\TransformsRequest->handle(Object(Illuminate\\Http\\Request), Object(Closure))
#50 C:\\Users\\Doaa alsattari\\Downloads\\bank-graduation-project-main\\bank-graduation-project-main\\vendor\\laravel\\framework\\src\\Illuminate\\Pipeline\\Pipeline.php(219): Illuminate\\Foundation\\Http\\Middleware\\TrimStrings->handle(Object(Illuminate\\Http\\Request), Object(Closure))
#51 C:\\Users\\Doaa alsattari\\Downloads\\bank-graduation-project-main\\bank-graduation-project-main\\vendor\\laravel\\framework\\src\\Illuminate\\Http\\Middleware\\ValidatePostSize.php(27): Illuminate\\Pipeline\\Pipeline->Illuminate\\Pipeline\\{closure}(Object(Illuminate\\Http\\Request))
#52 C:\\Users\\Doaa alsattari\\Downloads\\bank-graduation-project-main\\bank-graduation-project-main\\vendor\\laravel\\framework\\src\\Illuminate\\Pipeline\\Pipeline.php(219): Illuminate\\Http\\Middleware\\ValidatePostSize->handle(Object(Illuminate\\Http\\Request), Object(Closure))
#53 C:\\Users\\Doaa alsattari\\Downloads\\bank-graduation-project-main\\bank-graduation-project-main\\vendor\\laravel\\framework\\src\\Illuminate\\Foundation\\Http\\Middleware\\PreventRequestsDuringMaintenance.php(109): Illuminate\\Pipeline\\Pipeline->Illuminate\\Pipeline\\{closure}(Object(Illuminate\\Http\\Request))
#54 C:\\Users\\Doaa alsattari\\Downloads\\bank-graduation-project-main\\bank-graduation-project-main\\vendor\\laravel\\framework\\src\\Illuminate\\Pipeline\\Pipeline.php(219): Illuminate\\Foundation\\Http\\Middleware\\PreventRequestsDuringMaintenance->handle(Object(Illuminate\\Http\\Request), Object(Closure))
#55 C:\\Users\\Doaa alsattari\\Downloads\\bank-graduation-project-main\\bank-graduation-project-main\\vendor\\laravel\\framework\\src\\Illuminate\\Http\\Middleware\\HandleCors.php(48): Illuminate\\Pipeline\\Pipeline->Illuminate\\Pipeline\\{closure}(Object(Illuminate\\Http\\Request))
#56 C:\\Users\\Doaa alsattari\\Downloads\\bank-graduation-project-main\\bank-graduation-project-main\\vendor\\laravel\\framework\\src\\Illuminate\\Pipeline\\Pipeline.php(219): Illuminate\\Http\\Middleware\\HandleCors->handle(Object(Illuminate\\Http\\Request), Object(Closure))
#57 C:\\Users\\Doaa alsattari\\Downloads\\bank-graduation-project-main\\bank-graduation-project-main\\vendor\\laravel\\framework\\src\\Illuminate\\Http\\Middleware\\TrustProxies.php(58): Illuminate\\Pipeline\\Pipeline->Illuminate\\Pipeline\\{closure}(Object(Illuminate\\Http\\Request))
#58 C:\\Users\\Doaa alsattari\\Downloads\\bank-graduation-project-main\\bank-graduation-project-main\\vendor\\laravel\\framework\\src\\Illuminate\\Pipeline\\Pipeline.php(219): Illuminate\\Http\\Middleware\\TrustProxies->handle(Object(Illuminate\\Http\\Request), Object(Closure))
#59 C:\\Users\\Doaa alsattari\\Downloads\\bank-graduation-project-main\\bank-graduation-project-main\\vendor\\laravel\\framework\\src\\Illuminate\\Foundation\\Http\\Middleware\\InvokeDeferredCallbacks.php(22): Illuminate\\Pipeline\\Pipeline->Illuminate\\Pipeline\\{closure}(Object(Illuminate\\Http\\Request))
#60 C:\\Users\\Doaa alsattari\\Downloads\\bank-graduation-project-main\\bank-graduation-project-main\\vendor\\laravel\\framework\\src\\Illuminate\\Pipeline\\Pipeline.php(219): Illuminate\\Foundation\\Http\\Middleware\\InvokeDeferredCallbacks->handle(Object(Illuminate\\Http\\Request), Object(Closure))
#61 C:\\Users\\Doaa alsattari\\Downloads\\bank-graduation-project-main\\bank-graduation-project-main\\vendor\\laravel\\framework\\src\\Illuminate\\Http\\Middleware\\ValidatePathEncoding.php(26): Illuminate\\Pipeline\\Pipeline->Illuminate\\Pipeline\\{closure}(Object(Illuminate\\Http\\Request))
#62 C:\\Users\\Doaa alsattari\\Downloads\\bank-graduation-project-main\\bank-graduation-project-main\\vendor\\laravel\\framework\\src\\Illuminate\\Pipeline\\Pipeline.php(219): Illuminate\\Http\\Middleware\\ValidatePathEncoding->handle(Object(Illuminate\\Http\\Request), Object(Closure))
#63 C:\\Users\\Doaa alsattari\\Downloads\\bank-graduation-project-main\\bank-graduation-project-main\\vendor\\laravel\\framework\\src\\Illuminate\\Pipeline\\Pipeline.php(137): Illuminate\\Pipeline\\Pipeline->Illuminate\\Pipeline\\{closure}(Object(Illuminate\\Http\\Request))
#64 C:\\Users\\Doaa alsattari\\Downloads\\bank-graduation-project-main\\bank-graduation-project-main\\vendor\\laravel\\framework\\src\\Illuminate\\Foundation\\Http\\Kernel.php(175): Illuminate\\Pipeline\\Pipeline->then(Object(Closure))
#65 C:\\Users\\Doaa alsattari\\Downloads\\bank-graduation-project-main\\bank-graduation-project-main\\vendor\\laravel\\framework\\src\\Illuminate\\Foundation\\Http\\Kernel.php(144): Illuminate\\Foundation\\Http\\Kernel->sendRequestThroughRouter(Object(Illuminate\\Http\\Request))
#66 C:\\Users\\Doaa alsattari\\Downloads\\bank-graduation-project-main\\bank-graduation-project-main\\vendor\\laravel\\framework\\src\\Illuminate\\Foundation\\Application.php(1220): Illuminate\\Foundation\\Http\\Kernel->handle(Object(Illuminate\\Http\\Request))
#67 C:\\Users\\Doaa alsattari\\Downloads\\bank-graduation-project-main\\bank-graduation-project-main\\public\\index.php(20): Illuminate\\Foundation\\Application->handleRequest(Object(Illuminate\\Http\\Request))
#68 C:\\Users\\Doaa alsattari\\Downloads\\bank-graduation-project-main\\bank-graduation-project-main\\vendor\\laravel\\framework\\src\\Illuminate\\Foundation\\resources\\server.php(23): require_once('C:\\\\Users\\\\Doaa a...')
#69 {main}
"} 
[2025-10-25 12:48:39] local.ERROR: Class "App\Http\Controllers\Admin\Controller" not found {"exception":"[object] (Error(code: 0): Class \"App\\Http\\Controllers\\Admin\\Controller\" not found at C:\\Users\\Doaa alsattari\\Downloads\\bank-graduation-project-main\\bank-graduation-project-main\\app\\Http\\Controllers\\Admin\\RoleController.php:9)
[stacktrace]
#0 C:\\Users\\Doaa alsattari\\Downloads\\bank-graduation-project-main\\bank-graduation-project-main\\vendor\\composer\\ClassLoader.php(576): include()
#1 C:\\Users\\Doaa alsattari\\Downloads\\bank-graduation-project-main\\bank-graduation-project-main\\vendor\\composer\\ClassLoader.php(427): Composer\\Autoload\\{closure}('C:\\\\Users\\\\Doaa a...')
#2 [internal function]: Composer\\Autoload\\ClassLoader->loadClass('App\\\\Http\\\\Contro...')
#3 C:\\Users\\Doaa alsattari\\Downloads\\bank-graduation-project-main\\bank-graduation-project-main\\vendor\\laravel\\framework\\src\\Illuminate\\Routing\\Route.php(1125): is_a('App\\\\Http\\\\Contro...', 'Illuminate\\\\Rout...', true)
#4 C:\\Users\\Doaa alsattari\\Downloads\\bank-graduation-project-main\\bank-graduation-project-main\\vendor\\laravel\\framework\\src\\Illuminate\\Routing\\Route.php(1062): Illuminate\\Routing\\Route->controllerMiddleware()
#5 C:\\Users\\Doaa alsattari\\Downloads\\bank-graduation-project-main\\bank-graduation-project-main\\vendor\\laravel\\framework\\src\\Illuminate\\Routing\\Router.php(834): Illuminate\\Routing\\Route->gatherMiddleware()
#6 C:\\Users\\Doaa alsattari\\Downloads\\bank-graduation-project-main\\bank-graduation-project-main\\vendor\\laravel\\framework\\src\\Illuminate\\Routing\\Router.php(816): Illuminate\\Routing\\Router->gatherRouteMiddleware(Object(Illuminate\\Routing\\Route))
#7 C:\\Users\\Doaa alsattari\\Downloads\\bank-graduation-project-main\\bank-graduation-project-main\\vendor\\laravel\\framework\\src\\Illuminate\\Routing\\Router.php(800): Illuminate\\Routing\\Router->runRouteWithinStack(Object(Illuminate\\Routing\\Route), Object(Illuminate\\Http\\Request))
#8 C:\\Users\\Doaa alsattari\\Downloads\\bank-graduation-project-main\\bank-graduation-project-main\\vendor\\laravel\\framework\\src\\Illuminate\\Routing\\Router.php(764): Illuminate\\Routing\\Router->runRoute(Object(Illuminate\\Http\\Request), Object(Illuminate\\Routing\\Route))
#9 C:\\Users\\Doaa alsattari\\Downloads\\bank-graduation-project-main\\bank-graduation-project-main\\vendor\\laravel\\framework\\src\\Illuminate\\Routing\\Router.php(753): Illuminate\\Routing\\Router->dispatchToRoute(Object(Illuminate\\Http\\Request))
#10 C:\\Users\\Doaa alsattari\\Downloads\\bank-graduation-project-main\\bank-graduation-project-main\\vendor\\laravel\\framework\\src\\Illuminate\\Foundation\\Http\\Kernel.php(200): Illuminate\\Routing\\Router->dispatch(Object(Illuminate\\Http\\Request))
#11 C:\\Users\\Doaa alsattari\\Downloads\\bank-graduation-project-main\\bank-graduation-project-main\\vendor\\laravel\\framework\\src\\Illuminate\\Pipeline\\Pipeline.php(180): Illuminate\\Foundation\\Http\\Kernel->Illuminate\\Foundation\\Http\\{closure}(Object(Illuminate\\Http\\Request))
#12 C:\\Users\\Doaa alsattari\\Downloads\\bank-graduation-project-main\\bank-graduation-project-main\\vendor\\laravel\\framework\\src\\Illuminate\\Foundation\\Http\\Middleware\\TransformsRequest.php(21): Illuminate\\Pipeline\\Pipeline->Illuminate\\Pipeline\\{closure}(Object(Illuminate\\Http\\Request))
#13 C:\\Users\\Doaa alsattari\\Downloads\\bank-graduation-project-main\\bank-graduation-project-main\\vendor\\laravel\\framework\\src\\Illuminate\\Foundation\\Http\\Middleware\\ConvertEmptyStringsToNull.php(31): Illuminate\\Foundation\\Http\\Middleware\\TransformsRequest->handle(Object(Illuminate\\Http\\Request), Object(Closure))
#14 C:\\Users\\Doaa alsattari\\Downloads\\bank-graduation-project-main\\bank-graduation-project-main\\vendor\\laravel\\framework\\src\\Illuminate\\Pipeline\\Pipeline.php(219): Illuminate\\Foundation\\Http\\Middleware\\ConvertEmptyStringsToNull->handle(Object(Illuminate\\Http\\Request), Object(Closure))
#15 C:\\Users\\Doaa alsattari\\Downloads\\bank-graduation-project-main\\bank-graduation-project-main\\vendor\\laravel\\framework\\src\\Illuminate\\Foundation\\Http\\Middleware\\TransformsRequest.php(21): Illuminate\\Pipeline\\Pipeline->Illuminate\\Pipeline\\{closure}(Object(Illuminate\\Http\\Request))
#16 C:\\Users\\Doaa alsattari\\Downloads\\bank-graduation-project-main\\bank-graduation-project-main\\vendor\\laravel\\framework\\src\\Illuminate\\Foundation\\Http\\Middleware\\TrimStrings.php(51): Illuminate\\Foundation\\Http\\Middleware\\TransformsRequest->handle(Object(Illuminate\\Http\\Request), Object(Closure))
#17 C:\\Users\\Doaa alsattari\\Downloads\\bank-graduation-project-main\\bank-graduation-project-main\\vendor\\laravel\\framework\\src\\Illuminate\\Pipeline\\Pipeline.php(219): Illuminate\\Foundation\\Http\\Middleware\\TrimStrings->handle(Object(Illuminate\\Http\\Request), Object(Closure))
#18 C:\\Users\\Doaa alsattari\\Downloads\\bank-graduation-project-main\\bank-graduation-project-main\\vendor\\laravel\\framework\\src\\Illuminate\\Http\\Middleware\\ValidatePostSize.php(27): Illuminate\\Pipeline\\Pipeline->Illuminate\\Pipeline\\{closure}(Object(Illuminate\\Http\\Request))
#19 C:\\Users\\Doaa alsattari\\Downloads\\bank-graduation-project-main\\bank-graduation-project-main\\vendor\\laravel\\framework\\src\\Illuminate\\Pipeline\\Pipeline.php(219): Illuminate\\Http\\Middleware\\ValidatePostSize->handle(Object(Illuminate\\Http\\Request), Object(Closure))
#20 C:\\Users\\Doaa alsattari\\Downloads\\bank-graduation-project-main\\bank-graduation-project-main\\vendor\\laravel\\framework\\src\\Illuminate\\Foundation\\Http\\Middleware\\PreventRequestsDuringMaintenance.php(109): Illuminate\\Pipeline\\Pipeline->Illuminate\\Pipeline\\{closure}(Object(Illuminate\\Http\\Request))
#21 C:\\Users\\Doaa alsattari\\Downloads\\bank-graduation-project-main\\bank-graduation-project-main\\vendor\\laravel\\framework\\src\\Illuminate\\Pipeline\\Pipeline.php(219): Illuminate\\Foundation\\Http\\Middleware\\PreventRequestsDuringMaintenance->handle(Object(Illuminate\\Http\\Request), Object(Closure))
#22 C:\\Users\\Doaa alsattari\\Downloads\\bank-graduation-project-main\\bank-graduation-project-main\\vendor\\laravel\\framework\\src\\Illuminate\\Http\\Middleware\\HandleCors.php(48): Illuminate\\Pipeline\\Pipeline->Illuminate\\Pipeline\\{closure}(Object(Illuminate\\Http\\Request))
#23 C:\\Users\\Doaa alsattari\\Downloads\\bank-graduation-project-main\\bank-graduation-project-main\\vendor\\laravel\\framework\\src\\Illuminate\\Pipeline\\Pipeline.php(219): Illuminate\\Http\\Middleware\\HandleCors->handle(Object(Illuminate\\Http\\Request), Object(Closure))
#24 C:\\Users\\Doaa alsattari\\Downloads\\bank-graduation-project-main\\bank-graduation-project-main\\vendor\\laravel\\framework\\src\\Illuminate\\Http\\Middleware\\TrustProxies.php(58): Illuminate\\Pipeline\\Pipeline->Illuminate\\Pipeline\\{closure}(Object(Illuminate\\Http\\Request))
#25 C:\\Users\\Doaa alsattari\\Downloads\\bank-graduation-project-main\\bank-graduation-project-main\\vendor\\laravel\\framework\\src\\Illuminate\\Pipeline\\Pipeline.php(219): Illuminate\\Http\\Middleware\\TrustProxies->handle(Object(Illuminate\\Http\\Request), Object(Closure))
#26 C:\\Users\\Doaa alsattari\\Downloads\\bank-graduation-project-main\\bank-graduation-project-main\\vendor\\laravel\\framework\\src\\Illuminate\\Foundation\\Http\\Middleware\\InvokeDeferredCallbacks.php(22): Illuminate\\Pipeline\\Pipeline->Illuminate\\Pipeline\\{closure}(Object(Illuminate\\Http\\Request))
#27 C:\\Users\\Doaa alsattari\\Downloads\\bank-graduation-project-main\\bank-graduation-project-main\\vendor\\laravel\\framework\\src\\Illuminate\\Pipeline\\Pipeline.php(219): Illuminate\\Foundation\\Http\\Middleware\\InvokeDeferredCallbacks->handle(Object(Illuminate\\Http\\Request), Object(Closure))
#28 C:\\Users\\Doaa alsattari\\Downloads\\bank-graduation-project-main\\bank-graduation-project-main\\vendor\\laravel\\framework\\src\\Illuminate\\Http\\Middleware\\ValidatePathEncoding.php(26): Illuminate\\Pipeline\\Pipeline->Illuminate\\Pipeline\\{closure}(Object(Illuminate\\Http\\Request))
#29 C:\\Users\\Doaa alsattari\\Downloads\\bank-graduation-project-main\\bank-graduation-project-main\\vendor\\laravel\\framework\\src\\Illuminate\\Pipeline\\Pipeline.php(219): Illuminate\\Http\\Middleware\\ValidatePathEncoding->handle(Object(Illuminate\\Http\\Request), Object(Closure))
#30 C:\\Users\\Doaa alsattari\\Downloads\\bank-graduation-project-main\\bank-graduation-project-main\\vendor\\laravel\\framework\\src\\Illuminate\\Pipeline\\Pipeline.php(137): Illuminate\\Pipeline\\Pipeline->Illuminate\\Pipeline\\{closure}(Object(Illuminate\\Http\\Request))
#31 C:\\Users\\Doaa alsattari\\Downloads\\bank-graduation-project-main\\bank-graduation-project-main\\vendor\\laravel\\framework\\src\\Illuminate\\Foundation\\Http\\Kernel.php(175): Illuminate\\Pipeline\\Pipeline->then(Object(Closure))
#32 C:\\Users\\Doaa alsattari\\Downloads\\bank-graduation-project-main\\bank-graduation-project-main\\vendor\\laravel\\framework\\src\\Illuminate\\Foundation\\Http\\Kernel.php(144): Illuminate\\Foundation\\Http\\Kernel->sendRequestThroughRouter(Object(Illuminate\\Http\\Request))
#33 C:\\Users\\Doaa alsattari\\Downloads\\bank-graduation-project-main\\bank-graduation-project-main\\vendor\\laravel\\framework\\src\\Illuminate\\Foundation\\Application.php(1220): Illuminate\\Foundation\\Http\\Kernel->handle(Object(Illuminate\\Http\\Request))
#34 C:\\Users\\Doaa alsattari\\Downloads\\bank-graduation-project-main\\bank-graduation-project-main\\public\\index.php(20): Illuminate\\Foundation\\Application->handleRequest(Object(Illuminate\\Http\\Request))
#35 C:\\Users\\Doaa alsattari\\Downloads\\bank-graduation-project-main\\bank-graduation-project-main\\vendor\\laravel\\framework\\src\\Illuminate\\Foundation\\resources\\server.php(23): require_once('C:\\\\Users\\\\Doaa a...')
#36 {main}
"} 
[2025-10-25 13:10:26] local.ERROR: View [admin.permissions.index] not found. {"userId":5,"exception":"[object] (InvalidArgumentException(code: 0): View [admin.permissions.index] not found. at C:\\Users\\Doaa alsattari\\Downloads\\bank-graduation-project-main\\bank-graduation-project-main\\vendor\\laravel\\framework\\src\\Illuminate\\View\\FileViewFinder.php:138)
[stacktrace]
#0 C:\\Users\\Doaa alsattari\\Downloads\\bank-graduation-project-main\\bank-graduation-project-main\\vendor\\laravel\\framework\\src\\Illuminate\\View\\FileViewFinder.php(78): Illuminate\\View\\FileViewFinder->findInPaths('admin.permissio...', Array)
#1 C:\\Users\\Doaa alsattari\\Downloads\\bank-graduation-project-main\\bank-graduation-project-main\\vendor\\laravel\\framework\\src\\Illuminate\\View\\Factory.php(150): Illuminate\\View\\FileViewFinder->find('admin.permissio...')
#2 C:\\Users\\Doaa alsattari\\Downloads\\bank-graduation-project-main\\bank-graduation-project-main\\vendor\\laravel\\framework\\src\\Illuminate\\Foundation\\helpers.php(1101): Illuminate\\View\\Factory->make('admin.permissio...', Array, Array)
#3 C:\\Users\\Doaa alsattari\\Downloads\\bank-graduation-project-main\\bank-graduation-project-main\\app\\Http\\Controllers\\Admin\\PermissionsManagementController.php(31): view('admin.permissio...', Array)
#4 C:\\Users\\Doaa alsattari\\Downloads\\bank-graduation-project-main\\bank-graduation-project-main\\vendor\\laravel\\framework\\src\\Illuminate\\Routing\\ControllerDispatcher.php(46): App\\Http\\Controllers\\Admin\\PermissionsManagementController->index()
#5 C:\\Users\\Doaa alsattari\\Downloads\\bank-graduation-project-main\\bank-graduation-project-main\\vendor\\laravel\\framework\\src\\Illuminate\\Routing\\Route.php(265): Illuminate\\Routing\\ControllerDispatcher->dispatch(Object(Illuminate\\Routing\\Route), Object(App\\Http\\Controllers\\Admin\\PermissionsManagementController), 'index')
#6 C:\\Users\\Doaa alsattari\\Downloads\\bank-graduation-project-main\\bank-graduation-project-main\\vendor\\laravel\\framework\\src\\Illuminate\\Routing\\Route.php(211): Illuminate\\Routing\\Route->runController()
#7 C:\\Users\\Doaa alsattari\\Downloads\\bank-graduation-project-main\\bank-graduation-project-main\\vendor\\laravel\\framework\\src\\Illuminate\\Routing\\Router.php(822): Illuminate\\Routing\\Route->run()
#8 C:\\Users\\Doaa alsattari\\Downloads\\bank-graduation-project-main\\bank-graduation-project-main\\vendor\\laravel\\framework\\src\\Illuminate\\Pipeline\\Pipeline.php(180): Illuminate\\Routing\\Router->Illuminate\\Routing\\{closure}(Object(Illuminate\\Http\\Request))
#9 C:\\Users\\Doaa alsattari\\Downloads\\bank-graduation-project-main\\bank-graduation-project-main\\app\\Http\\Middleware\\CheckRole.php(27): Illuminate\\Pipeline\\Pipeline->Illuminate\\Pipeline\\{closure}(Object(Illuminate\\Http\\Request))
#10 C:\\Users\\Doaa alsattari\\Downloads\\bank-graduation-project-main\\bank-graduation-project-main\\vendor\\laravel\\framework\\src\\Illuminate\\Pipeline\\Pipeline.php(219): App\\Http\\Middleware\\CheckRole->handle(Object(Illuminate\\Http\\Request), Object(Closure), 'super_admin', 'admin')
#11 C:\\Users\\Doaa alsattari\\Downloads\\bank-graduation-project-main\\bank-graduation-project-main\\app\\Http\\Middleware\\SetLocale.php(28): Illuminate\\Pipeline\\Pipeline->Illuminate\\Pipeline\\{closure}(Object(Illuminate\\Http\\Request))
#12 C:\\Users\\Doaa alsattari\\Downloads\\bank-graduation-project-main\\bank-graduation-project-main\\vendor\\laravel\\framework\\src\\Illuminate\\Pipeline\\Pipeline.php(219): App\\Http\\Middleware\\SetLocale->handle(Object(Illuminate\\Http\\Request), Object(Closure))
#13 C:\\Users\\Doaa alsattari\\Downloads\\bank-graduation-project-main\\bank-graduation-project-main\\vendor\\laravel\\framework\\src\\Illuminate\\Routing\\Middleware\\SubstituteBindings.php(50): Illuminate\\Pipeline\\Pipeline->Illuminate\\Pipeline\\{closure}(Object(Illuminate\\Http\\Request))
#14 C:\\Users\\Doaa alsattari\\Downloads\\bank-graduation-project-main\\bank-graduation-project-main\\vendor\\laravel\\framework\\src\\Illuminate\\Pipeline\\Pipeline.php(219): Illuminate\\Routing\\Middleware\\SubstituteBindings->handle(Object(Illuminate\\Http\\Request), Object(Closure))
#15 C:\\Users\\Doaa alsattari\\Downloads\\bank-graduation-project-main\\bank-graduation-project-main\\vendor\\laravel\\framework\\src\\Illuminate\\Auth\\Middleware\\Authenticate.php(63): Illuminate\\Pipeline\\Pipeline->Illuminate\\Pipeline\\{closure}(Object(Illuminate\\Http\\Request))
#16 C:\\Users\\Doaa alsattari\\Downloads\\bank-graduation-project-main\\bank-graduation-project-main\\vendor\\laravel\\framework\\src\\Illuminate\\Pipeline\\Pipeline.php(219): Illuminate\\Auth\\Middleware\\Authenticate->handle(Object(Illuminate\\Http\\Request), Object(Closure))
#17 C:\\Users\\Doaa alsattari\\Downloads\\bank-graduation-project-main\\bank-graduation-project-main\\vendor\\laravel\\framework\\src\\Illuminate\\Foundation\\Http\\Middleware\\VerifyCsrfToken.php(87): Illuminate\\Pipeline\\Pipeline->Illuminate\\Pipeline\\{closure}(Object(Illuminate\\Http\\Request))
#18 C:\\Users\\Doaa alsattari\\Downloads\\bank-graduation-project-main\\bank-graduation-project-main\\vendor\\laravel\\framework\\src\\Illuminate\\Pipeline\\Pipeline.php(219): Illuminate\\Foundation\\Http\\Middleware\\VerifyCsrfToken->handle(Object(Illuminate\\Http\\Request), Object(Closure))
#19 C:\\Users\\Doaa alsattari\\Downloads\\bank-graduation-project-main\\bank-graduation-project-main\\vendor\\laravel\\framework\\src\\Illuminate\\View\\Middleware\\ShareErrorsFromSession.php(48): Illuminate\\Pipeline\\Pipeline->Illuminate\\Pipeline\\{closure}(Object(Illuminate\\Http\\Request))
#20 C:\\Users\\Doaa alsattari\\Downloads\\bank-graduation-project-main\\bank-graduation-project-main\\vendor\\laravel\\framework\\src\\Illuminate\\Pipeline\\Pipeline.php(219): Illuminate\\View\\Middleware\\ShareErrorsFromSession->handle(Object(Illuminate\\Http\\Request), Object(Closure))
#21 C:\\Users\\Doaa alsattari\\Downloads\\bank-graduation-project-main\\bank-graduation-project-main\\vendor\\laravel\\framework\\src\\Illuminate\\Session\\Middleware\\StartSession.php(120): Illuminate\\Pipeline\\Pipeline->Illuminate\\Pipeline\\{closure}(Object(Illuminate\\Http\\Request))
#22 C:\\Users\\Doaa alsattari\\Downloads\\bank-graduation-project-main\\bank-graduation-project-main\\vendor\\laravel\\framework\\src\\Illuminate\\Session\\Middleware\\StartSession.php(63): Illuminate\\Session\\Middleware\\StartSession->handleStatefulRequest(Object(Illuminate\\Http\\Request), Object(Illuminate\\Session\\Store), Object(Closure))
#23 C:\\Users\\Doaa alsattari\\Downloads\\bank-graduation-project-main\\bank-graduation-project-main\\vendor\\laravel\\framework\\src\\Illuminate\\Pipeline\\Pipeline.php(219): Illuminate\\Session\\Middleware\\StartSession->handle(Object(Illuminate\\Http\\Request), Object(Closure))
#24 C:\\Users\\Doaa alsattari\\Downloads\\bank-graduation-project-main\\bank-graduation-project-main\\vendor\\laravel\\framework\\src\\Illuminate\\Cookie\\Middleware\\AddQueuedCookiesToResponse.php(36): Illuminate\\Pipeline\\Pipeline->Illuminate\\Pipeline\\{closure}(Object(Illuminate\\Http\\Request))
#25 C:\\Users\\Doaa alsattari\\Downloads\\bank-graduation-project-main\\bank-graduation-project-main\\vendor\\laravel\\framework\\src\\Illuminate\\Pipeline\\Pipeline.php(219): Illuminate\\Cookie\\Middleware\\AddQueuedCookiesToResponse->handle(Object(Illuminate\\Http\\Request), Object(Closure))
#26 C:\\Users\\Doaa alsattari\\Downloads\\bank-graduation-project-main\\bank-graduation-project-main\\vendor\\laravel\\framework\\src\\Illuminate\\Cookie\\Middleware\\EncryptCookies.php(74): Illuminate\\Pipeline\\Pipeline->Illuminate\\Pipeline\\{closure}(Object(Illuminate\\Http\\Request))
#27 C:\\Users\\Doaa alsattari\\Downloads\\bank-graduation-project-main\\bank-graduation-project-main\\vendor\\laravel\\framework\\src\\Illuminate\\Pipeline\\Pipeline.php(219): Illuminate\\Cookie\\Middleware\\EncryptCookies->handle(Object(Illuminate\\Http\\Request), Object(Closure))
#28 C:\\Users\\Doaa alsattari\\Downloads\\bank-graduation-project-main\\bank-graduation-project-main\\vendor\\laravel\\framework\\src\\Illuminate\\Pipeline\\Pipeline.php(137): Illuminate\\Pipeline\\Pipeline->Illuminate\\Pipeline\\{closure}(Object(Illuminate\\Http\\Request))
#29 C:\\Users\\Doaa alsattari\\Downloads\\bank-graduation-project-main\\bank-graduation-project-main\\vendor\\laravel\\framework\\src\\Illuminate\\Routing\\Router.php(821): Illuminate\\Pipeline\\Pipeline->then(Object(Closure))
#30 C:\\Users\\Doaa alsattari\\Downloads\\bank-graduation-project-main\\bank-graduation-project-main\\vendor\\laravel\\framework\\src\\Illuminate\\Routing\\Router.php(800): Illuminate\\Routing\\Router->runRouteWithinStack(Object(Illuminate\\Routing\\Route), Object(Illuminate\\Http\\Request))
#31 C:\\Users\\Doaa alsattari\\Downloads\\bank-graduation-project-main\\bank-graduation-project-main\\vendor\\laravel\\framework\\src\\Illuminate\\Routing\\Router.php(764): Illuminate\\Routing\\Router->runRoute(Object(Illuminate\\Http\\Request), Object(Illuminate\\Routing\\Route))
#32 C:\\Users\\Doaa alsattari\\Downloads\\bank-graduation-project-main\\bank-graduation-project-main\\vendor\\laravel\\framework\\src\\Illuminate\\Routing\\Router.php(753): Illuminate\\Routing\\Router->dispatchToRoute(Object(Illuminate\\Http\\Request))
#33 C:\\Users\\Doaa alsattari\\Downloads\\bank-graduation-project-main\\bank-graduation-project-main\\vendor\\laravel\\framework\\src\\Illuminate\\Foundation\\Http\\Kernel.php(200): Illuminate\\Routing\\Router->dispatch(Object(Illuminate\\Http\\Request))
#34 C:\\Users\\Doaa alsattari\\Downloads\\bank-graduation-project-main\\bank-graduation-project-main\\vendor\\laravel\\framework\\src\\Illuminate\\Pipeline\\Pipeline.php(180): Illuminate\\Foundation\\Http\\Kernel->Illuminate\\Foundation\\Http\\{closure}(Object(Illuminate\\Http\\Request))
#35 C:\\Users\\Doaa alsattari\\Downloads\\bank-graduation-project-main\\bank-graduation-project-main\\vendor\\laravel\\framework\\src\\Illuminate\\Foundation\\Http\\Middleware\\TransformsRequest.php(21): Illuminate\\Pipeline\\Pipeline->Illuminate\\Pipeline\\{closure}(Object(Illuminate\\Http\\Request))
#36 C:\\Users\\Doaa alsattari\\Downloads\\bank-graduation-project-main\\bank-graduation-project-main\\vendor\\laravel\\framework\\src\\Illuminate\\Foundation\\Http\\Middleware\\ConvertEmptyStringsToNull.php(31): Illuminate\\Foundation\\Http\\Middleware\\TransformsRequest->handle(Object(Illuminate\\Http\\Request), Object(Closure))
#37 C:\\Users\\Doaa alsattari\\Downloads\\bank-graduation-project-main\\bank-graduation-project-main\\vendor\\laravel\\framework\\src\\Illuminate\\Pipeline\\Pipeline.php(219): Illuminate\\Foundation\\Http\\Middleware\\ConvertEmptyStringsToNull->handle(Object(Illuminate\\Http\\Request), Object(Closure))
#38 C:\\Users\\Doaa alsattari\\Downloads\\bank-graduation-project-main\\bank-graduation-project-main\\vendor\\laravel\\framework\\src\\Illuminate\\Foundation\\Http\\Middleware\\TransformsRequest.php(21): Illuminate\\Pipeline\\Pipeline->Illuminate\\Pipeline\\{closure}(Object(Illuminate\\Http\\Request))
#39 C:\\Users\\Doaa alsattari\\Downloads\\bank-graduation-project-main\\bank-graduation-project-main\\vendor\\laravel\\framework\\src\\Illuminate\\Foundation\\Http\\Middleware\\TrimStrings.php(51): Illuminate\\Foundation\\Http\\Middleware\\TransformsRequest->handle(Object(Illuminate\\Http\\Request), Object(Closure))
#40 C:\\Users\\Doaa alsattari\\Downloads\\bank-graduation-project-main\\bank-graduation-project-main\\vendor\\laravel\\framework\\src\\Illuminate\\Pipeline\\Pipeline.php(219): Illuminate\\Foundation\\Http\\Middleware\\TrimStrings->handle(Object(Illuminate\\Http\\Request), Object(Closure))
#41 C:\\Users\\Doaa alsattari\\Downloads\\bank-graduation-project-main\\bank-graduation-project-main\\vendor\\laravel\\framework\\src\\Illuminate\\Http\\Middleware\\ValidatePostSize.php(27): Illuminate\\Pipeline\\Pipeline->Illuminate\\Pipeline\\{closure}(Object(Illuminate\\Http\\Request))
#42 C:\\Users\\Doaa alsattari\\Downloads\\bank-graduation-project-main\\bank-graduation-project-main\\vendor\\laravel\\framework\\src\\Illuminate\\Pipeline\\Pipeline.php(219): Illuminate\\Http\\Middleware\\ValidatePostSize->handle(Object(Illuminate\\Http\\Request), Object(Closure))
#43 C:\\Users\\Doaa alsattari\\Downloads\\bank-graduation-project-main\\bank-graduation-project-main\\vendor\\laravel\\framework\\src\\Illuminate\\Foundation\\Http\\Middleware\\PreventRequestsDuringMaintenance.php(109): Illuminate\\Pipeline\\Pipeline->Illuminate\\Pipeline\\{closure}(Object(Illuminate\\Http\\Request))
#44 C:\\Users\\Doaa alsattari\\Downloads\\bank-graduation-project-main\\bank-graduation-project-main\\vendor\\laravel\\framework\\src\\Illuminate\\Pipeline\\Pipeline.php(219): Illuminate\\Foundation\\Http\\Middleware\\PreventRequestsDuringMaintenance->handle(Object(Illuminate\\Http\\Request), Object(Closure))
#45 C:\\Users\\Doaa alsattari\\Downloads\\bank-graduation-project-main\\bank-graduation-project-main\\vendor\\laravel\\framework\\src\\Illuminate\\Http\\Middleware\\HandleCors.php(48): Illuminate\\Pipeline\\Pipeline->Illuminate\\Pipeline\\{closure}(Object(Illuminate\\Http\\Request))
#46 C:\\Users\\Doaa alsattari\\Downloads\\bank-graduation-project-main\\bank-graduation-project-main\\vendor\\laravel\\framework\\src\\Illuminate\\Pipeline\\Pipeline.php(219): Illuminate\\Http\\Middleware\\HandleCors->handle(Object(Illuminate\\Http\\Request), Object(Closure))
#47 C:\\Users\\Doaa alsattari\\Downloads\\bank-graduation-project-main\\bank-graduation-project-main\\vendor\\laravel\\framework\\src\\Illuminate\\Http\\Middleware\\TrustProxies.php(58): Illuminate\\Pipeline\\Pipeline->Illuminate\\Pipeline\\{closure}(Object(Illuminate\\Http\\Request))
#48 C:\\Users\\Doaa alsattari\\Downloads\\bank-graduation-project-main\\bank-graduation-project-main\\vendor\\laravel\\framework\\src\\Illuminate\\Pipeline\\Pipeline.php(219): Illuminate\\Http\\Middleware\\TrustProxies->handle(Object(Illuminate\\Http\\Request), Object(Closure))
#49 C:\\Users\\Doaa alsattari\\Downloads\\bank-graduation-project-main\\bank-graduation-project-main\\vendor\\laravel\\framework\\src\\Illuminate\\Foundation\\Http\\Middleware\\InvokeDeferredCallbacks.php(22): Illuminate\\Pipeline\\Pipeline->Illuminate\\Pipeline\\{closure}(Object(Illuminate\\Http\\Request))
#50 C:\\Users\\Doaa alsattari\\Downloads\\bank-graduation-project-main\\bank-graduation-project-main\\vendor\\laravel\\framework\\src\\Illuminate\\Pipeline\\Pipeline.php(219): Illuminate\\Foundation\\Http\\Middleware\\InvokeDeferredCallbacks->handle(Object(Illuminate\\Http\\Request), Object(Closure))
#51 C:\\Users\\Doaa alsattari\\Downloads\\bank-graduation-project-main\\bank-graduation-project-main\\vendor\\laravel\\framework\\src\\Illuminate\\Http\\Middleware\\ValidatePathEncoding.php(26): Illuminate\\Pipeline\\Pipeline->Illuminate\\Pipeline\\{closure}(Object(Illuminate\\Http\\Request))
#52 C:\\Users\\Doaa alsattari\\Downloads\\bank-graduation-project-main\\bank-graduation-project-main\\vendor\\laravel\\framework\\src\\Illuminate\\Pipeline\\Pipeline.php(219): Illuminate\\Http\\Middleware\\ValidatePathEncoding->handle(Object(Illuminate\\Http\\Request), Object(Closure))
#53 C:\\Users\\Doaa alsattari\\Downloads\\bank-graduation-project-main\\bank-graduation-project-main\\vendor\\laravel\\framework\\src\\Illuminate\\Pipeline\\Pipeline.php(137): Illuminate\\Pipeline\\Pipeline->Illuminate\\Pipeline\\{closure}(Object(Illuminate\\Http\\Request))
#54 C:\\Users\\Doaa alsattari\\Downloads\\bank-graduation-project-main\\bank-graduation-project-main\\vendor\\laravel\\framework\\src\\Illuminate\\Foundation\\Http\\Kernel.php(175): Illuminate\\Pipeline\\Pipeline->then(Object(Closure))
#55 C:\\Users\\Doaa alsattari\\Downloads\\bank-graduation-project-main\\bank-graduation-project-main\\vendor\\laravel\\framework\\src\\Illuminate\\Foundation\\Http\\Kernel.php(144): Illuminate\\Foundation\\Http\\Kernel->sendRequestThroughRouter(Object(Illuminate\\Http\\Request))
#56 C:\\Users\\Doaa alsattari\\Downloads\\bank-graduation-project-main\\bank-graduation-project-main\\vendor\\laravel\\framework\\src\\Illuminate\\Foundation\\Application.php(1220): Illuminate\\Foundation\\Http\\Kernel->handle(Object(Illuminate\\Http\\Request))
#57 C:\\Users\\Doaa alsattari\\Downloads\\bank-graduation-project-main\\bank-graduation-project-main\\public\\index.php(20): Illuminate\\Foundation\\Application->handleRequest(Object(Illuminate\\Http\\Request))
#58 C:\\Users\\Doaa alsattari\\Downloads\\bank-graduation-project-main\\bank-graduation-project-main\\vendor\\laravel\\framework\\src\\Illuminate\\Foundation\\resources\\server.php(23): require_once('C:\\\\Users\\\\Doaa a...')
#59 {main}
"} 
[2025-10-25 13:14:50] local.ERROR: View [admin.permissions.index] not found. {"userId":5,"exception":"[object] (InvalidArgumentException(code: 0): View [admin.permissions.index] not found. at C:\\Users\\Doaa alsattari\\Downloads\\bank-graduation-project-main\\bank-graduation-project-main\\vendor\\laravel\\framework\\src\\Illuminate\\View\\FileViewFinder.php:138)
[stacktrace]
#0 C:\\Users\\Doaa alsattari\\Downloads\\bank-graduation-project-main\\bank-graduation-project-main\\vendor\\laravel\\framework\\src\\Illuminate\\View\\FileViewFinder.php(78): Illuminate\\View\\FileViewFinder->findInPaths('admin.permissio...', Array)
#1 C:\\Users\\Doaa alsattari\\Downloads\\bank-graduation-project-main\\bank-graduation-project-main\\vendor\\laravel\\framework\\src\\Illuminate\\View\\Factory.php(150): Illuminate\\View\\FileViewFinder->find('admin.permissio...')
#2 C:\\Users\\Doaa alsattari\\Downloads\\bank-graduation-project-main\\bank-graduation-project-main\\vendor\\laravel\\framework\\src\\Illuminate\\Foundation\\helpers.php(1101): Illuminate\\View\\Factory->make('admin.permissio...', Array, Array)
#3 C:\\Users\\Doaa alsattari\\Downloads\\bank-graduation-project-main\\bank-graduation-project-main\\app\\Http\\Controllers\\Admin\\PermissionsManagementController.php(31): view('admin.permissio...', Array)
#4 C:\\Users\\Doaa alsattari\\Downloads\\bank-graduation-project-main\\bank-graduation-project-main\\vendor\\laravel\\framework\\src\\Illuminate\\Routing\\ControllerDispatcher.php(46): App\\Http\\Controllers\\Admin\\PermissionsManagementController->index()
#5 C:\\Users\\Doaa alsattari\\Downloads\\bank-graduation-project-main\\bank-graduation-project-main\\vendor\\laravel\\framework\\src\\Illuminate\\Routing\\Route.php(265): Illuminate\\Routing\\ControllerDispatcher->dispatch(Object(Illuminate\\Routing\\Route), Object(App\\Http\\Controllers\\Admin\\PermissionsManagementController), 'index')
#6 C:\\Users\\Doaa alsattari\\Downloads\\bank-graduation-project-main\\bank-graduation-project-main\\vendor\\laravel\\framework\\src\\Illuminate\\Routing\\Route.php(211): Illuminate\\Routing\\Route->runController()
#7 C:\\Users\\Doaa alsattari\\Downloads\\bank-graduation-project-main\\bank-graduation-project-main\\vendor\\laravel\\framework\\src\\Illuminate\\Routing\\Router.php(822): Illuminate\\Routing\\Route->run()
#8 C:\\Users\\Doaa alsattari\\Downloads\\bank-graduation-project-main\\bank-graduation-project-main\\vendor\\laravel\\framework\\src\\Illuminate\\Pipeline\\Pipeline.php(180): Illuminate\\Routing\\Router->Illuminate\\Routing\\{closure}(Object(Illuminate\\Http\\Request))
#9 C:\\Users\\Doaa alsattari\\Downloads\\bank-graduation-project-main\\bank-graduation-project-main\\app\\Http\\Middleware\\CheckRole.php(27): Illuminate\\Pipeline\\Pipeline->Illuminate\\Pipeline\\{closure}(Object(Illuminate\\Http\\Request))
#10 C:\\Users\\Doaa alsattari\\Downloads\\bank-graduation-project-main\\bank-graduation-project-main\\vendor\\laravel\\framework\\src\\Illuminate\\Pipeline\\Pipeline.php(219): App\\Http\\Middleware\\CheckRole->handle(Object(Illuminate\\Http\\Request), Object(Closure), 'super_admin', 'admin')
#11 C:\\Users\\Doaa alsattari\\Downloads\\bank-graduation-project-main\\bank-graduation-project-main\\app\\Http\\Middleware\\SetLocale.php(28): Illuminate\\Pipeline\\Pipeline->Illuminate\\Pipeline\\{closure}(Object(Illuminate\\Http\\Request))
#12 C:\\Users\\Doaa alsattari\\Downloads\\bank-graduation-project-main\\bank-graduation-project-main\\vendor\\laravel\\framework\\src\\Illuminate\\Pipeline\\Pipeline.php(219): App\\Http\\Middleware\\SetLocale->handle(Object(Illuminate\\Http\\Request), Object(Closure))
#13 C:\\Users\\Doaa alsattari\\Downloads\\bank-graduation-project-main\\bank-graduation-project-main\\vendor\\laravel\\framework\\src\\Illuminate\\Routing\\Middleware\\SubstituteBindings.php(50): Illuminate\\Pipeline\\Pipeline->Illuminate\\Pipeline\\{closure}(Object(Illuminate\\Http\\Request))
#14 C:\\Users\\Doaa alsattari\\Downloads\\bank-graduation-project-main\\bank-graduation-project-main\\vendor\\laravel\\framework\\src\\Illuminate\\Pipeline\\Pipeline.php(219): Illuminate\\Routing\\Middleware\\SubstituteBindings->handle(Object(Illuminate\\Http\\Request), Object(Closure))
#15 C:\\Users\\Doaa alsattari\\Downloads\\bank-graduation-project-main\\bank-graduation-project-main\\vendor\\laravel\\framework\\src\\Illuminate\\Auth\\Middleware\\Authenticate.php(63): Illuminate\\Pipeline\\Pipeline->Illuminate\\Pipeline\\{closure}(Object(Illuminate\\Http\\Request))
#16 C:\\Users\\Doaa alsattari\\Downloads\\bank-graduation-project-main\\bank-graduation-project-main\\vendor\\laravel\\framework\\src\\Illuminate\\Pipeline\\Pipeline.php(219): Illuminate\\Auth\\Middleware\\Authenticate->handle(Object(Illuminate\\Http\\Request), Object(Closure))
#17 C:\\Users\\Doaa alsattari\\Downloads\\bank-graduation-project-main\\bank-graduation-project-main\\vendor\\laravel\\framework\\src\\Illuminate\\Foundation\\Http\\Middleware\\VerifyCsrfToken.php(87): Illuminate\\Pipeline\\Pipeline->Illuminate\\Pipeline\\{closure}(Object(Illuminate\\Http\\Request))
#18 C:\\Users\\Doaa alsattari\\Downloads\\bank-graduation-project-main\\bank-graduation-project-main\\vendor\\laravel\\framework\\src\\Illuminate\\Pipeline\\Pipeline.php(219): Illuminate\\Foundation\\Http\\Middleware\\VerifyCsrfToken->handle(Object(Illuminate\\Http\\Request), Object(Closure))
#19 C:\\Users\\Doaa alsattari\\Downloads\\bank-graduation-project-main\\bank-graduation-project-main\\vendor\\laravel\\framework\\src\\Illuminate\\View\\Middleware\\ShareErrorsFromSession.php(48): Illuminate\\Pipeline\\Pipeline->Illuminate\\Pipeline\\{closure}(Object(Illuminate\\Http\\Request))
#20 C:\\Users\\Doaa alsattari\\Downloads\\bank-graduation-project-main\\bank-graduation-project-main\\vendor\\laravel\\framework\\src\\Illuminate\\Pipeline\\Pipeline.php(219): Illuminate\\View\\Middleware\\ShareErrorsFromSession->handle(Object(Illuminate\\Http\\Request), Object(Closure))
#21 C:\\Users\\Doaa alsattari\\Downloads\\bank-graduation-project-main\\bank-graduation-project-main\\vendor\\laravel\\framework\\src\\Illuminate\\Session\\Middleware\\StartSession.php(120): Illuminate\\Pipeline\\Pipeline->Illuminate\\Pipeline\\{closure}(Object(Illuminate\\Http\\Request))
#22 C:\\Users\\Doaa alsattari\\Downloads\\bank-graduation-project-main\\bank-graduation-project-main\\vendor\\laravel\\framework\\src\\Illuminate\\Session\\Middleware\\StartSession.php(63): Illuminate\\Session\\Middleware\\StartSession->handleStatefulRequest(Object(Illuminate\\Http\\Request), Object(Illuminate\\Session\\Store), Object(Closure))
#23 C:\\Users\\Doaa alsattari\\Downloads\\bank-graduation-project-main\\bank-graduation-project-main\\vendor\\laravel\\framework\\src\\Illuminate\\Pipeline\\Pipeline.php(219): Illuminate\\Session\\Middleware\\StartSession->handle(Object(Illuminate\\Http\\Request), Object(Closure))
#24 C:\\Users\\Doaa alsattari\\Downloads\\bank-graduation-project-main\\bank-graduation-project-main\\vendor\\laravel\\framework\\src\\Illuminate\\Cookie\\Middleware\\AddQueuedCookiesToResponse.php(36): Illuminate\\Pipeline\\Pipeline->Illuminate\\Pipeline\\{closure}(Object(Illuminate\\Http\\Request))
#25 C:\\Users\\Doaa alsattari\\Downloads\\bank-graduation-project-main\\bank-graduation-project-main\\vendor\\laravel\\framework\\src\\Illuminate\\Pipeline\\Pipeline.php(219): Illuminate\\Cookie\\Middleware\\AddQueuedCookiesToResponse->handle(Object(Illuminate\\Http\\Request), Object(Closure))
#26 C:\\Users\\Doaa alsattari\\Downloads\\bank-graduation-project-main\\bank-graduation-project-main\\vendor\\laravel\\framework\\src\\Illuminate\\Cookie\\Middleware\\EncryptCookies.php(74): Illuminate\\Pipeline\\Pipeline->Illuminate\\Pipeline\\{closure}(Object(Illuminate\\Http\\Request))
#27 C:\\Users\\Doaa alsattari\\Downloads\\bank-graduation-project-main\\bank-graduation-project-main\\vendor\\laravel\\framework\\src\\Illuminate\\Pipeline\\Pipeline.php(219): Illuminate\\Cookie\\Middleware\\EncryptCookies->handle(Object(Illuminate\\Http\\Request), Object(Closure))
#28 C:\\Users\\Doaa alsattari\\Downloads\\bank-graduation-project-main\\bank-graduation-project-main\\vendor\\laravel\\framework\\src\\Illuminate\\Pipeline\\Pipeline.php(137): Illuminate\\Pipeline\\Pipeline->Illuminate\\Pipeline\\{closure}(Object(Illuminate\\Http\\Request))
#29 C:\\Users\\Doaa alsattari\\Downloads\\bank-graduation-project-main\\bank-graduation-project-main\\vendor\\laravel\\framework\\src\\Illuminate\\Routing\\Router.php(821): Illuminate\\Pipeline\\Pipeline->then(Object(Closure))
#30 C:\\Users\\Doaa alsattari\\Downloads\\bank-graduation-project-main\\bank-graduation-project-main\\vendor\\laravel\\framework\\src\\Illuminate\\Routing\\Router.php(800): Illuminate\\Routing\\Router->runRouteWithinStack(Object(Illuminate\\Routing\\Route), Object(Illuminate\\Http\\Request))
#31 C:\\Users\\Doaa alsattari\\Downloads\\bank-graduation-project-main\\bank-graduation-project-main\\vendor\\laravel\\framework\\src\\Illuminate\\Routing\\Router.php(764): Illuminate\\Routing\\Router->runRoute(Object(Illuminate\\Http\\Request), Object(Illuminate\\Routing\\Route))
#32 C:\\Users\\Doaa alsattari\\Downloads\\bank-graduation-project-main\\bank-graduation-project-main\\vendor\\laravel\\framework\\src\\Illuminate\\Routing\\Router.php(753): Illuminate\\Routing\\Router->dispatchToRoute(Object(Illuminate\\Http\\Request))
#33 C:\\Users\\Doaa alsattari\\Downloads\\bank-graduation-project-main\\bank-graduation-project-main\\vendor\\laravel\\framework\\src\\Illuminate\\Foundation\\Http\\Kernel.php(200): Illuminate\\Routing\\Router->dispatch(Object(Illuminate\\Http\\Request))
#34 C:\\Users\\Doaa alsattari\\Downloads\\bank-graduation-project-main\\bank-graduation-project-main\\vendor\\laravel\\framework\\src\\Illuminate\\Pipeline\\Pipeline.php(180): Illuminate\\Foundation\\Http\\Kernel->Illuminate\\Foundation\\Http\\{closure}(Object(Illuminate\\Http\\Request))
#35 C:\\Users\\Doaa alsattari\\Downloads\\bank-graduation-project-main\\bank-graduation-project-main\\vendor\\laravel\\framework\\src\\Illuminate\\Foundation\\Http\\Middleware\\TransformsRequest.php(21): Illuminate\\Pipeline\\Pipeline->Illuminate\\Pipeline\\{closure}(Object(Illuminate\\Http\\Request))
#36 C:\\Users\\Doaa alsattari\\Downloads\\bank-graduation-project-main\\bank-graduation-project-main\\vendor\\laravel\\framework\\src\\Illuminate\\Foundation\\Http\\Middleware\\ConvertEmptyStringsToNull.php(31): Illuminate\\Foundation\\Http\\Middleware\\TransformsRequest->handle(Object(Illuminate\\Http\\Request), Object(Closure))
#37 C:\\Users\\Doaa alsattari\\Downloads\\bank-graduation-project-main\\bank-graduation-project-main\\vendor\\laravel\\framework\\src\\Illuminate\\Pipeline\\Pipeline.php(219): Illuminate\\Foundation\\Http\\Middleware\\ConvertEmptyStringsToNull->handle(Object(Illuminate\\Http\\Request), Object(Closure))
#38 C:\\Users\\Doaa alsattari\\Downloads\\bank-graduation-project-main\\bank-graduation-project-main\\vendor\\laravel\\framework\\src\\Illuminate\\Foundation\\Http\\Middleware\\TransformsRequest.php(21): Illuminate\\Pipeline\\Pipeline->Illuminate\\Pipeline\\{closure}(Object(Illuminate\\Http\\Request))
#39 C:\\Users\\Doaa alsattari\\Downloads\\bank-graduation-project-main\\bank-graduation-project-main\\vendor\\laravel\\framework\\src\\Illuminate\\Foundation\\Http\\Middleware\\TrimStrings.php(51): Illuminate\\Foundation\\Http\\Middleware\\TransformsRequest->handle(Object(Illuminate\\Http\\Request), Object(Closure))
#40 C:\\Users\\Doaa alsattari\\Downloads\\bank-graduation-project-main\\bank-graduation-project-main\\vendor\\laravel\\framework\\src\\Illuminate\\Pipeline\\Pipeline.php(219): Illuminate\\Foundation\\Http\\Middleware\\TrimStrings->handle(Object(Illuminate\\Http\\Request), Object(Closure))
#41 C:\\Users\\Doaa alsattari\\Downloads\\bank-graduation-project-main\\bank-graduation-project-main\\vendor\\laravel\\framework\\src\\Illuminate\\Http\\Middleware\\ValidatePostSize.php(27): Illuminate\\Pipeline\\Pipeline->Illuminate\\Pipeline\\{closure}(Object(Illuminate\\Http\\Request))
#42 C:\\Users\\Doaa alsattari\\Downloads\\bank-graduation-project-main\\bank-graduation-project-main\\vendor\\laravel\\framework\\src\\Illuminate\\Pipeline\\Pipeline.php(219): Illuminate\\Http\\Middleware\\ValidatePostSize->handle(Object(Illuminate\\Http\\Request), Object(Closure))
#43 C:\\Users\\Doaa alsattari\\Downloads\\bank-graduation-project-main\\bank-graduation-project-main\\vendor\\laravel\\framework\\src\\Illuminate\\Foundation\\Http\\Middleware\\PreventRequestsDuringMaintenance.php(109): Illuminate\\Pipeline\\Pipeline->Illuminate\\Pipeline\\{closure}(Object(Illuminate\\Http\\Request))
#44 C:\\Users\\Doaa alsattari\\Downloads\\bank-graduation-project-main\\bank-graduation-project-main\\vendor\\laravel\\framework\\src\\Illuminate\\Pipeline\\Pipeline.php(219): Illuminate\\Foundation\\Http\\Middleware\\PreventRequestsDuringMaintenance->handle(Object(Illuminate\\Http\\Request), Object(Closure))
#45 C:\\Users\\Doaa alsattari\\Downloads\\bank-graduation-project-main\\bank-graduation-project-main\\vendor\\laravel\\framework\\src\\Illuminate\\Http\\Middleware\\HandleCors.php(48): Illuminate\\Pipeline\\Pipeline->Illuminate\\Pipeline\\{closure}(Object(Illuminate\\Http\\Request))
#46 C:\\Users\\Doaa alsattari\\Downloads\\bank-graduation-project-main\\bank-graduation-project-main\\vendor\\laravel\\framework\\src\\Illuminate\\Pipeline\\Pipeline.php(219): Illuminate\\Http\\Middleware\\HandleCors->handle(Object(Illuminate\\Http\\Request), Object(Closure))
#47 C:\\Users\\Doaa alsattari\\Downloads\\bank-graduation-project-main\\bank-graduation-project-main\\vendor\\laravel\\framework\\src\\Illuminate\\Http\\Middleware\\TrustProxies.php(58): Illuminate\\Pipeline\\Pipeline->Illuminate\\Pipeline\\{closure}(Object(Illuminate\\Http\\Request))
#48 C:\\Users\\Doaa alsattari\\Downloads\\bank-graduation-project-main\\bank-graduation-project-main\\vendor\\laravel\\framework\\src\\Illuminate\\Pipeline\\Pipeline.php(219): Illuminate\\Http\\Middleware\\TrustProxies->handle(Object(Illuminate\\Http\\Request), Object(Closure))
#49 C:\\Users\\Doaa alsattari\\Downloads\\bank-graduation-project-main\\bank-graduation-project-main\\vendor\\laravel\\framework\\src\\Illuminate\\Foundation\\Http\\Middleware\\InvokeDeferredCallbacks.php(22): Illuminate\\Pipeline\\Pipeline->Illuminate\\Pipeline\\{closure}(Object(Illuminate\\Http\\Request))
#50 C:\\Users\\Doaa alsattari\\Downloads\\bank-graduation-project-main\\bank-graduation-project-main\\vendor\\laravel\\framework\\src\\Illuminate\\Pipeline\\Pipeline.php(219): Illuminate\\Foundation\\Http\\Middleware\\InvokeDeferredCallbacks->handle(Object(Illuminate\\Http\\Request), Object(Closure))
#51 C:\\Users\\Doaa alsattari\\Downloads\\bank-graduation-project-main\\bank-graduation-project-main\\vendor\\laravel\\framework\\src\\Illuminate\\Http\\Middleware\\ValidatePathEncoding.php(26): Illuminate\\Pipeline\\Pipeline->Illuminate\\Pipeline\\{closure}(Object(Illuminate\\Http\\Request))
#52 C:\\Users\\Doaa alsattari\\Downloads\\bank-graduation-project-main\\bank-graduation-project-main\\vendor\\laravel\\framework\\src\\Illuminate\\Pipeline\\Pipeline.php(219): Illuminate\\Http\\Middleware\\ValidatePathEncoding->handle(Object(Illuminate\\Http\\Request), Object(Closure))
#53 C:\\Users\\Doaa alsattari\\Downloads\\bank-graduation-project-main\\bank-graduation-project-main\\vendor\\laravel\\framework\\src\\Illuminate\\Pipeline\\Pipeline.php(137): Illuminate\\Pipeline\\Pipeline->Illuminate\\Pipeline\\{closure}(Object(Illuminate\\Http\\Request))
#54 C:\\Users\\Doaa alsattari\\Downloads\\bank-graduation-project-main\\bank-graduation-project-main\\vendor\\laravel\\framework\\src\\Illuminate\\Foundation\\Http\\Kernel.php(175): Illuminate\\Pipeline\\Pipeline->then(Object(Closure))
#55 C:\\Users\\Doaa alsattari\\Downloads\\bank-graduation-project-main\\bank-graduation-project-main\\vendor\\laravel\\framework\\src\\Illuminate\\Foundation\\Http\\Kernel.php(144): Illuminate\\Foundation\\Http\\Kernel->sendRequestThroughRouter(Object(Illuminate\\Http\\Request))
#56 C:\\Users\\Doaa alsattari\\Downloads\\bank-graduation-project-main\\bank-graduation-project-main\\vendor\\laravel\\framework\\src\\Illuminate\\Foundation\\Application.php(1220): Illuminate\\Foundation\\Http\\Kernel->handle(Object(Illuminate\\Http\\Request))
#57 C:\\Users\\Doaa alsattari\\Downloads\\bank-graduation-project-main\\bank-graduation-project-main\\public\\index.php(20): Illuminate\\Foundation\\Application->handleRequest(Object(Illuminate\\Http\\Request))
#58 C:\\Users\\Doaa alsattari\\Downloads\\bank-graduation-project-main\\bank-graduation-project-main\\vendor\\laravel\\framework\\src\\Illuminate\\Foundation\\resources\\server.php(23): require_once('C:\\\\Users\\\\Doaa a...')
#59 {main}
"} 
[2025-10-25 13:15:23] local.ERROR: Undefined variable $user (View: C:\Users\Doaa alsattari\Downloads\bank-graduation-project-main\bank-graduation-project-main\resources\views\admin\permissions\index.blade.php) {"userId":5,"exception":"[object] (Illuminate\\View\\ViewException(code: 0): Undefined variable $user (View: C:\\Users\\Doaa alsattari\\Downloads\\bank-graduation-project-main\\bank-graduation-project-main\\resources\\views\\admin\\permissions\\index.blade.php) at C:\\Users\\Doaa alsattari\\Downloads\\bank-graduation-project-main\\bank-graduation-project-main\\storage\\framework\\views\\1b594d973a107e2570f662f7b9cfc45f.php:8)
[stacktrace]
#0 C:\\Users\\Doaa alsattari\\Downloads\\bank-graduation-project-main\\bank-graduation-project-main\\vendor\\laravel\\framework\\src\\Illuminate\\View\\Engines\\PhpEngine.php(59): Illuminate\\View\\Engines\\CompilerEngine->handleViewException(Object(ErrorException), 1)
#1 C:\\Users\\Doaa alsattari\\Downloads\\bank-graduation-project-main\\bank-graduation-project-main\\vendor\\laravel\\framework\\src\\Illuminate\\View\\Engines\\CompilerEngine.php(76): Illuminate\\View\\Engines\\PhpEngine->evaluatePath('C:\\\\Users\\\\Doaa a...', Array)
#2 C:\\Users\\Doaa alsattari\\Downloads\\bank-graduation-project-main\\bank-graduation-project-main\\vendor\\laravel\\framework\\src\\Illuminate\\View\\View.php(208): Illuminate\\View\\Engines\\CompilerEngine->get('C:\\\\Users\\\\Doaa a...', Array)
#3 C:\\Users\\Doaa alsattari\\Downloads\\bank-graduation-project-main\\bank-graduation-project-main\\vendor\\laravel\\framework\\src\\Illuminate\\View\\View.php(191): Illuminate\\View\\View->getContents()
#4 C:\\Users\\Doaa alsattari\\Downloads\\bank-graduation-project-main\\bank-graduation-project-main\\vendor\\laravel\\framework\\src\\Illuminate\\View\\View.php(160): Illuminate\\View\\View->renderContents()
#5 C:\\Users\\Doaa alsattari\\Downloads\\bank-graduation-project-main\\bank-graduation-project-main\\vendor\\laravel\\framework\\src\\Illuminate\\Http\\Response.php(78): Illuminate\\View\\View->render()
#6 C:\\Users\\Doaa alsattari\\Downloads\\bank-graduation-project-main\\bank-graduation-project-main\\vendor\\laravel\\framework\\src\\Illuminate\\Http\\Response.php(34): Illuminate\\Http\\Response->setContent(Object(Illuminate\\View\\View))
#7 C:\\Users\\Doaa alsattari\\Downloads\\bank-graduation-project-main\\bank-graduation-project-main\\vendor\\laravel\\framework\\src\\Illuminate\\Routing\\Router.php(939): Illuminate\\Http\\Response->__construct(Object(Illuminate\\View\\View), 200, Array)
#8 C:\\Users\\Doaa alsattari\\Downloads\\bank-graduation-project-main\\bank-graduation-project-main\\vendor\\laravel\\framework\\src\\Illuminate\\Routing\\Router.php(906): Illuminate\\Routing\\Router::toResponse(Object(Illuminate\\Http\\Request), Object(Illuminate\\View\\View))
#9 C:\\Users\\Doaa alsattari\\Downloads\\bank-graduation-project-main\\bank-graduation-project-main\\vendor\\laravel\\framework\\src\\Illuminate\\Routing\\Router.php(821): Illuminate\\Routing\\Router->prepareResponse(Object(Illuminate\\Http\\Request), Object(Illuminate\\View\\View))
#10 C:\\Users\\Doaa alsattari\\Downloads\\bank-graduation-project-main\\bank-graduation-project-main\\vendor\\laravel\\framework\\src\\Illuminate\\Pipeline\\Pipeline.php(180): Illuminate\\Routing\\Router->Illuminate\\Routing\\{closure}(Object(Illuminate\\Http\\Request))
#11 C:\\Users\\Doaa alsattari\\Downloads\\bank-graduation-project-main\\bank-graduation-project-main\\app\\Http\\Middleware\\CheckRole.php(27): Illuminate\\Pipeline\\Pipeline->Illuminate\\Pipeline\\{closure}(Object(Illuminate\\Http\\Request))
#12 C:\\Users\\Doaa alsattari\\Downloads\\bank-graduation-project-main\\bank-graduation-project-main\\vendor\\laravel\\framework\\src\\Illuminate\\Pipeline\\Pipeline.php(219): App\\Http\\Middleware\\CheckRole->handle(Object(Illuminate\\Http\\Request), Object(Closure), 'super_admin', 'admin')
#13 C:\\Users\\Doaa alsattari\\Downloads\\bank-graduation-project-main\\bank-graduation-project-main\\app\\Http\\Middleware\\SetLocale.php(28): Illuminate\\Pipeline\\Pipeline->Illuminate\\Pipeline\\{closure}(Object(Illuminate\\Http\\Request))
#14 C:\\Users\\Doaa alsattari\\Downloads\\bank-graduation-project-main\\bank-graduation-project-main\\vendor\\laravel\\framework\\src\\Illuminate\\Pipeline\\Pipeline.php(219): App\\Http\\Middleware\\SetLocale->handle(Object(Illuminate\\Http\\Request), Object(Closure))
#15 C:\\Users\\Doaa alsattari\\Downloads\\bank-graduation-project-main\\bank-graduation-project-main\\vendor\\laravel\\framework\\src\\Illuminate\\Routing\\Middleware\\SubstituteBindings.php(50): Illuminate\\Pipeline\\Pipeline->Illuminate\\Pipeline\\{closure}(Object(Illuminate\\Http\\Request))
#16 C:\\Users\\Doaa alsattari\\Downloads\\bank-graduation-project-main\\bank-graduation-project-main\\vendor\\laravel\\framework\\src\\Illuminate\\Pipeline\\Pipeline.php(219): Illuminate\\Routing\\Middleware\\SubstituteBindings->handle(Object(Illuminate\\Http\\Request), Object(Closure))
#17 C:\\Users\\Doaa alsattari\\Downloads\\bank-graduation-project-main\\bank-graduation-project-main\\vendor\\laravel\\framework\\src\\Illuminate\\Auth\\Middleware\\Authenticate.php(63): Illuminate\\Pipeline\\Pipeline->Illuminate\\Pipeline\\{closure}(Object(Illuminate\\Http\\Request))
#18 C:\\Users\\Doaa alsattari\\Downloads\\bank-graduation-project-main\\bank-graduation-project-main\\vendor\\laravel\\framework\\src\\Illuminate\\Pipeline\\Pipeline.php(219): Illuminate\\Auth\\Middleware\\Authenticate->handle(Object(Illuminate\\Http\\Request), Object(Closure))
#19 C:\\Users\\Doaa alsattari\\Downloads\\bank-graduation-project-main\\bank-graduation-project-main\\vendor\\laravel\\framework\\src\\Illuminate\\Foundation\\Http\\Middleware\\VerifyCsrfToken.php(87): Illuminate\\Pipeline\\Pipeline->Illuminate\\Pipeline\\{closure}(Object(Illuminate\\Http\\Request))
#20 C:\\Users\\Doaa alsattari\\Downloads\\bank-graduation-project-main\\bank-graduation-project-main\\vendor\\laravel\\framework\\src\\Illuminate\\Pipeline\\Pipeline.php(219): Illuminate\\Foundation\\Http\\Middleware\\VerifyCsrfToken->handle(Object(Illuminate\\Http\\Request), Object(Closure))
#21 C:\\Users\\Doaa alsattari\\Downloads\\bank-graduation-project-main\\bank-graduation-project-main\\vendor\\laravel\\framework\\src\\Illuminate\\View\\Middleware\\ShareErrorsFromSession.php(48): Illuminate\\Pipeline\\Pipeline->Illuminate\\Pipeline\\{closure}(Object(Illuminate\\Http\\Request))
#22 C:\\Users\\Doaa alsattari\\Downloads\\bank-graduation-project-main\\bank-graduation-project-main\\vendor\\laravel\\framework\\src\\Illuminate\\Pipeline\\Pipeline.php(219): Illuminate\\View\\Middleware\\ShareErrorsFromSession->handle(Object(Illuminate\\Http\\Request), Object(Closure))
#23 C:\\Users\\Doaa alsattari\\Downloads\\bank-graduation-project-main\\bank-graduation-project-main\\vendor\\laravel\\framework\\src\\Illuminate\\Session\\Middleware\\StartSession.php(120): Illuminate\\Pipeline\\Pipeline->Illuminate\\Pipeline\\{closure}(Object(Illuminate\\Http\\Request))
#24 C:\\Users\\Doaa alsattari\\Downloads\\bank-graduation-project-main\\bank-graduation-project-main\\vendor\\laravel\\framework\\src\\Illuminate\\Session\\Middleware\\StartSession.php(63): Illuminate\\Session\\Middleware\\StartSession->handleStatefulRequest(Object(Illuminate\\Http\\Request), Object(Illuminate\\Session\\Store), Object(Closure))
#25 C:\\Users\\Doaa alsattari\\Downloads\\bank-graduation-project-main\\bank-graduation-project-main\\vendor\\laravel\\framework\\src\\Illuminate\\Pipeline\\Pipeline.php(219): Illuminate\\Session\\Middleware\\StartSession->handle(Object(Illuminate\\Http\\Request), Object(Closure))
#26 C:\\Users\\Doaa alsattari\\Downloads\\bank-graduation-project-main\\bank-graduation-project-main\\vendor\\laravel\\framework\\src\\Illuminate\\Cookie\\Middleware\\AddQueuedCookiesToResponse.php(36): Illuminate\\Pipeline\\Pipeline->Illuminate\\Pipeline\\{closure}(Object(Illuminate\\Http\\Request))
#27 C:\\Users\\Doaa alsattari\\Downloads\\bank-graduation-project-main\\bank-graduation-project-main\\vendor\\laravel\\framework\\src\\Illuminate\\Pipeline\\Pipeline.php(219): Illuminate\\Cookie\\Middleware\\AddQueuedCookiesToResponse->handle(Object(Illuminate\\Http\\Request), Object(Closure))
#28 C:\\Users\\Doaa alsattari\\Downloads\\bank-graduation-project-main\\bank-graduation-project-main\\vendor\\laravel\\framework\\src\\Illuminate\\Cookie\\Middleware\\EncryptCookies.php(74): Illuminate\\Pipeline\\Pipeline->Illuminate\\Pipeline\\{closure}(Object(Illuminate\\Http\\Request))
#29 C:\\Users\\Doaa alsattari\\Downloads\\bank-graduation-project-main\\bank-graduation-project-main\\vendor\\laravel\\framework\\src\\Illuminate\\Pipeline\\Pipeline.php(219): Illuminate\\Cookie\\Middleware\\EncryptCookies->handle(Object(Illuminate\\Http\\Request), Object(Closure))
#30 C:\\Users\\Doaa alsattari\\Downloads\\bank-graduation-project-main\\bank-graduation-project-main\\vendor\\laravel\\framework\\src\\Illuminate\\Pipeline\\Pipeline.php(137): Illuminate\\Pipeline\\Pipeline->Illuminate\\Pipeline\\{closure}(Object(Illuminate\\Http\\Request))
#31 C:\\Users\\Doaa alsattari\\Downloads\\bank-graduation-project-main\\bank-graduation-project-main\\vendor\\laravel\\framework\\src\\Illuminate\\Routing\\Router.php(821): Illuminate\\Pipeline\\Pipeline->then(Object(Closure))
#32 C:\\Users\\Doaa alsattari\\Downloads\\bank-graduation-project-main\\bank-graduation-project-main\\vendor\\laravel\\framework\\src\\Illuminate\\Routing\\Router.php(800): Illuminate\\Routing\\Router->runRouteWithinStack(Object(Illuminate\\Routing\\Route), Object(Illuminate\\Http\\Request))
#33 C:\\Users\\Doaa alsattari\\Downloads\\bank-graduation-project-main\\bank-graduation-project-main\\vendor\\laravel\\framework\\src\\Illuminate\\Routing\\Router.php(764): Illuminate\\Routing\\Router->runRoute(Object(Illuminate\\Http\\Request), Object(Illuminate\\Routing\\Route))
#34 C:\\Users\\Doaa alsattari\\Downloads\\bank-graduation-project-main\\bank-graduation-project-main\\vendor\\laravel\\framework\\src\\Illuminate\\Routing\\Router.php(753): Illuminate\\Routing\\Router->dispatchToRoute(Object(Illuminate\\Http\\Request))
#35 C:\\Users\\Doaa alsattari\\Downloads\\bank-graduation-project-main\\bank-graduation-project-main\\vendor\\laravel\\framework\\src\\Illuminate\\Foundation\\Http\\Kernel.php(200): Illuminate\\Routing\\Router->dispatch(Object(Illuminate\\Http\\Request))
#36 C:\\Users\\Doaa alsattari\\Downloads\\bank-graduation-project-main\\bank-graduation-project-main\\vendor\\laravel\\framework\\src\\Illuminate\\Pipeline\\Pipeline.php(180): Illuminate\\Foundation\\Http\\Kernel->Illuminate\\Foundation\\Http\\{closure}(Object(Illuminate\\Http\\Request))
#37 C:\\Users\\Doaa alsattari\\Downloads\\bank-graduation-project-main\\bank-graduation-project-main\\vendor\\laravel\\framework\\src\\Illuminate\\Foundation\\Http\\Middleware\\TransformsRequest.php(21): Illuminate\\Pipeline\\Pipeline->Illuminate\\Pipeline\\{closure}(Object(Illuminate\\Http\\Request))
#38 C:\\Users\\Doaa alsattari\\Downloads\\bank-graduation-project-main\\bank-graduation-project-main\\vendor\\laravel\\framework\\src\\Illuminate\\Foundation\\Http\\Middleware\\ConvertEmptyStringsToNull.php(31): Illuminate\\Foundation\\Http\\Middleware\\TransformsRequest->handle(Object(Illuminate\\Http\\Request), Object(Closure))
#39 C:\\Users\\Doaa alsattari\\Downloads\\bank-graduation-project-main\\bank-graduation-project-main\\vendor\\laravel\\framework\\src\\Illuminate\\Pipeline\\Pipeline.php(219): Illuminate\\Foundation\\Http\\Middleware\\ConvertEmptyStringsToNull->handle(Object(Illuminate\\Http\\Request), Object(Closure))
#40 C:\\Users\\Doaa alsattari\\Downloads\\bank-graduation-project-main\\bank-graduation-project-main\\vendor\\laravel\\framework\\src\\Illuminate\\Foundation\\Http\\Middleware\\TransformsRequest.php(21): Illuminate\\Pipeline\\Pipeline->Illuminate\\Pipeline\\{closure}(Object(Illuminate\\Http\\Request))
#41 C:\\Users\\Doaa alsattari\\Downloads\\bank-graduation-project-main\\bank-graduation-project-main\\vendor\\laravel\\framework\\src\\Illuminate\\Foundation\\Http\\Middleware\\TrimStrings.php(51): Illuminate\\Foundation\\Http\\Middleware\\TransformsRequest->handle(Object(Illuminate\\Http\\Request), Object(Closure))
#42 C:\\Users\\Doaa alsattari\\Downloads\\bank-graduation-project-main\\bank-graduation-project-main\\vendor\\laravel\\framework\\src\\Illuminate\\Pipeline\\Pipeline.php(219): Illuminate\\Foundation\\Http\\Middleware\\TrimStrings->handle(Object(Illuminate\\Http\\Request), Object(Closure))
#43 C:\\Users\\Doaa alsattari\\Downloads\\bank-graduation-project-main\\bank-graduation-project-main\\vendor\\laravel\\framework\\src\\Illuminate\\Http\\Middleware\\ValidatePostSize.php(27): Illuminate\\Pipeline\\Pipeline->Illuminate\\Pipeline\\{closure}(Object(Illuminate\\Http\\Request))
#44 C:\\Users\\Doaa alsattari\\Downloads\\bank-graduation-project-main\\bank-graduation-project-main\\vendor\\laravel\\framework\\src\\Illuminate\\Pipeline\\Pipeline.php(219): Illuminate\\Http\\Middleware\\ValidatePostSize->handle(Object(Illuminate\\Http\\Request), Object(Closure))
#45 C:\\Users\\Doaa alsattari\\Downloads\\bank-graduation-project-main\\bank-graduation-project-main\\vendor\\laravel\\framework\\src\\Illuminate\\Foundation\\Http\\Middleware\\PreventRequestsDuringMaintenance.php(109): Illuminate\\Pipeline\\Pipeline->Illuminate\\Pipeline\\{closure}(Object(Illuminate\\Http\\Request))
#46 C:\\Users\\Doaa alsattari\\Downloads\\bank-graduation-project-main\\bank-graduation-project-main\\vendor\\laravel\\framework\\src\\Illuminate\\Pipeline\\Pipeline.php(219): Illuminate\\Foundation\\Http\\Middleware\\PreventRequestsDuringMaintenance->handle(Object(Illuminate\\Http\\Request), Object(Closure))
#47 C:\\Users\\Doaa alsattari\\Downloads\\bank-graduation-project-main\\bank-graduation-project-main\\vendor\\laravel\\framework\\src\\Illuminate\\Http\\Middleware\\HandleCors.php(48): Illuminate\\Pipeline\\Pipeline->Illuminate\\Pipeline\\{closure}(Object(Illuminate\\Http\\Request))
#48 C:\\Users\\Doaa alsattari\\Downloads\\bank-graduation-project-main\\bank-graduation-project-main\\vendor\\laravel\\framework\\src\\Illuminate\\Pipeline\\Pipeline.php(219): Illuminate\\Http\\Middleware\\HandleCors->handle(Object(Illuminate\\Http\\Request), Object(Closure))
#49 C:\\Users\\Doaa alsattari\\Downloads\\bank-graduation-project-main\\bank-graduation-project-main\\vendor\\laravel\\framework\\src\\Illuminate\\Http\\Middleware\\TrustProxies.php(58): Illuminate\\Pipeline\\Pipeline->Illuminate\\Pipeline\\{closure}(Object(Illuminate\\Http\\Request))
#50 C:\\Users\\Doaa alsattari\\Downloads\\bank-graduation-project-main\\bank-graduation-project-main\\vendor\\laravel\\framework\\src\\Illuminate\\Pipeline\\Pipeline.php(219): Illuminate\\Http\\Middleware\\TrustProxies->handle(Object(Illuminate\\Http\\Request), Object(Closure))
#51 C:\\Users\\Doaa alsattari\\Downloads\\bank-graduation-project-main\\bank-graduation-project-main\\vendor\\laravel\\framework\\src\\Illuminate\\Foundation\\Http\\Middleware\\InvokeDeferredCallbacks.php(22): Illuminate\\Pipeline\\Pipeline->Illuminate\\Pipeline\\{closure}(Object(Illuminate\\Http\\Request))
#52 C:\\Users\\Doaa alsattari\\Downloads\\bank-graduation-project-main\\bank-graduation-project-main\\vendor\\laravel\\framework\\src\\Illuminate\\Pipeline\\Pipeline.php(219): Illuminate\\Foundation\\Http\\Middleware\\InvokeDeferredCallbacks->handle(Object(Illuminate\\Http\\Request), Object(Closure))
#53 C:\\Users\\Doaa alsattari\\Downloads\\bank-graduation-project-main\\bank-graduation-project-main\\vendor\\laravel\\framework\\src\\Illuminate\\Http\\Middleware\\ValidatePathEncoding.php(26): Illuminate\\Pipeline\\Pipeline->Illuminate\\Pipeline\\{closure}(Object(Illuminate\\Http\\Request))
#54 C:\\Users\\Doaa alsattari\\Downloads\\bank-graduation-project-main\\bank-graduation-project-main\\vendor\\laravel\\framework\\src\\Illuminate\\Pipeline\\Pipeline.php(219): Illuminate\\Http\\Middleware\\ValidatePathEncoding->handle(Object(Illuminate\\Http\\Request), Object(Closure))
#55 C:\\Users\\Doaa alsattari\\Downloads\\bank-graduation-project-main\\bank-graduation-project-main\\vendor\\laravel\\framework\\src\\Illuminate\\Pipeline\\Pipeline.php(137): Illuminate\\Pipeline\\Pipeline->Illuminate\\Pipeline\\{closure}(Object(Illuminate\\Http\\Request))
#56 C:\\Users\\Doaa alsattari\\Downloads\\bank-graduation-project-main\\bank-graduation-project-main\\vendor\\laravel\\framework\\src\\Illuminate\\Foundation\\Http\\Kernel.php(175): Illuminate\\Pipeline\\Pipeline->then(Object(Closure))
#57 C:\\Users\\Doaa alsattari\\Downloads\\bank-graduation-project-main\\bank-graduation-project-main\\vendor\\laravel\\framework\\src\\Illuminate\\Foundation\\Http\\Kernel.php(144): Illuminate\\Foundation\\Http\\Kernel->sendRequestThroughRouter(Object(Illuminate\\Http\\Request))
#58 C:\\Users\\Doaa alsattari\\Downloads\\bank-graduation-project-main\\bank-graduation-project-main\\vendor\\laravel\\framework\\src\\Illuminate\\Foundation\\Application.php(1220): Illuminate\\Foundation\\Http\\Kernel->handle(Object(Illuminate\\Http\\Request))
#59 C:\\Users\\Doaa alsattari\\Downloads\\bank-graduation-project-main\\bank-graduation-project-main\\public\\index.php(20): Illuminate\\Foundation\\Application->handleRequest(Object(Illuminate\\Http\\Request))
#60 C:\\Users\\Doaa alsattari\\Downloads\\bank-graduation-project-main\\bank-graduation-project-main\\vendor\\laravel\\framework\\src\\Illuminate\\Foundation\\resources\\server.php(23): require_once('C:\\\\Users\\\\Doaa a...')
#61 {main}

[previous exception] [object] (ErrorException(code: 0): Undefined variable $user at C:\\Users\\Doaa alsattari\\Downloads\\bank-graduation-project-main\\bank-graduation-project-main\\storage\\framework\\views\\1b594d973a107e2570f662f7b9cfc45f.php:8)
[stacktrace]
#0 C:\\Users\\Doaa alsattari\\Downloads\\bank-graduation-project-main\\bank-graduation-project-main\\vendor\\laravel\\framework\\src\\Illuminate\\Foundation\\Bootstrap\\HandleExceptions.php(258): Illuminate\\Foundation\\Bootstrap\\HandleExceptions->handleError(2, 'Undefined varia...', 'C:\\\\Users\\\\Doaa a...', 8)
#1 C:\\Users\\Doaa alsattari\\Downloads\\bank-graduation-project-main\\bank-graduation-project-main\\storage\\framework\\views\\1b594d973a107e2570f662f7b9cfc45f.php(8): Illuminate\\Foundation\\Bootstrap\\HandleExceptions->Illuminate\\Foundation\\Bootstrap\\{closure}(2, 'Undefined varia...', 'C:\\\\Users\\\\Doaa a...', 8)
#2 C:\\Users\\Doaa alsattari\\Downloads\\bank-graduation-project-main\\bank-graduation-project-main\\vendor\\laravel\\framework\\src\\Illuminate\\Filesystem\\Filesystem.php(123): require('C:\\\\Users\\\\Doaa a...')
#3 C:\\Users\\Doaa alsattari\\Downloads\\bank-graduation-project-main\\bank-graduation-project-main\\vendor\\laravel\\framework\\src\\Illuminate\\Filesystem\\Filesystem.php(124): Illuminate\\Filesystem\\Filesystem::Illuminate\\Filesystem\\{closure}()
#4 C:\\Users\\Doaa alsattari\\Downloads\\bank-graduation-project-main\\bank-graduation-project-main\\vendor\\laravel\\framework\\src\\Illuminate\\View\\Engines\\PhpEngine.php(57): Illuminate\\Filesystem\\Filesystem->getRequire('C:\\\\Users\\\\Doaa a...', Array)
#5 C:\\Users\\Doaa alsattari\\Downloads\\bank-graduation-project-main\\bank-graduation-project-main\\vendor\\laravel\\framework\\src\\Illuminate\\View\\Engines\\CompilerEngine.php(76): Illuminate\\View\\Engines\\PhpEngine->evaluatePath('C:\\\\Users\\\\Doaa a...', Array)
#6 C:\\Users\\Doaa alsattari\\Downloads\\bank-graduation-project-main\\bank-graduation-project-main\\vendor\\laravel\\framework\\src\\Illuminate\\View\\View.php(208): Illuminate\\View\\Engines\\CompilerEngine->get('C:\\\\Users\\\\Doaa a...', Array)
#7 C:\\Users\\Doaa alsattari\\Downloads\\bank-graduation-project-main\\bank-graduation-project-main\\vendor\\laravel\\framework\\src\\Illuminate\\View\\View.php(191): Illuminate\\View\\View->getContents()
#8 C:\\Users\\Doaa alsattari\\Downloads\\bank-graduation-project-main\\bank-graduation-project-main\\vendor\\laravel\\framework\\src\\Illuminate\\View\\View.php(160): Illuminate\\View\\View->renderContents()
#9 C:\\Users\\Doaa alsattari\\Downloads\\bank-graduation-project-main\\bank-graduation-project-main\\vendor\\laravel\\framework\\src\\Illuminate\\Http\\Response.php(78): Illuminate\\View\\View->render()
#10 C:\\Users\\Doaa alsattari\\Downloads\\bank-graduation-project-main\\bank-graduation-project-main\\vendor\\laravel\\framework\\src\\Illuminate\\Http\\Response.php(34): Illuminate\\Http\\Response->setContent(Object(Illuminate\\View\\View))
#11 C:\\Users\\Doaa alsattari\\Downloads\\bank-graduation-project-main\\bank-graduation-project-main\\vendor\\laravel\\framework\\src\\Illuminate\\Routing\\Router.php(939): Illuminate\\Http\\Response->__construct(Object(Illuminate\\View\\View), 200, Array)
#12 C:\\Users\\Doaa alsattari\\Downloads\\bank-graduation-project-main\\bank-graduation-project-main\\vendor\\laravel\\framework\\src\\Illuminate\\Routing\\Router.php(906): Illuminate\\Routing\\Router::toResponse(Object(Illuminate\\Http\\Request), Object(Illuminate\\View\\View))
#13 C:\\Users\\Doaa alsattari\\Downloads\\bank-graduation-project-main\\bank-graduation-project-main\\vendor\\laravel\\framework\\src\\Illuminate\\Routing\\Router.php(821): Illuminate\\Routing\\Router->prepareResponse(Object(Illuminate\\Http\\Request), Object(Illuminate\\View\\View))
#14 C:\\Users\\Doaa alsattari\\Downloads\\bank-graduation-project-main\\bank-graduation-project-main\\vendor\\laravel\\framework\\src\\Illuminate\\Pipeline\\Pipeline.php(180): Illuminate\\Routing\\Router->Illuminate\\Routing\\{closure}(Object(Illuminate\\Http\\Request))
#15 C:\\Users\\Doaa alsattari\\Downloads\\bank-graduation-project-main\\bank-graduation-project-main\\app\\Http\\Middleware\\CheckRole.php(27): Illuminate\\Pipeline\\Pipeline->Illuminate\\Pipeline\\{closure}(Object(Illuminate\\Http\\Request))
#16 C:\\Users\\Doaa alsattari\\Downloads\\bank-graduation-project-main\\bank-graduation-project-main\\vendor\\laravel\\framework\\src\\Illuminate\\Pipeline\\Pipeline.php(219): App\\Http\\Middleware\\CheckRole->handle(Object(Illuminate\\Http\\Request), Object(Closure), 'super_admin', 'admin')
#17 C:\\Users\\Doaa alsattari\\Downloads\\bank-graduation-project-main\\bank-graduation-project-main\\app\\Http\\Middleware\\SetLocale.php(28): Illuminate\\Pipeline\\Pipeline->Illuminate\\Pipeline\\{closure}(Object(Illuminate\\Http\\Request))
#18 C:\\Users\\Doaa alsattari\\Downloads\\bank-graduation-project-main\\bank-graduation-project-main\\vendor\\laravel\\framework\\src\\Illuminate\\Pipeline\\Pipeline.php(219): App\\Http\\Middleware\\SetLocale->handle(Object(Illuminate\\Http\\Request), Object(Closure))
#19 C:\\Users\\Doaa alsattari\\Downloads\\bank-graduation-project-main\\bank-graduation-project-main\\vendor\\laravel\\framework\\src\\Illuminate\\Routing\\Middleware\\SubstituteBindings.php(50): Illuminate\\Pipeline\\Pipeline->Illuminate\\Pipeline\\{closure}(Object(Illuminate\\Http\\Request))
#20 C:\\Users\\Doaa alsattari\\Downloads\\bank-graduation-project-main\\bank-graduation-project-main\\vendor\\laravel\\framework\\src\\Illuminate\\Pipeline\\Pipeline.php(219): Illuminate\\Routing\\Middleware\\SubstituteBindings->handle(Object(Illuminate\\Http\\Request), Object(Closure))
#21 C:\\Users\\Doaa alsattari\\Downloads\\bank-graduation-project-main\\bank-graduation-project-main\\vendor\\laravel\\framework\\src\\Illuminate\\Auth\\Middleware\\Authenticate.php(63): Illuminate\\Pipeline\\Pipeline->Illuminate\\Pipeline\\{closure}(Object(Illuminate\\Http\\Request))
#22 C:\\Users\\Doaa alsattari\\Downloads\\bank-graduation-project-main\\bank-graduation-project-main\\vendor\\laravel\\framework\\src\\Illuminate\\Pipeline\\Pipeline.php(219): Illuminate\\Auth\\Middleware\\Authenticate->handle(Object(Illuminate\\Http\\Request), Object(Closure))
#23 C:\\Users\\Doaa alsattari\\Downloads\\bank-graduation-project-main\\bank-graduation-project-main\\vendor\\laravel\\framework\\src\\Illuminate\\Foundation\\Http\\Middleware\\VerifyCsrfToken.php(87): Illuminate\\Pipeline\\Pipeline->Illuminate\\Pipeline\\{closure}(Object(Illuminate\\Http\\Request))
#24 C:\\Users\\Doaa alsattari\\Downloads\\bank-graduation-project-main\\bank-graduation-project-main\\vendor\\laravel\\framework\\src\\Illuminate\\Pipeline\\Pipeline.php(219): Illuminate\\Foundation\\Http\\Middleware\\VerifyCsrfToken->handle(Object(Illuminate\\Http\\Request), Object(Closure))
#25 C:\\Users\\Doaa alsattari\\Downloads\\bank-graduation-project-main\\bank-graduation-project-main\\vendor\\laravel\\framework\\src\\Illuminate\\View\\Middleware\\ShareErrorsFromSession.php(48): Illuminate\\Pipeline\\Pipeline->Illuminate\\Pipeline\\{closure}(Object(Illuminate\\Http\\Request))
#26 C:\\Users\\Doaa alsattari\\Downloads\\bank-graduation-project-main\\bank-graduation-project-main\\vendor\\laravel\\framework\\src\\Illuminate\\Pipeline\\Pipeline.php(219): Illuminate\\View\\Middleware\\ShareErrorsFromSession->handle(Object(Illuminate\\Http\\Request), Object(Closure))
#27 C:\\Users\\Doaa alsattari\\Downloads\\bank-graduation-project-main\\bank-graduation-project-main\\vendor\\laravel\\framework\\src\\Illuminate\\Session\\Middleware\\StartSession.php(120): Illuminate\\Pipeline\\Pipeline->Illuminate\\Pipeline\\{closure}(Object(Illuminate\\Http\\Request))
#28 C:\\Users\\Doaa alsattari\\Downloads\\bank-graduation-project-main\\bank-graduation-project-main\\vendor\\laravel\\framework\\src\\Illuminate\\Session\\Middleware\\StartSession.php(63): Illuminate\\Session\\Middleware\\StartSession->handleStatefulRequest(Object(Illuminate\\Http\\Request), Object(Illuminate\\Session\\Store), Object(Closure))
#29 C:\\Users\\Doaa alsattari\\Downloads\\bank-graduation-project-main\\bank-graduation-project-main\\vendor\\laravel\\framework\\src\\Illuminate\\Pipeline\\Pipeline.php(219): Illuminate\\Session\\Middleware\\StartSession->handle(Object(Illuminate\\Http\\Request), Object(Closure))
#30 C:\\Users\\Doaa alsattari\\Downloads\\bank-graduation-project-main\\bank-graduation-project-main\\vendor\\laravel\\framework\\src\\Illuminate\\Cookie\\Middleware\\AddQueuedCookiesToResponse.php(36): Illuminate\\Pipeline\\Pipeline->Illuminate\\Pipeline\\{closure}(Object(Illuminate\\Http\\Request))
#31 C:\\Users\\Doaa alsattari\\Downloads\\bank-graduation-project-main\\bank-graduation-project-main\\vendor\\laravel\\framework\\src\\Illuminate\\Pipeline\\Pipeline.php(219): Illuminate\\Cookie\\Middleware\\AddQueuedCookiesToResponse->handle(Object(Illuminate\\Http\\Request), Object(Closure))
#32 C:\\Users\\Doaa alsattari\\Downloads\\bank-graduation-project-main\\bank-graduation-project-main\\vendor\\laravel\\framework\\src\\Illuminate\\Cookie\\Middleware\\EncryptCookies.php(74): Illuminate\\Pipeline\\Pipeline->Illuminate\\Pipeline\\{closure}(Object(Illuminate\\Http\\Request))
#33 C:\\Users\\Doaa alsattari\\Downloads\\bank-graduation-project-main\\bank-graduation-project-main\\vendor\\laravel\\framework\\src\\Illuminate\\Pipeline\\Pipeline.php(219): Illuminate\\Cookie\\Middleware\\EncryptCookies->handle(Object(Illuminate\\Http\\Request), Object(Closure))
#34 C:\\Users\\Doaa alsattari\\Downloads\\bank-graduation-project-main\\bank-graduation-project-main\\vendor\\laravel\\framework\\src\\Illuminate\\Pipeline\\Pipeline.php(137): Illuminate\\Pipeline\\Pipeline->Illuminate\\Pipeline\\{closure}(Object(Illuminate\\Http\\Request))
#35 C:\\Users\\Doaa alsattari\\Downloads\\bank-graduation-project-main\\bank-graduation-project-main\\vendor\\laravel\\framework\\src\\Illuminate\\Routing\\Router.php(821): Illuminate\\Pipeline\\Pipeline->then(Object(Closure))
#36 C:\\Users\\Doaa alsattari\\Downloads\\bank-graduation-project-main\\bank-graduation-project-main\\vendor\\laravel\\framework\\src\\Illuminate\\Routing\\Router.php(800): Illuminate\\Routing\\Router->runRouteWithinStack(Object(Illuminate\\Routing\\Route), Object(Illuminate\\Http\\Request))
#37 C:\\Users\\Doaa alsattari\\Downloads\\bank-graduation-project-main\\bank-graduation-project-main\\vendor\\laravel\\framework\\src\\Illuminate\\Routing\\Router.php(764): Illuminate\\Routing\\Router->runRoute(Object(Illuminate\\Http\\Request), Object(Illuminate\\Routing\\Route))
#38 C:\\Users\\Doaa alsattari\\Downloads\\bank-graduation-project-main\\bank-graduation-project-main\\vendor\\laravel\\framework\\src\\Illuminate\\Routing\\Router.php(753): Illuminate\\Routing\\Router->dispatchToRoute(Object(Illuminate\\Http\\Request))
#39 C:\\Users\\Doaa alsattari\\Downloads\\bank-graduation-project-main\\bank-graduation-project-main\\vendor\\laravel\\framework\\src\\Illuminate\\Foundation\\Http\\Kernel.php(200): Illuminate\\Routing\\Router->dispatch(Object(Illuminate\\Http\\Request))
#40 C:\\Users\\Doaa alsattari\\Downloads\\bank-graduation-project-main\\bank-graduation-project-main\\vendor\\laravel\\framework\\src\\Illuminate\\Pipeline\\Pipeline.php(180): Illuminate\\Foundation\\Http\\Kernel->Illuminate\\Foundation\\Http\\{closure}(Object(Illuminate\\Http\\Request))
#41 C:\\Users\\Doaa alsattari\\Downloads\\bank-graduation-project-main\\bank-graduation-project-main\\vendor\\laravel\\framework\\src\\Illuminate\\Foundation\\Http\\Middleware\\TransformsRequest.php(21): Illuminate\\Pipeline\\Pipeline->Illuminate\\Pipeline\\{closure}(Object(Illuminate\\Http\\Request))
#42 C:\\Users\\Doaa alsattari\\Downloads\\bank-graduation-project-main\\bank-graduation-project-main\\vendor\\laravel\\framework\\src\\Illuminate\\Foundation\\Http\\Middleware\\ConvertEmptyStringsToNull.php(31): Illuminate\\Foundation\\Http\\Middleware\\TransformsRequest->handle(Object(Illuminate\\Http\\Request), Object(Closure))
#43 C:\\Users\\Doaa alsattari\\Downloads\\bank-graduation-project-main\\bank-graduation-project-main\\vendor\\laravel\\framework\\src\\Illuminate\\Pipeline\\Pipeline.php(219): Illuminate\\Foundation\\Http\\Middleware\\ConvertEmptyStringsToNull->handle(Object(Illuminate\\Http\\Request), Object(Closure))
#44 C:\\Users\\Doaa alsattari\\Downloads\\bank-graduation-project-main\\bank-graduation-project-main\\vendor\\laravel\\framework\\src\\Illuminate\\Foundation\\Http\\Middleware\\TransformsRequest.php(21): Illuminate\\Pipeline\\Pipeline->Illuminate\\Pipeline\\{closure}(Object(Illuminate\\Http\\Request))
#45 C:\\Users\\Doaa alsattari\\Downloads\\bank-graduation-project-main\\bank-graduation-project-main\\vendor\\laravel\\framework\\src\\Illuminate\\Foundation\\Http\\Middleware\\TrimStrings.php(51): Illuminate\\Foundation\\Http\\Middleware\\TransformsRequest->handle(Object(Illuminate\\Http\\Request), Object(Closure))
#46 C:\\Users\\Doaa alsattari\\Downloads\\bank-graduation-project-main\\bank-graduation-project-main\\vendor\\laravel\\framework\\src\\Illuminate\\Pipeline\\Pipeline.php(219): Illuminate\\Foundation\\Http\\Middleware\\TrimStrings->handle(Object(Illuminate\\Http\\Request), Object(Closure))
#47 C:\\Users\\Doaa alsattari\\Downloads\\bank-graduation-project-main\\bank-graduation-project-main\\vendor\\laravel\\framework\\src\\Illuminate\\Http\\Middleware\\ValidatePostSize.php(27): Illuminate\\Pipeline\\Pipeline->Illuminate\\Pipeline\\{closure}(Object(Illuminate\\Http\\Request))
#48 C:\\Users\\Doaa alsattari\\Downloads\\bank-graduation-project-main\\bank-graduation-project-main\\vendor\\laravel\\framework\\src\\Illuminate\\Pipeline\\Pipeline.php(219): Illuminate\\Http\\Middleware\\ValidatePostSize->handle(Object(Illuminate\\Http\\Request), Object(Closure))
#49 C:\\Users\\Doaa alsattari\\Downloads\\bank-graduation-project-main\\bank-graduation-project-main\\vendor\\laravel\\framework\\src\\Illuminate\\Foundation\\Http\\Middleware\\PreventRequestsDuringMaintenance.php(109): Illuminate\\Pipeline\\Pipeline->Illuminate\\Pipeline\\{closure}(Object(Illuminate\\Http\\Request))
#50 C:\\Users\\Doaa alsattari\\Downloads\\bank-graduation-project-main\\bank-graduation-project-main\\vendor\\laravel\\framework\\src\\Illuminate\\Pipeline\\Pipeline.php(219): Illuminate\\Foundation\\Http\\Middleware\\PreventRequestsDuringMaintenance->handle(Object(Illuminate\\Http\\Request), Object(Closure))
#51 C:\\Users\\Doaa alsattari\\Downloads\\bank-graduation-project-main\\bank-graduation-project-main\\vendor\\laravel\\framework\\src\\Illuminate\\Http\\Middleware\\HandleCors.php(48): Illuminate\\Pipeline\\Pipeline->Illuminate\\Pipeline\\{closure}(Object(Illuminate\\Http\\Request))
#52 C:\\Users\\Doaa alsattari\\Downloads\\bank-graduation-project-main\\bank-graduation-project-main\\vendor\\laravel\\framework\\src\\Illuminate\\Pipeline\\Pipeline.php(219): Illuminate\\Http\\Middleware\\HandleCors->handle(Object(Illuminate\\Http\\Request), Object(Closure))
#53 C:\\Users\\Doaa alsattari\\Downloads\\bank-graduation-project-main\\bank-graduation-project-main\\vendor\\laravel\\framework\\src\\Illuminate\\Http\\Middleware\\TrustProxies.php(58): Illuminate\\Pipeline\\Pipeline->Illuminate\\Pipeline\\{closure}(Object(Illuminate\\Http\\Request))
#54 C:\\Users\\Doaa alsattari\\Downloads\\bank-graduation-project-main\\bank-graduation-project-main\\vendor\\laravel\\framework\\src\\Illuminate\\Pipeline\\Pipeline.php(219): Illuminate\\Http\\Middleware\\TrustProxies->handle(Object(Illuminate\\Http\\Request), Object(Closure))
#55 C:\\Users\\Doaa alsattari\\Downloads\\bank-graduation-project-main\\bank-graduation-project-main\\vendor\\laravel\\framework\\src\\Illuminate\\Foundation\\Http\\Middleware\\InvokeDeferredCallbacks.php(22): Illuminate\\Pipeline\\Pipeline->Illuminate\\Pipeline\\{closure}(Object(Illuminate\\Http\\Request))
#56 C:\\Users\\Doaa alsattari\\Downloads\\bank-graduation-project-main\\bank-graduation-project-main\\vendor\\laravel\\framework\\src\\Illuminate\\Pipeline\\Pipeline.php(219): Illuminate\\Foundation\\Http\\Middleware\\InvokeDeferredCallbacks->handle(Object(Illuminate\\Http\\Request), Object(Closure))
#57 C:\\Users\\Doaa alsattari\\Downloads\\bank-graduation-project-main\\bank-graduation-project-main\\vendor\\laravel\\framework\\src\\Illuminate\\Http\\Middleware\\ValidatePathEncoding.php(26): Illuminate\\Pipeline\\Pipeline->Illuminate\\Pipeline\\{closure}(Object(Illuminate\\Http\\Request))
#58 C:\\Users\\Doaa alsattari\\Downloads\\bank-graduation-project-main\\bank-graduation-project-main\\vendor\\laravel\\framework\\src\\Illuminate\\Pipeline\\Pipeline.php(219): Illuminate\\Http\\Middleware\\ValidatePathEncoding->handle(Object(Illuminate\\Http\\Request), Object(Closure))
#59 C:\\Users\\Doaa alsattari\\Downloads\\bank-graduation-project-main\\bank-graduation-project-main\\vendor\\laravel\\framework\\src\\Illuminate\\Pipeline\\Pipeline.php(137): Illuminate\\Pipeline\\Pipeline->Illuminate\\Pipeline\\{closure}(Object(Illuminate\\Http\\Request))
#60 C:\\Users\\Doaa alsattari\\Downloads\\bank-graduation-project-main\\bank-graduation-project-main\\vendor\\laravel\\framework\\src\\Illuminate\\Foundation\\Http\\Kernel.php(175): Illuminate\\Pipeline\\Pipeline->then(Object(Closure))
#61 C:\\Users\\Doaa alsattari\\Downloads\\bank-graduation-project-main\\bank-graduation-project-main\\vendor\\laravel\\framework\\src\\Illuminate\\Foundation\\Http\\Kernel.php(144): Illuminate\\Foundation\\Http\\Kernel->sendRequestThroughRouter(Object(Illuminate\\Http\\Request))
#62 C:\\Users\\Doaa alsattari\\Downloads\\bank-graduation-project-main\\bank-graduation-project-main\\vendor\\laravel\\framework\\src\\Illuminate\\Foundation\\Application.php(1220): Illuminate\\Foundation\\Http\\Kernel->handle(Object(Illuminate\\Http\\Request))
#63 C:\\Users\\Doaa alsattari\\Downloads\\bank-graduation-project-main\\bank-graduation-project-main\\public\\index.php(20): Illuminate\\Foundation\\Application->handleRequest(Object(Illuminate\\Http\\Request))
#64 C:\\Users\\Doaa alsattari\\Downloads\\bank-graduation-project-main\\bank-graduation-project-main\\vendor\\laravel\\framework\\src\\Illuminate\\Foundation\\resources\\server.php(23): require_once('C:\\\\Users\\\\Doaa a...')
#65 {main}
"} 
[2025-10-25 13:44:17] local.ERROR: Route [admin.role.index] not defined. (View: C:\Users\Doaa alsattari\Downloads\bank-graduation-project-main\bank-graduation-project-main\resources\views\admin\dashboard.blade.php) {"userId":5,"exception":"[object] (Illuminate\\View\\ViewException(code: 0): Route [admin.role.index] not defined. (View: C:\\Users\\Doaa alsattari\\Downloads\\bank-graduation-project-main\\bank-graduation-project-main\\resources\\views\\admin\\dashboard.blade.php) at C:\\Users\\Doaa alsattari\\Downloads\\bank-graduation-project-main\\bank-graduation-project-main\\vendor\\laravel\\framework\\src\\Illuminate\\Routing\\UrlGenerator.php:526)
[stacktrace]
#0 C:\\Users\\Doaa alsattari\\Downloads\\bank-graduation-project-main\\bank-graduation-project-main\\vendor\\laravel\\framework\\src\\Illuminate\\View\\Engines\\PhpEngine.php(59): Illuminate\\View\\Engines\\CompilerEngine->handleViewException(Object(Symfony\\Component\\Routing\\Exception\\RouteNotFoundException), 1)
#1 C:\\Users\\Doaa alsattari\\Downloads\\bank-graduation-project-main\\bank-graduation-project-main\\vendor\\laravel\\framework\\src\\Illuminate\\View\\Engines\\CompilerEngine.php(76): Illuminate\\View\\Engines\\PhpEngine->evaluatePath('C:\\\\Users\\\\Doaa a...', Array)
#2 C:\\Users\\Doaa alsattari\\Downloads\\bank-graduation-project-main\\bank-graduation-project-main\\vendor\\laravel\\framework\\src\\Illuminate\\View\\View.php(208): Illuminate\\View\\Engines\\CompilerEngine->get('C:\\\\Users\\\\Doaa a...', Array)
#3 C:\\Users\\Doaa alsattari\\Downloads\\bank-graduation-project-main\\bank-graduation-project-main\\vendor\\laravel\\framework\\src\\Illuminate\\View\\View.php(191): Illuminate\\View\\View->getContents()
#4 C:\\Users\\Doaa alsattari\\Downloads\\bank-graduation-project-main\\bank-graduation-project-main\\vendor\\laravel\\framework\\src\\Illuminate\\View\\View.php(160): Illuminate\\View\\View->renderContents()
#5 C:\\Users\\Doaa alsattari\\Downloads\\bank-graduation-project-main\\bank-graduation-project-main\\vendor\\laravel\\framework\\src\\Illuminate\\Http\\Response.php(78): Illuminate\\View\\View->render()
#6 C:\\Users\\Doaa alsattari\\Downloads\\bank-graduation-project-main\\bank-graduation-project-main\\vendor\\laravel\\framework\\src\\Illuminate\\Http\\Response.php(34): Illuminate\\Http\\Response->setContent(Object(Illuminate\\View\\View))
#7 C:\\Users\\Doaa alsattari\\Downloads\\bank-graduation-project-main\\bank-graduation-project-main\\vendor\\laravel\\framework\\src\\Illuminate\\Routing\\Router.php(939): Illuminate\\Http\\Response->__construct(Object(Illuminate\\View\\View), 200, Array)
#8 C:\\Users\\Doaa alsattari\\Downloads\\bank-graduation-project-main\\bank-graduation-project-main\\vendor\\laravel\\framework\\src\\Illuminate\\Routing\\Router.php(906): Illuminate\\Routing\\Router::toResponse(Object(Illuminate\\Http\\Request), Object(Illuminate\\View\\View))
#9 C:\\Users\\Doaa alsattari\\Downloads\\bank-graduation-project-main\\bank-graduation-project-main\\vendor\\laravel\\framework\\src\\Illuminate\\Routing\\Router.php(821): Illuminate\\Routing\\Router->prepareResponse(Object(Illuminate\\Http\\Request), Object(Illuminate\\View\\View))
#10 C:\\Users\\Doaa alsattari\\Downloads\\bank-graduation-project-main\\bank-graduation-project-main\\vendor\\laravel\\framework\\src\\Illuminate\\Pipeline\\Pipeline.php(180): Illuminate\\Routing\\Router->Illuminate\\Routing\\{closure}(Object(Illuminate\\Http\\Request))
#11 C:\\Users\\Doaa alsattari\\Downloads\\bank-graduation-project-main\\bank-graduation-project-main\\app\\Http\\Middleware\\CheckPermission.php(27): Illuminate\\Pipeline\\Pipeline->Illuminate\\Pipeline\\{closure}(Object(Illuminate\\Http\\Request))
#12 C:\\Users\\Doaa alsattari\\Downloads\\bank-graduation-project-main\\bank-graduation-project-main\\vendor\\laravel\\framework\\src\\Illuminate\\Pipeline\\Pipeline.php(219): App\\Http\\Middleware\\CheckPermission->handle(Object(Illuminate\\Http\\Request), Object(Closure), 'view_admin_dash...')
#13 C:\\Users\\Doaa alsattari\\Downloads\\bank-graduation-project-main\\bank-graduation-project-main\\app\\Http\\Middleware\\CheckRole.php(27): Illuminate\\Pipeline\\Pipeline->Illuminate\\Pipeline\\{closure}(Object(Illuminate\\Http\\Request))
#14 C:\\Users\\Doaa alsattari\\Downloads\\bank-graduation-project-main\\bank-graduation-project-main\\vendor\\laravel\\framework\\src\\Illuminate\\Pipeline\\Pipeline.php(219): App\\Http\\Middleware\\CheckRole->handle(Object(Illuminate\\Http\\Request), Object(Closure), 'super_admin', 'admin')
#15 C:\\Users\\Doaa alsattari\\Downloads\\bank-graduation-project-main\\bank-graduation-project-main\\app\\Http\\Middleware\\SetLocale.php(28): Illuminate\\Pipeline\\Pipeline->Illuminate\\Pipeline\\{closure}(Object(Illuminate\\Http\\Request))
#16 C:\\Users\\Doaa alsattari\\Downloads\\bank-graduation-project-main\\bank-graduation-project-main\\vendor\\laravel\\framework\\src\\Illuminate\\Pipeline\\Pipeline.php(219): App\\Http\\Middleware\\SetLocale->handle(Object(Illuminate\\Http\\Request), Object(Closure))
#17 C:\\Users\\Doaa alsattari\\Downloads\\bank-graduation-project-main\\bank-graduation-project-main\\vendor\\laravel\\framework\\src\\Illuminate\\Routing\\Middleware\\SubstituteBindings.php(50): Illuminate\\Pipeline\\Pipeline->Illuminate\\Pipeline\\{closure}(Object(Illuminate\\Http\\Request))
#18 C:\\Users\\Doaa alsattari\\Downloads\\bank-graduation-project-main\\bank-graduation-project-main\\vendor\\laravel\\framework\\src\\Illuminate\\Pipeline\\Pipeline.php(219): Illuminate\\Routing\\Middleware\\SubstituteBindings->handle(Object(Illuminate\\Http\\Request), Object(Closure))
#19 C:\\Users\\Doaa alsattari\\Downloads\\bank-graduation-project-main\\bank-graduation-project-main\\vendor\\laravel\\framework\\src\\Illuminate\\Auth\\Middleware\\Authenticate.php(63): Illuminate\\Pipeline\\Pipeline->Illuminate\\Pipeline\\{closure}(Object(Illuminate\\Http\\Request))
#20 C:\\Users\\Doaa alsattari\\Downloads\\bank-graduation-project-main\\bank-graduation-project-main\\vendor\\laravel\\framework\\src\\Illuminate\\Pipeline\\Pipeline.php(219): Illuminate\\Auth\\Middleware\\Authenticate->handle(Object(Illuminate\\Http\\Request), Object(Closure))
#21 C:\\Users\\Doaa alsattari\\Downloads\\bank-graduation-project-main\\bank-graduation-project-main\\vendor\\laravel\\framework\\src\\Illuminate\\Foundation\\Http\\Middleware\\VerifyCsrfToken.php(87): Illuminate\\Pipeline\\Pipeline->Illuminate\\Pipeline\\{closure}(Object(Illuminate\\Http\\Request))
#22 C:\\Users\\Doaa alsattari\\Downloads\\bank-graduation-project-main\\bank-graduation-project-main\\vendor\\laravel\\framework\\src\\Illuminate\\Pipeline\\Pipeline.php(219): Illuminate\\Foundation\\Http\\Middleware\\VerifyCsrfToken->handle(Object(Illuminate\\Http\\Request), Object(Closure))
#23 C:\\Users\\Doaa alsattari\\Downloads\\bank-graduation-project-main\\bank-graduation-project-main\\vendor\\laravel\\framework\\src\\Illuminate\\View\\Middleware\\ShareErrorsFromSession.php(48): Illuminate\\Pipeline\\Pipeline->Illuminate\\Pipeline\\{closure}(Object(Illuminate\\Http\\Request))
#24 C:\\Users\\Doaa alsattari\\Downloads\\bank-graduation-project-main\\bank-graduation-project-main\\vendor\\laravel\\framework\\src\\Illuminate\\Pipeline\\Pipeline.php(219): Illuminate\\View\\Middleware\\ShareErrorsFromSession->handle(Object(Illuminate\\Http\\Request), Object(Closure))
#25 C:\\Users\\Doaa alsattari\\Downloads\\bank-graduation-project-main\\bank-graduation-project-main\\vendor\\laravel\\framework\\src\\Illuminate\\Session\\Middleware\\StartSession.php(120): Illuminate\\Pipeline\\Pipeline->Illuminate\\Pipeline\\{closure}(Object(Illuminate\\Http\\Request))
#26 C:\\Users\\Doaa alsattari\\Downloads\\bank-graduation-project-main\\bank-graduation-project-main\\vendor\\laravel\\framework\\src\\Illuminate\\Session\\Middleware\\StartSession.php(63): Illuminate\\Session\\Middleware\\StartSession->handleStatefulRequest(Object(Illuminate\\Http\\Request), Object(Illuminate\\Session\\Store), Object(Closure))
#27 C:\\Users\\Doaa alsattari\\Downloads\\bank-graduation-project-main\\bank-graduation-project-main\\vendor\\laravel\\framework\\src\\Illuminate\\Pipeline\\Pipeline.php(219): Illuminate\\Session\\Middleware\\StartSession->handle(Object(Illuminate\\Http\\Request), Object(Closure))
#28 C:\\Users\\Doaa alsattari\\Downloads\\bank-graduation-project-main\\bank-graduation-project-main\\vendor\\laravel\\framework\\src\\Illuminate\\Cookie\\Middleware\\AddQueuedCookiesToResponse.php(36): Illuminate\\Pipeline\\Pipeline->Illuminate\\Pipeline\\{closure}(Object(Illuminate\\Http\\Request))
#29 C:\\Users\\Doaa alsattari\\Downloads\\bank-graduation-project-main\\bank-graduation-project-main\\vendor\\laravel\\framework\\src\\Illuminate\\Pipeline\\Pipeline.php(219): Illuminate\\Cookie\\Middleware\\AddQueuedCookiesToResponse->handle(Object(Illuminate\\Http\\Request), Object(Closure))
#30 C:\\Users\\Doaa alsattari\\Downloads\\bank-graduation-project-main\\bank-graduation-project-main\\vendor\\laravel\\framework\\src\\Illuminate\\Cookie\\Middleware\\EncryptCookies.php(74): Illuminate\\Pipeline\\Pipeline->Illuminate\\Pipeline\\{closure}(Object(Illuminate\\Http\\Request))
#31 C:\\Users\\Doaa alsattari\\Downloads\\bank-graduation-project-main\\bank-graduation-project-main\\vendor\\laravel\\framework\\src\\Illuminate\\Pipeline\\Pipeline.php(219): Illuminate\\Cookie\\Middleware\\EncryptCookies->handle(Object(Illuminate\\Http\\Request), Object(Closure))
#32 C:\\Users\\Doaa alsattari\\Downloads\\bank-graduation-project-main\\bank-graduation-project-main\\vendor\\laravel\\framework\\src\\Illuminate\\Pipeline\\Pipeline.php(137): Illuminate\\Pipeline\\Pipeline->Illuminate\\Pipeline\\{closure}(Object(Illuminate\\Http\\Request))
#33 C:\\Users\\Doaa alsattari\\Downloads\\bank-graduation-project-main\\bank-graduation-project-main\\vendor\\laravel\\framework\\src\\Illuminate\\Routing\\Router.php(821): Illuminate\\Pipeline\\Pipeline->then(Object(Closure))
#34 C:\\Users\\Doaa alsattari\\Downloads\\bank-graduation-project-main\\bank-graduation-project-main\\vendor\\laravel\\framework\\src\\Illuminate\\Routing\\Router.php(800): Illuminate\\Routing\\Router->runRouteWithinStack(Object(Illuminate\\Routing\\Route), Object(Illuminate\\Http\\Request))
#35 C:\\Users\\Doaa alsattari\\Downloads\\bank-graduation-project-main\\bank-graduation-project-main\\vendor\\laravel\\framework\\src\\Illuminate\\Routing\\Router.php(764): Illuminate\\Routing\\Router->runRoute(Object(Illuminate\\Http\\Request), Object(Illuminate\\Routing\\Route))
#36 C:\\Users\\Doaa alsattari\\Downloads\\bank-graduation-project-main\\bank-graduation-project-main\\vendor\\laravel\\framework\\src\\Illuminate\\Routing\\Router.php(753): Illuminate\\Routing\\Router->dispatchToRoute(Object(Illuminate\\Http\\Request))
#37 C:\\Users\\Doaa alsattari\\Downloads\\bank-graduation-project-main\\bank-graduation-project-main\\vendor\\laravel\\framework\\src\\Illuminate\\Foundation\\Http\\Kernel.php(200): Illuminate\\Routing\\Router->dispatch(Object(Illuminate\\Http\\Request))
#38 C:\\Users\\Doaa alsattari\\Downloads\\bank-graduation-project-main\\bank-graduation-project-main\\vendor\\laravel\\framework\\src\\Illuminate\\Pipeline\\Pipeline.php(180): Illuminate\\Foundation\\Http\\Kernel->Illuminate\\Foundation\\Http\\{closure}(Object(Illuminate\\Http\\Request))
#39 C:\\Users\\Doaa alsattari\\Downloads\\bank-graduation-project-main\\bank-graduation-project-main\\vendor\\laravel\\framework\\src\\Illuminate\\Foundation\\Http\\Middleware\\TransformsRequest.php(21): Illuminate\\Pipeline\\Pipeline->Illuminate\\Pipeline\\{closure}(Object(Illuminate\\Http\\Request))
#40 C:\\Users\\Doaa alsattari\\Downloads\\bank-graduation-project-main\\bank-graduation-project-main\\vendor\\laravel\\framework\\src\\Illuminate\\Foundation\\Http\\Middleware\\ConvertEmptyStringsToNull.php(31): Illuminate\\Foundation\\Http\\Middleware\\TransformsRequest->handle(Object(Illuminate\\Http\\Request), Object(Closure))
#41 C:\\Users\\Doaa alsattari\\Downloads\\bank-graduation-project-main\\bank-graduation-project-main\\vendor\\laravel\\framework\\src\\Illuminate\\Pipeline\\Pipeline.php(219): Illuminate\\Foundation\\Http\\Middleware\\ConvertEmptyStringsToNull->handle(Object(Illuminate\\Http\\Request), Object(Closure))
#42 C:\\Users\\Doaa alsattari\\Downloads\\bank-graduation-project-main\\bank-graduation-project-main\\vendor\\laravel\\framework\\src\\Illuminate\\Foundation\\Http\\Middleware\\TransformsRequest.php(21): Illuminate\\Pipeline\\Pipeline->Illuminate\\Pipeline\\{closure}(Object(Illuminate\\Http\\Request))
#43 C:\\Users\\Doaa alsattari\\Downloads\\bank-graduation-project-main\\bank-graduation-project-main\\vendor\\laravel\\framework\\src\\Illuminate\\Foundation\\Http\\Middleware\\TrimStrings.php(51): Illuminate\\Foundation\\Http\\Middleware\\TransformsRequest->handle(Object(Illuminate\\Http\\Request), Object(Closure))
#44 C:\\Users\\Doaa alsattari\\Downloads\\bank-graduation-project-main\\bank-graduation-project-main\\vendor\\laravel\\framework\\src\\Illuminate\\Pipeline\\Pipeline.php(219): Illuminate\\Foundation\\Http\\Middleware\\TrimStrings->handle(Object(Illuminate\\Http\\Request), Object(Closure))
#45 C:\\Users\\Doaa alsattari\\Downloads\\bank-graduation-project-main\\bank-graduation-project-main\\vendor\\laravel\\framework\\src\\Illuminate\\Http\\Middleware\\ValidatePostSize.php(27): Illuminate\\Pipeline\\Pipeline->Illuminate\\Pipeline\\{closure}(Object(Illuminate\\Http\\Request))
#46 C:\\Users\\Doaa alsattari\\Downloads\\bank-graduation-project-main\\bank-graduation-project-main\\vendor\\laravel\\framework\\src\\Illuminate\\Pipeline\\Pipeline.php(219): Illuminate\\Http\\Middleware\\ValidatePostSize->handle(Object(Illuminate\\Http\\Request), Object(Closure))
#47 C:\\Users\\Doaa alsattari\\Downloads\\bank-graduation-project-main\\bank-graduation-project-main\\vendor\\laravel\\framework\\src\\Illuminate\\Foundation\\Http\\Middleware\\PreventRequestsDuringMaintenance.php(109): Illuminate\\Pipeline\\Pipeline->Illuminate\\Pipeline\\{closure}(Object(Illuminate\\Http\\Request))
#48 C:\\Users\\Doaa alsattari\\Downloads\\bank-graduation-project-main\\bank-graduation-project-main\\vendor\\laravel\\framework\\src\\Illuminate\\Pipeline\\Pipeline.php(219): Illuminate\\Foundation\\Http\\Middleware\\PreventRequestsDuringMaintenance->handle(Object(Illuminate\\Http\\Request), Object(Closure))
#49 C:\\Users\\Doaa alsattari\\Downloads\\bank-graduation-project-main\\bank-graduation-project-main\\vendor\\laravel\\framework\\src\\Illuminate\\Http\\Middleware\\HandleCors.php(48): Illuminate\\Pipeline\\Pipeline->Illuminate\\Pipeline\\{closure}(Object(Illuminate\\Http\\Request))
#50 C:\\Users\\Doaa alsattari\\Downloads\\bank-graduation-project-main\\bank-graduation-project-main\\vendor\\laravel\\framework\\src\\Illuminate\\Pipeline\\Pipeline.php(219): Illuminate\\Http\\Middleware\\HandleCors->handle(Object(Illuminate\\Http\\Request), Object(Closure))
#51 C:\\Users\\Doaa alsattari\\Downloads\\bank-graduation-project-main\\bank-graduation-project-main\\vendor\\laravel\\framework\\src\\Illuminate\\Http\\Middleware\\TrustProxies.php(58): Illuminate\\Pipeline\\Pipeline->Illuminate\\Pipeline\\{closure}(Object(Illuminate\\Http\\Request))
#52 C:\\Users\\Doaa alsattari\\Downloads\\bank-graduation-project-main\\bank-graduation-project-main\\vendor\\laravel\\framework\\src\\Illuminate\\Pipeline\\Pipeline.php(219): Illuminate\\Http\\Middleware\\TrustProxies->handle(Object(Illuminate\\Http\\Request), Object(Closure))
#53 C:\\Users\\Doaa alsattari\\Downloads\\bank-graduation-project-main\\bank-graduation-project-main\\vendor\\laravel\\framework\\src\\Illuminate\\Foundation\\Http\\Middleware\\InvokeDeferredCallbacks.php(22): Illuminate\\Pipeline\\Pipeline->Illuminate\\Pipeline\\{closure}(Object(Illuminate\\Http\\Request))
#54 C:\\Users\\Doaa alsattari\\Downloads\\bank-graduation-project-main\\bank-graduation-project-main\\vendor\\laravel\\framework\\src\\Illuminate\\Pipeline\\Pipeline.php(219): Illuminate\\Foundation\\Http\\Middleware\\InvokeDeferredCallbacks->handle(Object(Illuminate\\Http\\Request), Object(Closure))
#55 C:\\Users\\Doaa alsattari\\Downloads\\bank-graduation-project-main\\bank-graduation-project-main\\vendor\\laravel\\framework\\src\\Illuminate\\Http\\Middleware\\ValidatePathEncoding.php(26): Illuminate\\Pipeline\\Pipeline->Illuminate\\Pipeline\\{closure}(Object(Illuminate\\Http\\Request))
#56 C:\\Users\\Doaa alsattari\\Downloads\\bank-graduation-project-main\\bank-graduation-project-main\\vendor\\laravel\\framework\\src\\Illuminate\\Pipeline\\Pipeline.php(219): Illuminate\\Http\\Middleware\\ValidatePathEncoding->handle(Object(Illuminate\\Http\\Request), Object(Closure))
#57 C:\\Users\\Doaa alsattari\\Downloads\\bank-graduation-project-main\\bank-graduation-project-main\\vendor\\laravel\\framework\\src\\Illuminate\\Pipeline\\Pipeline.php(137): Illuminate\\Pipeline\\Pipeline->Illuminate\\Pipeline\\{closure}(Object(Illuminate\\Http\\Request))
#58 C:\\Users\\Doaa alsattari\\Downloads\\bank-graduation-project-main\\bank-graduation-project-main\\vendor\\laravel\\framework\\src\\Illuminate\\Foundation\\Http\\Kernel.php(175): Illuminate\\Pipeline\\Pipeline->then(Object(Closure))
#59 C:\\Users\\Doaa alsattari\\Downloads\\bank-graduation-project-main\\bank-graduation-project-main\\vendor\\laravel\\framework\\src\\Illuminate\\Foundation\\Http\\Kernel.php(144): Illuminate\\Foundation\\Http\\Kernel->sendRequestThroughRouter(Object(Illuminate\\Http\\Request))
#60 C:\\Users\\Doaa alsattari\\Downloads\\bank-graduation-project-main\\bank-graduation-project-main\\vendor\\laravel\\framework\\src\\Illuminate\\Foundation\\Application.php(1220): Illuminate\\Foundation\\Http\\Kernel->handle(Object(Illuminate\\Http\\Request))
#61 C:\\Users\\Doaa alsattari\\Downloads\\bank-graduation-project-main\\bank-graduation-project-main\\public\\index.php(20): Illuminate\\Foundation\\Application->handleRequest(Object(Illuminate\\Http\\Request))
#62 C:\\Users\\Doaa alsattari\\Downloads\\bank-graduation-project-main\\bank-graduation-project-main\\vendor\\laravel\\framework\\src\\Illuminate\\Foundation\\resources\\server.php(23): require_once('C:\\\\Users\\\\Doaa a...')
#63 {main}

[previous exception] [object] (Symfony\\Component\\Routing\\Exception\\RouteNotFoundException(code: 0): Route [admin.role.index] not defined. at C:\\Users\\Doaa alsattari\\Downloads\\bank-graduation-project-main\\bank-graduation-project-main\\vendor\\laravel\\framework\\src\\Illuminate\\Routing\\UrlGenerator.php:526)
[stacktrace]
#0 C:\\Users\\Doaa alsattari\\Downloads\\bank-graduation-project-main\\bank-graduation-project-main\\vendor\\laravel\\framework\\src\\Illuminate\\Foundation\\helpers.php(871): Illuminate\\Routing\\UrlGenerator->route('admin.role.inde...', Array, true)
#1 C:\\Users\\Doaa alsattari\\Downloads\\bank-graduation-project-main\\bank-graduation-project-main\\storage\\framework\\views\\8d1804cc2fea94f73a4815e475c3a51a.php(129): route('admin.role.inde...')
#2 C:\\Users\\Doaa alsattari\\Downloads\\bank-graduation-project-main\\bank-graduation-project-main\\vendor\\laravel\\framework\\src\\Illuminate\\Filesystem\\Filesystem.php(123): require('C:\\\\Users\\\\Doaa a...')
#3 C:\\Users\\Doaa alsattari\\Downloads\\bank-graduation-project-main\\bank-graduation-project-main\\vendor\\laravel\\framework\\src\\Illuminate\\Filesystem\\Filesystem.php(124): Illuminate\\Filesystem\\Filesystem::Illuminate\\Filesystem\\{closure}()
#4 C:\\Users\\Doaa alsattari\\Downloads\\bank-graduation-project-main\\bank-graduation-project-main\\vendor\\laravel\\framework\\src\\Illuminate\\View\\Engines\\PhpEngine.php(57): Illuminate\\Filesystem\\Filesystem->getRequire('C:\\\\Users\\\\Doaa a...', Array)
#5 C:\\Users\\Doaa alsattari\\Downloads\\bank-graduation-project-main\\bank-graduation-project-main\\vendor\\laravel\\framework\\src\\Illuminate\\View\\Engines\\CompilerEngine.php(76): Illuminate\\View\\Engines\\PhpEngine->evaluatePath('C:\\\\Users\\\\Doaa a...', Array)
#6 C:\\Users\\Doaa alsattari\\Downloads\\bank-graduation-project-main\\bank-graduation-project-main\\vendor\\laravel\\framework\\src\\Illuminate\\View\\View.php(208): Illuminate\\View\\Engines\\CompilerEngine->get('C:\\\\Users\\\\Doaa a...', Array)
#7 C:\\Users\\Doaa alsattari\\Downloads\\bank-graduation-project-main\\bank-graduation-project-main\\vendor\\laravel\\framework\\src\\Illuminate\\View\\View.php(191): Illuminate\\View\\View->getContents()
#8 C:\\Users\\Doaa alsattari\\Downloads\\bank-graduation-project-main\\bank-graduation-project-main\\vendor\\laravel\\framework\\src\\Illuminate\\View\\View.php(160): Illuminate\\View\\View->renderContents()
#9 C:\\Users\\Doaa alsattari\\Downloads\\bank-graduation-project-main\\bank-graduation-project-main\\vendor\\laravel\\framework\\src\\Illuminate\\Http\\Response.php(78): Illuminate\\View\\View->render()
#10 C:\\Users\\Doaa alsattari\\Downloads\\bank-graduation-project-main\\bank-graduation-project-main\\vendor\\laravel\\framework\\src\\Illuminate\\Http\\Response.php(34): Illuminate\\Http\\Response->setContent(Object(Illuminate\\View\\View))
#11 C:\\Users\\Doaa alsattari\\Downloads\\bank-graduation-project-main\\bank-graduation-project-main\\vendor\\laravel\\framework\\src\\Illuminate\\Routing\\Router.php(939): Illuminate\\Http\\Response->__construct(Object(Illuminate\\View\\View), 200, Array)
#12 C:\\Users\\Doaa alsattari\\Downloads\\bank-graduation-project-main\\bank-graduation-project-main\\vendor\\laravel\\framework\\src\\Illuminate\\Routing\\Router.php(906): Illuminate\\Routing\\Router::toResponse(Object(Illuminate\\Http\\Request), Object(Illuminate\\View\\View))
#13 C:\\Users\\Doaa alsattari\\Downloads\\bank-graduation-project-main\\bank-graduation-project-main\\vendor\\laravel\\framework\\src\\Illuminate\\Routing\\Router.php(821): Illuminate\\Routing\\Router->prepareResponse(Object(Illuminate\\Http\\Request), Object(Illuminate\\View\\View))
#14 C:\\Users\\Doaa alsattari\\Downloads\\bank-graduation-project-main\\bank-graduation-project-main\\vendor\\laravel\\framework\\src\\Illuminate\\Pipeline\\Pipeline.php(180): Illuminate\\Routing\\Router->Illuminate\\Routing\\{closure}(Object(Illuminate\\Http\\Request))
#15 C:\\Users\\Doaa alsattari\\Downloads\\bank-graduation-project-main\\bank-graduation-project-main\\app\\Http\\Middleware\\CheckPermission.php(27): Illuminate\\Pipeline\\Pipeline->Illuminate\\Pipeline\\{closure}(Object(Illuminate\\Http\\Request))
#16 C:\\Users\\Doaa alsattari\\Downloads\\bank-graduation-project-main\\bank-graduation-project-main\\vendor\\laravel\\framework\\src\\Illuminate\\Pipeline\\Pipeline.php(219): App\\Http\\Middleware\\CheckPermission->handle(Object(Illuminate\\Http\\Request), Object(Closure), 'view_admin_dash...')
#17 C:\\Users\\Doaa alsattari\\Downloads\\bank-graduation-project-main\\bank-graduation-project-main\\app\\Http\\Middleware\\CheckRole.php(27): Illuminate\\Pipeline\\Pipeline->Illuminate\\Pipeline\\{closure}(Object(Illuminate\\Http\\Request))
#18 C:\\Users\\Doaa alsattari\\Downloads\\bank-graduation-project-main\\bank-graduation-project-main\\vendor\\laravel\\framework\\src\\Illuminate\\Pipeline\\Pipeline.php(219): App\\Http\\Middleware\\CheckRole->handle(Object(Illuminate\\Http\\Request), Object(Closure), 'super_admin', 'admin')
#19 C:\\Users\\Doaa alsattari\\Downloads\\bank-graduation-project-main\\bank-graduation-project-main\\app\\Http\\Middleware\\SetLocale.php(28): Illuminate\\Pipeline\\Pipeline->Illuminate\\Pipeline\\{closure}(Object(Illuminate\\Http\\Request))
#20 C:\\Users\\Doaa alsattari\\Downloads\\bank-graduation-project-main\\bank-graduation-project-main\\vendor\\laravel\\framework\\src\\Illuminate\\Pipeline\\Pipeline.php(219): App\\Http\\Middleware\\SetLocale->handle(Object(Illuminate\\Http\\Request), Object(Closure))
#21 C:\\Users\\Doaa alsattari\\Downloads\\bank-graduation-project-main\\bank-graduation-project-main\\vendor\\laravel\\framework\\src\\Illuminate\\Routing\\Middleware\\SubstituteBindings.php(50): Illuminate\\Pipeline\\Pipeline->Illuminate\\Pipeline\\{closure}(Object(Illuminate\\Http\\Request))
#22 C:\\Users\\Doaa alsattari\\Downloads\\bank-graduation-project-main\\bank-graduation-project-main\\vendor\\laravel\\framework\\src\\Illuminate\\Pipeline\\Pipeline.php(219): Illuminate\\Routing\\Middleware\\SubstituteBindings->handle(Object(Illuminate\\Http\\Request), Object(Closure))
#23 C:\\Users\\Doaa alsattari\\Downloads\\bank-graduation-project-main\\bank-graduation-project-main\\vendor\\laravel\\framework\\src\\Illuminate\\Auth\\Middleware\\Authenticate.php(63): Illuminate\\Pipeline\\Pipeline->Illuminate\\Pipeline\\{closure}(Object(Illuminate\\Http\\Request))
#24 C:\\Users\\Doaa alsattari\\Downloads\\bank-graduation-project-main\\bank-graduation-project-main\\vendor\\laravel\\framework\\src\\Illuminate\\Pipeline\\Pipeline.php(219): Illuminate\\Auth\\Middleware\\Authenticate->handle(Object(Illuminate\\Http\\Request), Object(Closure))
#25 C:\\Users\\Doaa alsattari\\Downloads\\bank-graduation-project-main\\bank-graduation-project-main\\vendor\\laravel\\framework\\src\\Illuminate\\Foundation\\Http\\Middleware\\VerifyCsrfToken.php(87): Illuminate\\Pipeline\\Pipeline->Illuminate\\Pipeline\\{closure}(Object(Illuminate\\Http\\Request))
#26 C:\\Users\\Doaa alsattari\\Downloads\\bank-graduation-project-main\\bank-graduation-project-main\\vendor\\laravel\\framework\\src\\Illuminate\\Pipeline\\Pipeline.php(219): Illuminate\\Foundation\\Http\\Middleware\\VerifyCsrfToken->handle(Object(Illuminate\\Http\\Request), Object(Closure))
#27 C:\\Users\\Doaa alsattari\\Downloads\\bank-graduation-project-main\\bank-graduation-project-main\\vendor\\laravel\\framework\\src\\Illuminate\\View\\Middleware\\ShareErrorsFromSession.php(48): Illuminate\\Pipeline\\Pipeline->Illuminate\\Pipeline\\{closure}(Object(Illuminate\\Http\\Request))
#28 C:\\Users\\Doaa alsattari\\Downloads\\bank-graduation-project-main\\bank-graduation-project-main\\vendor\\laravel\\framework\\src\\Illuminate\\Pipeline\\Pipeline.php(219): Illuminate\\View\\Middleware\\ShareErrorsFromSession->handle(Object(Illuminate\\Http\\Request), Object(Closure))
#29 C:\\Users\\Doaa alsattari\\Downloads\\bank-graduation-project-main\\bank-graduation-project-main\\vendor\\laravel\\framework\\src\\Illuminate\\Session\\Middleware\\StartSession.php(120): Illuminate\\Pipeline\\Pipeline->Illuminate\\Pipeline\\{closure}(Object(Illuminate\\Http\\Request))
#30 C:\\Users\\Doaa alsattari\\Downloads\\bank-graduation-project-main\\bank-graduation-project-main\\vendor\\laravel\\framework\\src\\Illuminate\\Session\\Middleware\\StartSession.php(63): Illuminate\\Session\\Middleware\\StartSession->handleStatefulRequest(Object(Illuminate\\Http\\Request), Object(Illuminate\\Session\\Store), Object(Closure))
#31 C:\\Users\\Doaa alsattari\\Downloads\\bank-graduation-project-main\\bank-graduation-project-main\\vendor\\laravel\\framework\\src\\Illuminate\\Pipeline\\Pipeline.php(219): Illuminate\\Session\\Middleware\\StartSession->handle(Object(Illuminate\\Http\\Request), Object(Closure))
#32 C:\\Users\\Doaa alsattari\\Downloads\\bank-graduation-project-main\\bank-graduation-project-main\\vendor\\laravel\\framework\\src\\Illuminate\\Cookie\\Middleware\\AddQueuedCookiesToResponse.php(36): Illuminate\\Pipeline\\Pipeline->Illuminate\\Pipeline\\{closure}(Object(Illuminate\\Http\\Request))
#33 C:\\Users\\Doaa alsattari\\Downloads\\bank-graduation-project-main\\bank-graduation-project-main\\vendor\\laravel\\framework\\src\\Illuminate\\Pipeline\\Pipeline.php(219): Illuminate\\Cookie\\Middleware\\AddQueuedCookiesToResponse->handle(Object(Illuminate\\Http\\Request), Object(Closure))
#34 C:\\Users\\Doaa alsattari\\Downloads\\bank-graduation-project-main\\bank-graduation-project-main\\vendor\\laravel\\framework\\src\\Illuminate\\Cookie\\Middleware\\EncryptCookies.php(74): Illuminate\\Pipeline\\Pipeline->Illuminate\\Pipeline\\{closure}(Object(Illuminate\\Http\\Request))
#35 C:\\Users\\Doaa alsattari\\Downloads\\bank-graduation-project-main\\bank-graduation-project-main\\vendor\\laravel\\framework\\src\\Illuminate\\Pipeline\\Pipeline.php(219): Illuminate\\Cookie\\Middleware\\EncryptCookies->handle(Object(Illuminate\\Http\\Request), Object(Closure))
#36 C:\\Users\\Doaa alsattari\\Downloads\\bank-graduation-project-main\\bank-graduation-project-main\\vendor\\laravel\\framework\\src\\Illuminate\\Pipeline\\Pipeline.php(137): Illuminate\\Pipeline\\Pipeline->Illuminate\\Pipeline\\{closure}(Object(Illuminate\\Http\\Request))
#37 C:\\Users\\Doaa alsattari\\Downloads\\bank-graduation-project-main\\bank-graduation-project-main\\vendor\\laravel\\framework\\src\\Illuminate\\Routing\\Router.php(821): Illuminate\\Pipeline\\Pipeline->then(Object(Closure))
#38 C:\\Users\\Doaa alsattari\\Downloads\\bank-graduation-project-main\\bank-graduation-project-main\\vendor\\laravel\\framework\\src\\Illuminate\\Routing\\Router.php(800): Illuminate\\Routing\\Router->runRouteWithinStack(Object(Illuminate\\Routing\\Route), Object(Illuminate\\Http\\Request))
#39 C:\\Users\\Doaa alsattari\\Downloads\\bank-graduation-project-main\\bank-graduation-project-main\\vendor\\laravel\\framework\\src\\Illuminate\\Routing\\Router.php(764): Illuminate\\Routing\\Router->runRoute(Object(Illuminate\\Http\\Request), Object(Illuminate\\Routing\\Route))
#40 C:\\Users\\Doaa alsattari\\Downloads\\bank-graduation-project-main\\bank-graduation-project-main\\vendor\\laravel\\framework\\src\\Illuminate\\Routing\\Router.php(753): Illuminate\\Routing\\Router->dispatchToRoute(Object(Illuminate\\Http\\Request))
#41 C:\\Users\\Doaa alsattari\\Downloads\\bank-graduation-project-main\\bank-graduation-project-main\\vendor\\laravel\\framework\\src\\Illuminate\\Foundation\\Http\\Kernel.php(200): Illuminate\\Routing\\Router->dispatch(Object(Illuminate\\Http\\Request))
#42 C:\\Users\\Doaa alsattari\\Downloads\\bank-graduation-project-main\\bank-graduation-project-main\\vendor\\laravel\\framework\\src\\Illuminate\\Pipeline\\Pipeline.php(180): Illuminate\\Foundation\\Http\\Kernel->Illuminate\\Foundation\\Http\\{closure}(Object(Illuminate\\Http\\Request))
#43 C:\\Users\\Doaa alsattari\\Downloads\\bank-graduation-project-main\\bank-graduation-project-main\\vendor\\laravel\\framework\\src\\Illuminate\\Foundation\\Http\\Middleware\\TransformsRequest.php(21): Illuminate\\Pipeline\\Pipeline->Illuminate\\Pipeline\\{closure}(Object(Illuminate\\Http\\Request))
#44 C:\\Users\\Doaa alsattari\\Downloads\\bank-graduation-project-main\\bank-graduation-project-main\\vendor\\laravel\\framework\\src\\Illuminate\\Foundation\\Http\\Middleware\\ConvertEmptyStringsToNull.php(31): Illuminate\\Foundation\\Http\\Middleware\\TransformsRequest->handle(Object(Illuminate\\Http\\Request), Object(Closure))
#45 C:\\Users\\Doaa alsattari\\Downloads\\bank-graduation-project-main\\bank-graduation-project-main\\vendor\\laravel\\framework\\src\\Illuminate\\Pipeline\\Pipeline.php(219): Illuminate\\Foundation\\Http\\Middleware\\ConvertEmptyStringsToNull->handle(Object(Illuminate\\Http\\Request), Object(Closure))
#46 C:\\Users\\Doaa alsattari\\Downloads\\bank-graduation-project-main\\bank-graduation-project-main\\vendor\\laravel\\framework\\src\\Illuminate\\Foundation\\Http\\Middleware\\TransformsRequest.php(21): Illuminate\\Pipeline\\Pipeline->Illuminate\\Pipeline\\{closure}(Object(Illuminate\\Http\\Request))
#47 C:\\Users\\Doaa alsattari\\Downloads\\bank-graduation-project-main\\bank-graduation-project-main\\vendor\\laravel\\framework\\src\\Illuminate\\Foundation\\Http\\Middleware\\TrimStrings.php(51): Illuminate\\Foundation\\Http\\Middleware\\TransformsRequest->handle(Object(Illuminate\\Http\\Request), Object(Closure))
#48 C:\\Users\\Doaa alsattari\\Downloads\\bank-graduation-project-main\\bank-graduation-project-main\\vendor\\laravel\\framework\\src\\Illuminate\\Pipeline\\Pipeline.php(219): Illuminate\\Foundation\\Http\\Middleware\\TrimStrings->handle(Object(Illuminate\\Http\\Request), Object(Closure))
#49 C:\\Users\\Doaa alsattari\\Downloads\\bank-graduation-project-main\\bank-graduation-project-main\\vendor\\laravel\\framework\\src\\Illuminate\\Http\\Middleware\\ValidatePostSize.php(27): Illuminate\\Pipeline\\Pipeline->Illuminate\\Pipeline\\{closure}(Object(Illuminate\\Http\\Request))
#50 C:\\Users\\Doaa alsattari\\Downloads\\bank-graduation-project-main\\bank-graduation-project-main\\vendor\\laravel\\framework\\src\\Illuminate\\Pipeline\\Pipeline.php(219): Illuminate\\Http\\Middleware\\ValidatePostSize->handle(Object(Illuminate\\Http\\Request), Object(Closure))
#51 C:\\Users\\Doaa alsattari\\Downloads\\bank-graduation-project-main\\bank-graduation-project-main\\vendor\\laravel\\framework\\src\\Illuminate\\Foundation\\Http\\Middleware\\PreventRequestsDuringMaintenance.php(109): Illuminate\\Pipeline\\Pipeline->Illuminate\\Pipeline\\{closure}(Object(Illuminate\\Http\\Request))
#52 C:\\Users\\Doaa alsattari\\Downloads\\bank-graduation-project-main\\bank-graduation-project-main\\vendor\\laravel\\framework\\src\\Illuminate\\Pipeline\\Pipeline.php(219): Illuminate\\Foundation\\Http\\Middleware\\PreventRequestsDuringMaintenance->handle(Object(Illuminate\\Http\\Request), Object(Closure))
#53 C:\\Users\\Doaa alsattari\\Downloads\\bank-graduation-project-main\\bank-graduation-project-main\\vendor\\laravel\\framework\\src\\Illuminate\\Http\\Middleware\\HandleCors.php(48): Illuminate\\Pipeline\\Pipeline->Illuminate\\Pipeline\\{closure}(Object(Illuminate\\Http\\Request))
#54 C:\\Users\\Doaa alsattari\\Downloads\\bank-graduation-project-main\\bank-graduation-project-main\\vendor\\laravel\\framework\\src\\Illuminate\\Pipeline\\Pipeline.php(219): Illuminate\\Http\\Middleware\\HandleCors->handle(Object(Illuminate\\Http\\Request), Object(Closure))
#55 C:\\Users\\Doaa alsattari\\Downloads\\bank-graduation-project-main\\bank-graduation-project-main\\vendor\\laravel\\framework\\src\\Illuminate\\Http\\Middleware\\TrustProxies.php(58): Illuminate\\Pipeline\\Pipeline->Illuminate\\Pipeline\\{closure}(Object(Illuminate\\Http\\Request))
#56 C:\\Users\\Doaa alsattari\\Downloads\\bank-graduation-project-main\\bank-graduation-project-main\\vendor\\laravel\\framework\\src\\Illuminate\\Pipeline\\Pipeline.php(219): Illuminate\\Http\\Middleware\\TrustProxies->handle(Object(Illuminate\\Http\\Request), Object(Closure))
#57 C:\\Users\\Doaa alsattari\\Downloads\\bank-graduation-project-main\\bank-graduation-project-main\\vendor\\laravel\\framework\\src\\Illuminate\\Foundation\\Http\\Middleware\\InvokeDeferredCallbacks.php(22): Illuminate\\Pipeline\\Pipeline->Illuminate\\Pipeline\\{closure}(Object(Illuminate\\Http\\Request))
#58 C:\\Users\\Doaa alsattari\\Downloads\\bank-graduation-project-main\\bank-graduation-project-main\\vendor\\laravel\\framework\\src\\Illuminate\\Pipeline\\Pipeline.php(219): Illuminate\\Foundation\\Http\\Middleware\\InvokeDeferredCallbacks->handle(Object(Illuminate\\Http\\Request), Object(Closure))
#59 C:\\Users\\Doaa alsattari\\Downloads\\bank-graduation-project-main\\bank-graduation-project-main\\vendor\\laravel\\framework\\src\\Illuminate\\Http\\Middleware\\ValidatePathEncoding.php(26): Illuminate\\Pipeline\\Pipeline->Illuminate\\Pipeline\\{closure}(Object(Illuminate\\Http\\Request))
#60 C:\\Users\\Doaa alsattari\\Downloads\\bank-graduation-project-main\\bank-graduation-project-main\\vendor\\laravel\\framework\\src\\Illuminate\\Pipeline\\Pipeline.php(219): Illuminate\\Http\\Middleware\\ValidatePathEncoding->handle(Object(Illuminate\\Http\\Request), Object(Closure))
#61 C:\\Users\\Doaa alsattari\\Downloads\\bank-graduation-project-main\\bank-graduation-project-main\\vendor\\laravel\\framework\\src\\Illuminate\\Pipeline\\Pipeline.php(137): Illuminate\\Pipeline\\Pipeline->Illuminate\\Pipeline\\{closure}(Object(Illuminate\\Http\\Request))
#62 C:\\Users\\Doaa alsattari\\Downloads\\bank-graduation-project-main\\bank-graduation-project-main\\vendor\\laravel\\framework\\src\\Illuminate\\Foundation\\Http\\Kernel.php(175): Illuminate\\Pipeline\\Pipeline->then(Object(Closure))
#63 C:\\Users\\Doaa alsattari\\Downloads\\bank-graduation-project-main\\bank-graduation-project-main\\vendor\\laravel\\framework\\src\\Illuminate\\Foundation\\Http\\Kernel.php(144): Illuminate\\Foundation\\Http\\Kernel->sendRequestThroughRouter(Object(Illuminate\\Http\\Request))
#64 C:\\Users\\Doaa alsattari\\Downloads\\bank-graduation-project-main\\bank-graduation-project-main\\vendor\\laravel\\framework\\src\\Illuminate\\Foundation\\Application.php(1220): Illuminate\\Foundation\\Http\\Kernel->handle(Object(Illuminate\\Http\\Request))
#65 C:\\Users\\Doaa alsattari\\Downloads\\bank-graduation-project-main\\bank-graduation-project-main\\public\\index.php(20): Illuminate\\Foundation\\Application->handleRequest(Object(Illuminate\\Http\\Request))
#66 C:\\Users\\Doaa alsattari\\Downloads\\bank-graduation-project-main\\bank-graduation-project-main\\vendor\\laravel\\framework\\src\\Illuminate\\Foundation\\resources\\server.php(23): require_once('C:\\\\Users\\\\Doaa a...')
#67 {main}
"} 
[2025-10-29 16:04:11] local.ERROR: SQLSTATE[HY000]: General error: 1364 Field 'account_number' doesn't have a default value (Connection: mysql, SQL: insert into `users` (`name`, `email`, `phone`, `password`, `pin_code`, `balance`, `daily_limit`, `is_active`, `updated_at`, `created_at`) values (‪Ezz K.‬, emk2314949@gmail.com, 0599333051, $2y$12$zPOdYM8EFrovBIfaq7At3.NNZsHfQQpfuQadJ0BrqQEgRTMmkya16, $2y$12$hWhoryC2IUuP2QumdFO3Au8psN4sI/JLqE4xXv5.E.BdN6pjVT1GG, 0, 5000, 1, 2025-10-29 16:04:11, 2025-10-29 16:04:11)) {"userId":1,"exception":"[object] (Illuminate\\Database\\QueryException(code: HY000): SQLSTATE[HY000]: General error: 1364 Field 'account_number' doesn't have a default value (Connection: mysql, SQL: insert into `users` (`name`, `email`, `phone`, `password`, `pin_code`, `balance`, `daily_limit`, `is_active`, `updated_at`, `created_at`) values (‪Ezz K.‬, emk2314949@gmail.com, 0599333051, $2y$12$zPOdYM8EFrovBIfaq7At3.NNZsHfQQpfuQadJ0BrqQEgRTMmkya16, $2y$12$hWhoryC2IUuP2QumdFO3Au8psN4sI/JLqE4xXv5.E.BdN6pjVT1GG, 0, 5000, 1, 2025-10-29 16:04:11, 2025-10-29 16:04:11)) at C:\\xampp\\htdocs\\bank-graduation-project-main\\vendor\\laravel\\framework\\src\\Illuminate\\Database\\Connection.php:824)
[stacktrace]
#0 C:\\xampp\\htdocs\\bank-graduation-project-main\\vendor\\laravel\\framework\\src\\Illuminate\\Database\\Connection.php(778): Illuminate\\Database\\Connection->runQueryCallback('insert into `us...', Array, Object(Closure))
#1 C:\\xampp\\htdocs\\bank-graduation-project-main\\vendor\\laravel\\framework\\src\\Illuminate\\Database\\MySqlConnection.php(42): Illuminate\\Database\\Connection->run('insert into `us...', Array, Object(Closure))
#2 C:\\xampp\\htdocs\\bank-graduation-project-main\\vendor\\laravel\\framework\\src\\Illuminate\\Database\\Query\\Processors\\MySqlProcessor.php(35): Illuminate\\Database\\MySqlConnection->insert('insert into `us...', Array, 'id')
#3 C:\\xampp\\htdocs\\bank-graduation-project-main\\vendor\\laravel\\framework\\src\\Illuminate\\Database\\Query\\Builder.php(3853): Illuminate\\Database\\Query\\Processors\\MySqlProcessor->processInsertGetId(Object(Illuminate\\Database\\Query\\Builder), 'insert into `us...', Array, 'id')
#4 C:\\xampp\\htdocs\\bank-graduation-project-main\\vendor\\laravel\\framework\\src\\Illuminate\\Database\\Eloquent\\Builder.php(2235): Illuminate\\Database\\Query\\Builder->insertGetId(Array, 'id')
#5 C:\\xampp\\htdocs\\bank-graduation-project-main\\vendor\\laravel\\framework\\src\\Illuminate\\Database\\Eloquent\\Model.php(1436): Illuminate\\Database\\Eloquent\\Builder->__call('insertGetId', Array)
#6 C:\\xampp\\htdocs\\bank-graduation-project-main\\vendor\\laravel\\framework\\src\\Illuminate\\Database\\Eloquent\\Model.php(1401): Illuminate\\Database\\Eloquent\\Model->insertAndSetId(Object(Illuminate\\Database\\Eloquent\\Builder), Array)
#7 C:\\xampp\\htdocs\\bank-graduation-project-main\\vendor\\laravel\\framework\\src\\Illuminate\\Database\\Eloquent\\Model.php(1240): Illuminate\\Database\\Eloquent\\Model->performInsert(Object(Illuminate\\Database\\Eloquent\\Builder))
#8 C:\\xampp\\htdocs\\bank-graduation-project-main\\vendor\\laravel\\framework\\src\\Illuminate\\Database\\Eloquent\\Builder.php(1219): Illuminate\\Database\\Eloquent\\Model->save()
#9 C:\\xampp\\htdocs\\bank-graduation-project-main\\vendor\\laravel\\framework\\src\\Illuminate\\Support\\helpers.php(390): Illuminate\\Database\\Eloquent\\Builder->Illuminate\\Database\\Eloquent\\{closure}(Object(App\\Models\\User))
#10 C:\\xampp\\htdocs\\bank-graduation-project-main\\vendor\\laravel\\framework\\src\\Illuminate\\Database\\Eloquent\\Builder.php(1218): tap(Object(App\\Models\\User), Object(Closure))
#11 C:\\xampp\\htdocs\\bank-graduation-project-main\\vendor\\laravel\\framework\\src\\Illuminate\\Support\\Traits\\ForwardsCalls.php(23): Illuminate\\Database\\Eloquent\\Builder->create(Array)
#12 C:\\xampp\\htdocs\\bank-graduation-project-main\\vendor\\laravel\\framework\\src\\Illuminate\\Database\\Eloquent\\Model.php(2540): Illuminate\\Database\\Eloquent\\Model->forwardCallTo(Object(Illuminate\\Database\\Eloquent\\Builder), 'create', Array)
#13 C:\\xampp\\htdocs\\bank-graduation-project-main\\vendor\\laravel\\framework\\src\\Illuminate\\Database\\Eloquent\\Model.php(2556): Illuminate\\Database\\Eloquent\\Model->__call('create', Array)
#14 C:\\xampp\\htdocs\\bank-graduation-project-main\\app\\Http\\Controllers\\Admin\\UserManagementController.php(90): Illuminate\\Database\\Eloquent\\Model::__callStatic('create', Array)
#15 C:\\xampp\\htdocs\\bank-graduation-project-main\\vendor\\laravel\\framework\\src\\Illuminate\\Routing\\ControllerDispatcher.php(46): App\\Http\\Controllers\\Admin\\UserManagementController->store(Object(Illuminate\\Http\\Request))
#16 C:\\xampp\\htdocs\\bank-graduation-project-main\\vendor\\laravel\\framework\\src\\Illuminate\\Routing\\Route.php(265): Illuminate\\Routing\\ControllerDispatcher->dispatch(Object(Illuminate\\Routing\\Route), Object(App\\Http\\Controllers\\Admin\\UserManagementController), 'store')
#17 C:\\xampp\\htdocs\\bank-graduation-project-main\\vendor\\laravel\\framework\\src\\Illuminate\\Routing\\Route.php(211): Illuminate\\Routing\\Route->runController()
#18 C:\\xampp\\htdocs\\bank-graduation-project-main\\vendor\\laravel\\framework\\src\\Illuminate\\Routing\\Router.php(822): Illuminate\\Routing\\Route->run()
#19 C:\\xampp\\htdocs\\bank-graduation-project-main\\vendor\\laravel\\framework\\src\\Illuminate\\Pipeline\\Pipeline.php(180): Illuminate\\Routing\\Router->Illuminate\\Routing\\{closure}(Object(Illuminate\\Http\\Request))
#20 C:\\xampp\\htdocs\\bank-graduation-project-main\\app\\Http\\Middleware\\CheckPermission.php(27): Illuminate\\Pipeline\\Pipeline->Illuminate\\Pipeline\\{closure}(Object(Illuminate\\Http\\Request))
#21 C:\\xampp\\htdocs\\bank-graduation-project-main\\vendor\\laravel\\framework\\src\\Illuminate\\Pipeline\\Pipeline.php(219): App\\Http\\Middleware\\CheckPermission->handle(Object(Illuminate\\Http\\Request), Object(Closure), 'create_users')
#22 C:\\xampp\\htdocs\\bank-graduation-project-main\\app\\Http\\Middleware\\CheckRole.php(27): Illuminate\\Pipeline\\Pipeline->Illuminate\\Pipeline\\{closure}(Object(Illuminate\\Http\\Request))
#23 C:\\xampp\\htdocs\\bank-graduation-project-main\\vendor\\laravel\\framework\\src\\Illuminate\\Pipeline\\Pipeline.php(219): App\\Http\\Middleware\\CheckRole->handle(Object(Illuminate\\Http\\Request), Object(Closure), 'super_admin', 'admin')
#24 C:\\xampp\\htdocs\\bank-graduation-project-main\\app\\Http\\Middleware\\SetLocale.php(28): Illuminate\\Pipeline\\Pipeline->Illuminate\\Pipeline\\{closure}(Object(Illuminate\\Http\\Request))
#25 C:\\xampp\\htdocs\\bank-graduation-project-main\\vendor\\laravel\\framework\\src\\Illuminate\\Pipeline\\Pipeline.php(219): App\\Http\\Middleware\\SetLocale->handle(Object(Illuminate\\Http\\Request), Object(Closure))
#26 C:\\xampp\\htdocs\\bank-graduation-project-main\\vendor\\laravel\\framework\\src\\Illuminate\\Routing\\Middleware\\SubstituteBindings.php(50): Illuminate\\Pipeline\\Pipeline->Illuminate\\Pipeline\\{closure}(Object(Illuminate\\Http\\Request))
#27 C:\\xampp\\htdocs\\bank-graduation-project-main\\vendor\\laravel\\framework\\src\\Illuminate\\Pipeline\\Pipeline.php(219): Illuminate\\Routing\\Middleware\\SubstituteBindings->handle(Object(Illuminate\\Http\\Request), Object(Closure))
#28 C:\\xampp\\htdocs\\bank-graduation-project-main\\vendor\\laravel\\framework\\src\\Illuminate\\Auth\\Middleware\\Authenticate.php(63): Illuminate\\Pipeline\\Pipeline->Illuminate\\Pipeline\\{closure}(Object(Illuminate\\Http\\Request))
#29 C:\\xampp\\htdocs\\bank-graduation-project-main\\vendor\\laravel\\framework\\src\\Illuminate\\Pipeline\\Pipeline.php(219): Illuminate\\Auth\\Middleware\\Authenticate->handle(Object(Illuminate\\Http\\Request), Object(Closure))
#30 C:\\xampp\\htdocs\\bank-graduation-project-main\\vendor\\laravel\\framework\\src\\Illuminate\\Foundation\\Http\\Middleware\\VerifyCsrfToken.php(87): Illuminate\\Pipeline\\Pipeline->Illuminate\\Pipeline\\{closure}(Object(Illuminate\\Http\\Request))
#31 C:\\xampp\\htdocs\\bank-graduation-project-main\\vendor\\laravel\\framework\\src\\Illuminate\\Pipeline\\Pipeline.php(219): Illuminate\\Foundation\\Http\\Middleware\\VerifyCsrfToken->handle(Object(Illuminate\\Http\\Request), Object(Closure))
#32 C:\\xampp\\htdocs\\bank-graduation-project-main\\vendor\\laravel\\framework\\src\\Illuminate\\View\\Middleware\\ShareErrorsFromSession.php(48): Illuminate\\Pipeline\\Pipeline->Illuminate\\Pipeline\\{closure}(Object(Illuminate\\Http\\Request))
#33 C:\\xampp\\htdocs\\bank-graduation-project-main\\vendor\\laravel\\framework\\src\\Illuminate\\Pipeline\\Pipeline.php(219): Illuminate\\View\\Middleware\\ShareErrorsFromSession->handle(Object(Illuminate\\Http\\Request), Object(Closure))
#34 C:\\xampp\\htdocs\\bank-graduation-project-main\\vendor\\laravel\\framework\\src\\Illuminate\\Session\\Middleware\\StartSession.php(120): Illuminate\\Pipeline\\Pipeline->Illuminate\\Pipeline\\{closure}(Object(Illuminate\\Http\\Request))
#35 C:\\xampp\\htdocs\\bank-graduation-project-main\\vendor\\laravel\\framework\\src\\Illuminate\\Session\\Middleware\\StartSession.php(63): Illuminate\\Session\\Middleware\\StartSession->handleStatefulRequest(Object(Illuminate\\Http\\Request), Object(Illuminate\\Session\\Store), Object(Closure))
#36 C:\\xampp\\htdocs\\bank-graduation-project-main\\vendor\\laravel\\framework\\src\\Illuminate\\Pipeline\\Pipeline.php(219): Illuminate\\Session\\Middleware\\StartSession->handle(Object(Illuminate\\Http\\Request), Object(Closure))
#37 C:\\xampp\\htdocs\\bank-graduation-project-main\\vendor\\laravel\\framework\\src\\Illuminate\\Cookie\\Middleware\\AddQueuedCookiesToResponse.php(36): Illuminate\\Pipeline\\Pipeline->Illuminate\\Pipeline\\{closure}(Object(Illuminate\\Http\\Request))
#38 C:\\xampp\\htdocs\\bank-graduation-project-main\\vendor\\laravel\\framework\\src\\Illuminate\\Pipeline\\Pipeline.php(219): Illuminate\\Cookie\\Middleware\\AddQueuedCookiesToResponse->handle(Object(Illuminate\\Http\\Request), Object(Closure))
#39 C:\\xampp\\htdocs\\bank-graduation-project-main\\vendor\\laravel\\framework\\src\\Illuminate\\Cookie\\Middleware\\EncryptCookies.php(74): Illuminate\\Pipeline\\Pipeline->Illuminate\\Pipeline\\{closure}(Object(Illuminate\\Http\\Request))
#40 C:\\xampp\\htdocs\\bank-graduation-project-main\\vendor\\laravel\\framework\\src\\Illuminate\\Pipeline\\Pipeline.php(219): Illuminate\\Cookie\\Middleware\\EncryptCookies->handle(Object(Illuminate\\Http\\Request), Object(Closure))
#41 C:\\xampp\\htdocs\\bank-graduation-project-main\\vendor\\laravel\\framework\\src\\Illuminate\\Pipeline\\Pipeline.php(137): Illuminate\\Pipeline\\Pipeline->Illuminate\\Pipeline\\{closure}(Object(Illuminate\\Http\\Request))
#42 C:\\xampp\\htdocs\\bank-graduation-project-main\\vendor\\laravel\\framework\\src\\Illuminate\\Routing\\Router.php(821): Illuminate\\Pipeline\\Pipeline->then(Object(Closure))
#43 C:\\xampp\\htdocs\\bank-graduation-project-main\\vendor\\laravel\\framework\\src\\Illuminate\\Routing\\Router.php(800): Illuminate\\Routing\\Router->runRouteWithinStack(Object(Illuminate\\Routing\\Route), Object(Illuminate\\Http\\Request))
#44 C:\\xampp\\htdocs\\bank-graduation-project-main\\vendor\\laravel\\framework\\src\\Illuminate\\Routing\\Router.php(764): Illuminate\\Routing\\Router->runRoute(Object(Illuminate\\Http\\Request), Object(Illuminate\\Routing\\Route))
#45 C:\\xampp\\htdocs\\bank-graduation-project-main\\vendor\\laravel\\framework\\src\\Illuminate\\Routing\\Router.php(753): Illuminate\\Routing\\Router->dispatchToRoute(Object(Illuminate\\Http\\Request))
#46 C:\\xampp\\htdocs\\bank-graduation-project-main\\vendor\\laravel\\framework\\src\\Illuminate\\Foundation\\Http\\Kernel.php(200): Illuminate\\Routing\\Router->dispatch(Object(Illuminate\\Http\\Request))
#47 C:\\xampp\\htdocs\\bank-graduation-project-main\\vendor\\laravel\\framework\\src\\Illuminate\\Pipeline\\Pipeline.php(180): Illuminate\\Foundation\\Http\\Kernel->Illuminate\\Foundation\\Http\\{closure}(Object(Illuminate\\Http\\Request))
#48 C:\\xampp\\htdocs\\bank-graduation-project-main\\vendor\\laravel\\framework\\src\\Illuminate\\Foundation\\Http\\Middleware\\TransformsRequest.php(21): Illuminate\\Pipeline\\Pipeline->Illuminate\\Pipeline\\{closure}(Object(Illuminate\\Http\\Request))
#49 C:\\xampp\\htdocs\\bank-graduation-project-main\\vendor\\laravel\\framework\\src\\Illuminate\\Foundation\\Http\\Middleware\\ConvertEmptyStringsToNull.php(31): Illuminate\\Foundation\\Http\\Middleware\\TransformsRequest->handle(Object(Illuminate\\Http\\Request), Object(Closure))
#50 C:\\xampp\\htdocs\\bank-graduation-project-main\\vendor\\laravel\\framework\\src\\Illuminate\\Pipeline\\Pipeline.php(219): Illuminate\\Foundation\\Http\\Middleware\\ConvertEmptyStringsToNull->handle(Object(Illuminate\\Http\\Request), Object(Closure))
#51 C:\\xampp\\htdocs\\bank-graduation-project-main\\vendor\\laravel\\framework\\src\\Illuminate\\Foundation\\Http\\Middleware\\TransformsRequest.php(21): Illuminate\\Pipeline\\Pipeline->Illuminate\\Pipeline\\{closure}(Object(Illuminate\\Http\\Request))
#52 C:\\xampp\\htdocs\\bank-graduation-project-main\\vendor\\laravel\\framework\\src\\Illuminate\\Foundation\\Http\\Middleware\\TrimStrings.php(51): Illuminate\\Foundation\\Http\\Middleware\\TransformsRequest->handle(Object(Illuminate\\Http\\Request), Object(Closure))
#53 C:\\xampp\\htdocs\\bank-graduation-project-main\\vendor\\laravel\\framework\\src\\Illuminate\\Pipeline\\Pipeline.php(219): Illuminate\\Foundation\\Http\\Middleware\\TrimStrings->handle(Object(Illuminate\\Http\\Request), Object(Closure))
#54 C:\\xampp\\htdocs\\bank-graduation-project-main\\vendor\\laravel\\framework\\src\\Illuminate\\Http\\Middleware\\ValidatePostSize.php(27): Illuminate\\Pipeline\\Pipeline->Illuminate\\Pipeline\\{closure}(Object(Illuminate\\Http\\Request))
#55 C:\\xampp\\htdocs\\bank-graduation-project-main\\vendor\\laravel\\framework\\src\\Illuminate\\Pipeline\\Pipeline.php(219): Illuminate\\Http\\Middleware\\ValidatePostSize->handle(Object(Illuminate\\Http\\Request), Object(Closure))
#56 C:\\xampp\\htdocs\\bank-graduation-project-main\\vendor\\laravel\\framework\\src\\Illuminate\\Foundation\\Http\\Middleware\\PreventRequestsDuringMaintenance.php(109): Illuminate\\Pipeline\\Pipeline->Illuminate\\Pipeline\\{closure}(Object(Illuminate\\Http\\Request))
#57 C:\\xampp\\htdocs\\bank-graduation-project-main\\vendor\\laravel\\framework\\src\\Illuminate\\Pipeline\\Pipeline.php(219): Illuminate\\Foundation\\Http\\Middleware\\PreventRequestsDuringMaintenance->handle(Object(Illuminate\\Http\\Request), Object(Closure))
#58 C:\\xampp\\htdocs\\bank-graduation-project-main\\vendor\\laravel\\framework\\src\\Illuminate\\Http\\Middleware\\HandleCors.php(48): Illuminate\\Pipeline\\Pipeline->Illuminate\\Pipeline\\{closure}(Object(Illuminate\\Http\\Request))
#59 C:\\xampp\\htdocs\\bank-graduation-project-main\\vendor\\laravel\\framework\\src\\Illuminate\\Pipeline\\Pipeline.php(219): Illuminate\\Http\\Middleware\\HandleCors->handle(Object(Illuminate\\Http\\Request), Object(Closure))
#60 C:\\xampp\\htdocs\\bank-graduation-project-main\\vendor\\laravel\\framework\\src\\Illuminate\\Http\\Middleware\\TrustProxies.php(58): Illuminate\\Pipeline\\Pipeline->Illuminate\\Pipeline\\{closure}(Object(Illuminate\\Http\\Request))
#61 C:\\xampp\\htdocs\\bank-graduation-project-main\\vendor\\laravel\\framework\\src\\Illuminate\\Pipeline\\Pipeline.php(219): Illuminate\\Http\\Middleware\\TrustProxies->handle(Object(Illuminate\\Http\\Request), Object(Closure))
#62 C:\\xampp\\htdocs\\bank-graduation-project-main\\vendor\\laravel\\framework\\src\\Illuminate\\Foundation\\Http\\Middleware\\InvokeDeferredCallbacks.php(22): Illuminate\\Pipeline\\Pipeline->Illuminate\\Pipeline\\{closure}(Object(Illuminate\\Http\\Request))
#63 C:\\xampp\\htdocs\\bank-graduation-project-main\\vendor\\laravel\\framework\\src\\Illuminate\\Pipeline\\Pipeline.php(219): Illuminate\\Foundation\\Http\\Middleware\\InvokeDeferredCallbacks->handle(Object(Illuminate\\Http\\Request), Object(Closure))
#64 C:\\xampp\\htdocs\\bank-graduation-project-main\\vendor\\laravel\\framework\\src\\Illuminate\\Http\\Middleware\\ValidatePathEncoding.php(26): Illuminate\\Pipeline\\Pipeline->Illuminate\\Pipeline\\{closure}(Object(Illuminate\\Http\\Request))
#65 C:\\xampp\\htdocs\\bank-graduation-project-main\\vendor\\laravel\\framework\\src\\Illuminate\\Pipeline\\Pipeline.php(219): Illuminate\\Http\\Middleware\\ValidatePathEncoding->handle(Object(Illuminate\\Http\\Request), Object(Closure))
#66 C:\\xampp\\htdocs\\bank-graduation-project-main\\vendor\\laravel\\framework\\src\\Illuminate\\Pipeline\\Pipeline.php(137): Illuminate\\Pipeline\\Pipeline->Illuminate\\Pipeline\\{closure}(Object(Illuminate\\Http\\Request))
#67 C:\\xampp\\htdocs\\bank-graduation-project-main\\vendor\\laravel\\framework\\src\\Illuminate\\Foundation\\Http\\Kernel.php(175): Illuminate\\Pipeline\\Pipeline->then(Object(Closure))
#68 C:\\xampp\\htdocs\\bank-graduation-project-main\\vendor\\laravel\\framework\\src\\Illuminate\\Foundation\\Http\\Kernel.php(144): Illuminate\\Foundation\\Http\\Kernel->sendRequestThroughRouter(Object(Illuminate\\Http\\Request))
#69 C:\\xampp\\htdocs\\bank-graduation-project-main\\vendor\\laravel\\framework\\src\\Illuminate\\Foundation\\Application.php(1220): Illuminate\\Foundation\\Http\\Kernel->handle(Object(Illuminate\\Http\\Request))
#70 C:\\xampp\\htdocs\\bank-graduation-project-main\\public\\index.php(20): Illuminate\\Foundation\\Application->handleRequest(Object(Illuminate\\Http\\Request))
#71 C:\\xampp\\htdocs\\bank-graduation-project-main\\vendor\\laravel\\framework\\src\\Illuminate\\Foundation\\resources\\server.php(23): require_once('C:\\\\xampp\\\\htdocs...')
#72 {main}

[previous exception] [object] (PDOException(code: HY000): SQLSTATE[HY000]: General error: 1364 Field 'account_number' doesn't have a default value at C:\\xampp\\htdocs\\bank-graduation-project-main\\vendor\\laravel\\framework\\src\\Illuminate\\Database\\MySqlConnection.php:53)
[stacktrace]
#0 C:\\xampp\\htdocs\\bank-graduation-project-main\\vendor\\laravel\\framework\\src\\Illuminate\\Database\\MySqlConnection.php(53): PDOStatement->execute()
#1 C:\\xampp\\htdocs\\bank-graduation-project-main\\vendor\\laravel\\framework\\src\\Illuminate\\Database\\Connection.php(811): Illuminate\\Database\\MySqlConnection->Illuminate\\Database\\{closure}('insert into `us...', Array)
#2 C:\\xampp\\htdocs\\bank-graduation-project-main\\vendor\\laravel\\framework\\src\\Illuminate\\Database\\Connection.php(778): Illuminate\\Database\\Connection->runQueryCallback('insert into `us...', Array, Object(Closure))
#3 C:\\xampp\\htdocs\\bank-graduation-project-main\\vendor\\laravel\\framework\\src\\Illuminate\\Database\\MySqlConnection.php(42): Illuminate\\Database\\Connection->run('insert into `us...', Array, Object(Closure))
#4 C:\\xampp\\htdocs\\bank-graduation-project-main\\vendor\\laravel\\framework\\src\\Illuminate\\Database\\Query\\Processors\\MySqlProcessor.php(35): Illuminate\\Database\\MySqlConnection->insert('insert into `us...', Array, 'id')
#5 C:\\xampp\\htdocs\\bank-graduation-project-main\\vendor\\laravel\\framework\\src\\Illuminate\\Database\\Query\\Builder.php(3853): Illuminate\\Database\\Query\\Processors\\MySqlProcessor->processInsertGetId(Object(Illuminate\\Database\\Query\\Builder), 'insert into `us...', Array, 'id')
#6 C:\\xampp\\htdocs\\bank-graduation-project-main\\vendor\\laravel\\framework\\src\\Illuminate\\Database\\Eloquent\\Builder.php(2235): Illuminate\\Database\\Query\\Builder->insertGetId(Array, 'id')
#7 C:\\xampp\\htdocs\\bank-graduation-project-main\\vendor\\laravel\\framework\\src\\Illuminate\\Database\\Eloquent\\Model.php(1436): Illuminate\\Database\\Eloquent\\Builder->__call('insertGetId', Array)
#8 C:\\xampp\\htdocs\\bank-graduation-project-main\\vendor\\laravel\\framework\\src\\Illuminate\\Database\\Eloquent\\Model.php(1401): Illuminate\\Database\\Eloquent\\Model->insertAndSetId(Object(Illuminate\\Database\\Eloquent\\Builder), Array)
#9 C:\\xampp\\htdocs\\bank-graduation-project-main\\vendor\\laravel\\framework\\src\\Illuminate\\Database\\Eloquent\\Model.php(1240): Illuminate\\Database\\Eloquent\\Model->performInsert(Object(Illuminate\\Database\\Eloquent\\Builder))
#10 C:\\xampp\\htdocs\\bank-graduation-project-main\\vendor\\laravel\\framework\\src\\Illuminate\\Database\\Eloquent\\Builder.php(1219): Illuminate\\Database\\Eloquent\\Model->save()
#11 C:\\xampp\\htdocs\\bank-graduation-project-main\\vendor\\laravel\\framework\\src\\Illuminate\\Support\\helpers.php(390): Illuminate\\Database\\Eloquent\\Builder->Illuminate\\Database\\Eloquent\\{closure}(Object(App\\Models\\User))
#12 C:\\xampp\\htdocs\\bank-graduation-project-main\\vendor\\laravel\\framework\\src\\Illuminate\\Database\\Eloquent\\Builder.php(1218): tap(Object(App\\Models\\User), Object(Closure))
#13 C:\\xampp\\htdocs\\bank-graduation-project-main\\vendor\\laravel\\framework\\src\\Illuminate\\Support\\Traits\\ForwardsCalls.php(23): Illuminate\\Database\\Eloquent\\Builder->create(Array)
#14 C:\\xampp\\htdocs\\bank-graduation-project-main\\vendor\\laravel\\framework\\src\\Illuminate\\Database\\Eloquent\\Model.php(2540): Illuminate\\Database\\Eloquent\\Model->forwardCallTo(Object(Illuminate\\Database\\Eloquent\\Builder), 'create', Array)
#15 C:\\xampp\\htdocs\\bank-graduation-project-main\\vendor\\laravel\\framework\\src\\Illuminate\\Database\\Eloquent\\Model.php(2556): Illuminate\\Database\\Eloquent\\Model->__call('create', Array)
#16 C:\\xampp\\htdocs\\bank-graduation-project-main\\app\\Http\\Controllers\\Admin\\UserManagementController.php(90): Illuminate\\Database\\Eloquent\\Model::__callStatic('create', Array)
#17 C:\\xampp\\htdocs\\bank-graduation-project-main\\vendor\\laravel\\framework\\src\\Illuminate\\Routing\\ControllerDispatcher.php(46): App\\Http\\Controllers\\Admin\\UserManagementController->store(Object(Illuminate\\Http\\Request))
#18 C:\\xampp\\htdocs\\bank-graduation-project-main\\vendor\\laravel\\framework\\src\\Illuminate\\Routing\\Route.php(265): Illuminate\\Routing\\ControllerDispatcher->dispatch(Object(Illuminate\\Routing\\Route), Object(App\\Http\\Controllers\\Admin\\UserManagementController), 'store')
#19 C:\\xampp\\htdocs\\bank-graduation-project-main\\vendor\\laravel\\framework\\src\\Illuminate\\Routing\\Route.php(211): Illuminate\\Routing\\Route->runController()
#20 C:\\xampp\\htdocs\\bank-graduation-project-main\\vendor\\laravel\\framework\\src\\Illuminate\\Routing\\Router.php(822): Illuminate\\Routing\\Route->run()
#21 C:\\xampp\\htdocs\\bank-graduation-project-main\\vendor\\laravel\\framework\\src\\Illuminate\\Pipeline\\Pipeline.php(180): Illuminate\\Routing\\Router->Illuminate\\Routing\\{closure}(Object(Illuminate\\Http\\Request))
#22 C:\\xampp\\htdocs\\bank-graduation-project-main\\app\\Http\\Middleware\\CheckPermission.php(27): Illuminate\\Pipeline\\Pipeline->Illuminate\\Pipeline\\{closure}(Object(Illuminate\\Http\\Request))
#23 C:\\xampp\\htdocs\\bank-graduation-project-main\\vendor\\laravel\\framework\\src\\Illuminate\\Pipeline\\Pipeline.php(219): App\\Http\\Middleware\\CheckPermission->handle(Object(Illuminate\\Http\\Request), Object(Closure), 'create_users')
#24 C:\\xampp\\htdocs\\bank-graduation-project-main\\app\\Http\\Middleware\\CheckRole.php(27): Illuminate\\Pipeline\\Pipeline->Illuminate\\Pipeline\\{closure}(Object(Illuminate\\Http\\Request))
#25 C:\\xampp\\htdocs\\bank-graduation-project-main\\vendor\\laravel\\framework\\src\\Illuminate\\Pipeline\\Pipeline.php(219): App\\Http\\Middleware\\CheckRole->handle(Object(Illuminate\\Http\\Request), Object(Closure), 'super_admin', 'admin')
#26 C:\\xampp\\htdocs\\bank-graduation-project-main\\app\\Http\\Middleware\\SetLocale.php(28): Illuminate\\Pipeline\\Pipeline->Illuminate\\Pipeline\\{closure}(Object(Illuminate\\Http\\Request))
#27 C:\\xampp\\htdocs\\bank-graduation-project-main\\vendor\\laravel\\framework\\src\\Illuminate\\Pipeline\\Pipeline.php(219): App\\Http\\Middleware\\SetLocale->handle(Object(Illuminate\\Http\\Request), Object(Closure))
#28 C:\\xampp\\htdocs\\bank-graduation-project-main\\vendor\\laravel\\framework\\src\\Illuminate\\Routing\\Middleware\\SubstituteBindings.php(50): Illuminate\\Pipeline\\Pipeline->Illuminate\\Pipeline\\{closure}(Object(Illuminate\\Http\\Request))
#29 C:\\xampp\\htdocs\\bank-graduation-project-main\\vendor\\laravel\\framework\\src\\Illuminate\\Pipeline\\Pipeline.php(219): Illuminate\\Routing\\Middleware\\SubstituteBindings->handle(Object(Illuminate\\Http\\Request), Object(Closure))
#30 C:\\xampp\\htdocs\\bank-graduation-project-main\\vendor\\laravel\\framework\\src\\Illuminate\\Auth\\Middleware\\Authenticate.php(63): Illuminate\\Pipeline\\Pipeline->Illuminate\\Pipeline\\{closure}(Object(Illuminate\\Http\\Request))
#31 C:\\xampp\\htdocs\\bank-graduation-project-main\\vendor\\laravel\\framework\\src\\Illuminate\\Pipeline\\Pipeline.php(219): Illuminate\\Auth\\Middleware\\Authenticate->handle(Object(Illuminate\\Http\\Request), Object(Closure))
#32 C:\\xampp\\htdocs\\bank-graduation-project-main\\vendor\\laravel\\framework\\src\\Illuminate\\Foundation\\Http\\Middleware\\VerifyCsrfToken.php(87): Illuminate\\Pipeline\\Pipeline->Illuminate\\Pipeline\\{closure}(Object(Illuminate\\Http\\Request))
#33 C:\\xampp\\htdocs\\bank-graduation-project-main\\vendor\\laravel\\framework\\src\\Illuminate\\Pipeline\\Pipeline.php(219): Illuminate\\Foundation\\Http\\Middleware\\VerifyCsrfToken->handle(Object(Illuminate\\Http\\Request), Object(Closure))
#34 C:\\xampp\\htdocs\\bank-graduation-project-main\\vendor\\laravel\\framework\\src\\Illuminate\\View\\Middleware\\ShareErrorsFromSession.php(48): Illuminate\\Pipeline\\Pipeline->Illuminate\\Pipeline\\{closure}(Object(Illuminate\\Http\\Request))
#35 C:\\xampp\\htdocs\\bank-graduation-project-main\\vendor\\laravel\\framework\\src\\Illuminate\\Pipeline\\Pipeline.php(219): Illuminate\\View\\Middleware\\ShareErrorsFromSession->handle(Object(Illuminate\\Http\\Request), Object(Closure))
#36 C:\\xampp\\htdocs\\bank-graduation-project-main\\vendor\\laravel\\framework\\src\\Illuminate\\Session\\Middleware\\StartSession.php(120): Illuminate\\Pipeline\\Pipeline->Illuminate\\Pipeline\\{closure}(Object(Illuminate\\Http\\Request))
#37 C:\\xampp\\htdocs\\bank-graduation-project-main\\vendor\\laravel\\framework\\src\\Illuminate\\Session\\Middleware\\StartSession.php(63): Illuminate\\Session\\Middleware\\StartSession->handleStatefulRequest(Object(Illuminate\\Http\\Request), Object(Illuminate\\Session\\Store), Object(Closure))
#38 C:\\xampp\\htdocs\\bank-graduation-project-main\\vendor\\laravel\\framework\\src\\Illuminate\\Pipeline\\Pipeline.php(219): Illuminate\\Session\\Middleware\\StartSession->handle(Object(Illuminate\\Http\\Request), Object(Closure))
#39 C:\\xampp\\htdocs\\bank-graduation-project-main\\vendor\\laravel\\framework\\src\\Illuminate\\Cookie\\Middleware\\AddQueuedCookiesToResponse.php(36): Illuminate\\Pipeline\\Pipeline->Illuminate\\Pipeline\\{closure}(Object(Illuminate\\Http\\Request))
#40 C:\\xampp\\htdocs\\bank-graduation-project-main\\vendor\\laravel\\framework\\src\\Illuminate\\Pipeline\\Pipeline.php(219): Illuminate\\Cookie\\Middleware\\AddQueuedCookiesToResponse->handle(Object(Illuminate\\Http\\Request), Object(Closure))
#41 C:\\xampp\\htdocs\\bank-graduation-project-main\\vendor\\laravel\\framework\\src\\Illuminate\\Cookie\\Middleware\\EncryptCookies.php(74): Illuminate\\Pipeline\\Pipeline->Illuminate\\Pipeline\\{closure}(Object(Illuminate\\Http\\Request))
#42 C:\\xampp\\htdocs\\bank-graduation-project-main\\vendor\\laravel\\framework\\src\\Illuminate\\Pipeline\\Pipeline.php(219): Illuminate\\Cookie\\Middleware\\EncryptCookies->handle(Object(Illuminate\\Http\\Request), Object(Closure))
#43 C:\\xampp\\htdocs\\bank-graduation-project-main\\vendor\\laravel\\framework\\src\\Illuminate\\Pipeline\\Pipeline.php(137): Illuminate\\Pipeline\\Pipeline->Illuminate\\Pipeline\\{closure}(Object(Illuminate\\Http\\Request))
#44 C:\\xampp\\htdocs\\bank-graduation-project-main\\vendor\\laravel\\framework\\src\\Illuminate\\Routing\\Router.php(821): Illuminate\\Pipeline\\Pipeline->then(Object(Closure))
#45 C:\\xampp\\htdocs\\bank-graduation-project-main\\vendor\\laravel\\framework\\src\\Illuminate\\Routing\\Router.php(800): Illuminate\\Routing\\Router->runRouteWithinStack(Object(Illuminate\\Routing\\Route), Object(Illuminate\\Http\\Request))
#46 C:\\xampp\\htdocs\\bank-graduation-project-main\\vendor\\laravel\\framework\\src\\Illuminate\\Routing\\Router.php(764): Illuminate\\Routing\\Router->runRoute(Object(Illuminate\\Http\\Request), Object(Illuminate\\Routing\\Route))
#47 C:\\xampp\\htdocs\\bank-graduation-project-main\\vendor\\laravel\\framework\\src\\Illuminate\\Routing\\Router.php(753): Illuminate\\Routing\\Router->dispatchToRoute(Object(Illuminate\\Http\\Request))
#48 C:\\xampp\\htdocs\\bank-graduation-project-main\\vendor\\laravel\\framework\\src\\Illuminate\\Foundation\\Http\\Kernel.php(200): Illuminate\\Routing\\Router->dispatch(Object(Illuminate\\Http\\Request))
#49 C:\\xampp\\htdocs\\bank-graduation-project-main\\vendor\\laravel\\framework\\src\\Illuminate\\Pipeline\\Pipeline.php(180): Illuminate\\Foundation\\Http\\Kernel->Illuminate\\Foundation\\Http\\{closure}(Object(Illuminate\\Http\\Request))
#50 C:\\xampp\\htdocs\\bank-graduation-project-main\\vendor\\laravel\\framework\\src\\Illuminate\\Foundation\\Http\\Middleware\\TransformsRequest.php(21): Illuminate\\Pipeline\\Pipeline->Illuminate\\Pipeline\\{closure}(Object(Illuminate\\Http\\Request))
#51 C:\\xampp\\htdocs\\bank-graduation-project-main\\vendor\\laravel\\framework\\src\\Illuminate\\Foundation\\Http\\Middleware\\ConvertEmptyStringsToNull.php(31): Illuminate\\Foundation\\Http\\Middleware\\TransformsRequest->handle(Object(Illuminate\\Http\\Request), Object(Closure))
#52 C:\\xampp\\htdocs\\bank-graduation-project-main\\vendor\\laravel\\framework\\src\\Illuminate\\Pipeline\\Pipeline.php(219): Illuminate\\Foundation\\Http\\Middleware\\ConvertEmptyStringsToNull->handle(Object(Illuminate\\Http\\Request), Object(Closure))
#53 C:\\xampp\\htdocs\\bank-graduation-project-main\\vendor\\laravel\\framework\\src\\Illuminate\\Foundation\\Http\\Middleware\\TransformsRequest.php(21): Illuminate\\Pipeline\\Pipeline->Illuminate\\Pipeline\\{closure}(Object(Illuminate\\Http\\Request))
#54 C:\\xampp\\htdocs\\bank-graduation-project-main\\vendor\\laravel\\framework\\src\\Illuminate\\Foundation\\Http\\Middleware\\TrimStrings.php(51): Illuminate\\Foundation\\Http\\Middleware\\TransformsRequest->handle(Object(Illuminate\\Http\\Request), Object(Closure))
#55 C:\\xampp\\htdocs\\bank-graduation-project-main\\vendor\\laravel\\framework\\src\\Illuminate\\Pipeline\\Pipeline.php(219): Illuminate\\Foundation\\Http\\Middleware\\TrimStrings->handle(Object(Illuminate\\Http\\Request), Object(Closure))
#56 C:\\xampp\\htdocs\\bank-graduation-project-main\\vendor\\laravel\\framework\\src\\Illuminate\\Http\\Middleware\\ValidatePostSize.php(27): Illuminate\\Pipeline\\Pipeline->Illuminate\\Pipeline\\{closure}(Object(Illuminate\\Http\\Request))
#57 C:\\xampp\\htdocs\\bank-graduation-project-main\\vendor\\laravel\\framework\\src\\Illuminate\\Pipeline\\Pipeline.php(219): Illuminate\\Http\\Middleware\\ValidatePostSize->handle(Object(Illuminate\\Http\\Request), Object(Closure))
#58 C:\\xampp\\htdocs\\bank-graduation-project-main\\vendor\\laravel\\framework\\src\\Illuminate\\Foundation\\Http\\Middleware\\PreventRequestsDuringMaintenance.php(109): Illuminate\\Pipeline\\Pipeline->Illuminate\\Pipeline\\{closure}(Object(Illuminate\\Http\\Request))
#59 C:\\xampp\\htdocs\\bank-graduation-project-main\\vendor\\laravel\\framework\\src\\Illuminate\\Pipeline\\Pipeline.php(219): Illuminate\\Foundation\\Http\\Middleware\\PreventRequestsDuringMaintenance->handle(Object(Illuminate\\Http\\Request), Object(Closure))
#60 C:\\xampp\\htdocs\\bank-graduation-project-main\\vendor\\laravel\\framework\\src\\Illuminate\\Http\\Middleware\\HandleCors.php(48): Illuminate\\Pipeline\\Pipeline->Illuminate\\Pipeline\\{closure}(Object(Illuminate\\Http\\Request))
#61 C:\\xampp\\htdocs\\bank-graduation-project-main\\vendor\\laravel\\framework\\src\\Illuminate\\Pipeline\\Pipeline.php(219): Illuminate\\Http\\Middleware\\HandleCors->handle(Object(Illuminate\\Http\\Request), Object(Closure))
#62 C:\\xampp\\htdocs\\bank-graduation-project-main\\vendor\\laravel\\framework\\src\\Illuminate\\Http\\Middleware\\TrustProxies.php(58): Illuminate\\Pipeline\\Pipeline->Illuminate\\Pipeline\\{closure}(Object(Illuminate\\Http\\Request))
#63 C:\\xampp\\htdocs\\bank-graduation-project-main\\vendor\\laravel\\framework\\src\\Illuminate\\Pipeline\\Pipeline.php(219): Illuminate\\Http\\Middleware\\TrustProxies->handle(Object(Illuminate\\Http\\Request), Object(Closure))
#64 C:\\xampp\\htdocs\\bank-graduation-project-main\\vendor\\laravel\\framework\\src\\Illuminate\\Foundation\\Http\\Middleware\\InvokeDeferredCallbacks.php(22): Illuminate\\Pipeline\\Pipeline->Illuminate\\Pipeline\\{closure}(Object(Illuminate\\Http\\Request))
#65 C:\\xampp\\htdocs\\bank-graduation-project-main\\vendor\\laravel\\framework\\src\\Illuminate\\Pipeline\\Pipeline.php(219): Illuminate\\Foundation\\Http\\Middleware\\InvokeDeferredCallbacks->handle(Object(Illuminate\\Http\\Request), Object(Closure))
#66 C:\\xampp\\htdocs\\bank-graduation-project-main\\vendor\\laravel\\framework\\src\\Illuminate\\Http\\Middleware\\ValidatePathEncoding.php(26): Illuminate\\Pipeline\\Pipeline->Illuminate\\Pipeline\\{closure}(Object(Illuminate\\Http\\Request))
#67 C:\\xampp\\htdocs\\bank-graduation-project-main\\vendor\\laravel\\framework\\src\\Illuminate\\Pipeline\\Pipeline.php(219): Illuminate\\Http\\Middleware\\ValidatePathEncoding->handle(Object(Illuminate\\Http\\Request), Object(Closure))
#68 C:\\xampp\\htdocs\\bank-graduation-project-main\\vendor\\laravel\\framework\\src\\Illuminate\\Pipeline\\Pipeline.php(137): Illuminate\\Pipeline\\Pipeline->Illuminate\\Pipeline\\{closure}(Object(Illuminate\\Http\\Request))
#69 C:\\xampp\\htdocs\\bank-graduation-project-main\\vendor\\laravel\\framework\\src\\Illuminate\\Foundation\\Http\\Kernel.php(175): Illuminate\\Pipeline\\Pipeline->then(Object(Closure))
#70 C:\\xampp\\htdocs\\bank-graduation-project-main\\vendor\\laravel\\framework\\src\\Illuminate\\Foundation\\Http\\Kernel.php(144): Illuminate\\Foundation\\Http\\Kernel->sendRequestThroughRouter(Object(Illuminate\\Http\\Request))
#71 C:\\xampp\\htdocs\\bank-graduation-project-main\\vendor\\laravel\\framework\\src\\Illuminate\\Foundation\\Application.php(1220): Illuminate\\Foundation\\Http\\Kernel->handle(Object(Illuminate\\Http\\Request))
#72 C:\\xampp\\htdocs\\bank-graduation-project-main\\public\\index.php(20): Illuminate\\Foundation\\Application->handleRequest(Object(Illuminate\\Http\\Request))
#73 C:\\xampp\\htdocs\\bank-graduation-project-main\\vendor\\laravel\\framework\\src\\Illuminate\\Foundation\\resources\\server.php(23): require_once('C:\\\\xampp\\\\htdocs...')
#74 {main}
"} 
[2025-10-29 16:18:26] local.ERROR: SQLSTATE[HY000]: General error: 1364 Field 'account_number' doesn't have a default value (Connection: mysql, SQL: insert into `users` (`name`, `email`, `phone`, `password`, `pin_code`, `balance`, `daily_limit`, `is_active`, `updated_at`, `created_at`) values (‪Ezz K.‬, emk2314949@gmail.com, 0599333051, $2y$12$KVjkZetKVfLiM4wGicTsPOgl1dif4ePlvUL4d/LO4nvQ4EMmZ3eZC, $2y$12$Sq.x4y4A9U6w4Eo.P7EMnuhPSD9B.q07OnDGPTES/YOpLQqsZTHZ6, 0, 5000, 1, 2025-10-29 16:18:26, 2025-10-29 16:18:26)) {"userId":1,"exception":"[object] (Illuminate\\Database\\QueryException(code: HY000): SQLSTATE[HY000]: General error: 1364 Field 'account_number' doesn't have a default value (Connection: mysql, SQL: insert into `users` (`name`, `email`, `phone`, `password`, `pin_code`, `balance`, `daily_limit`, `is_active`, `updated_at`, `created_at`) values (‪Ezz K.‬, emk2314949@gmail.com, 0599333051, $2y$12$KVjkZetKVfLiM4wGicTsPOgl1dif4ePlvUL4d/LO4nvQ4EMmZ3eZC, $2y$12$Sq.x4y4A9U6w4Eo.P7EMnuhPSD9B.q07OnDGPTES/YOpLQqsZTHZ6, 0, 5000, 1, 2025-10-29 16:18:26, 2025-10-29 16:18:26)) at C:\\xampp\\htdocs\\bank-graduation-project-main\\vendor\\laravel\\framework\\src\\Illuminate\\Database\\Connection.php:824)
[stacktrace]
#0 C:\\xampp\\htdocs\\bank-graduation-project-main\\vendor\\laravel\\framework\\src\\Illuminate\\Database\\Connection.php(778): Illuminate\\Database\\Connection->runQueryCallback('insert into `us...', Array, Object(Closure))
#1 C:\\xampp\\htdocs\\bank-graduation-project-main\\vendor\\laravel\\framework\\src\\Illuminate\\Database\\MySqlConnection.php(42): Illuminate\\Database\\Connection->run('insert into `us...', Array, Object(Closure))
#2 C:\\xampp\\htdocs\\bank-graduation-project-main\\vendor\\laravel\\framework\\src\\Illuminate\\Database\\Query\\Processors\\MySqlProcessor.php(35): Illuminate\\Database\\MySqlConnection->insert('insert into `us...', Array, 'id')
#3 C:\\xampp\\htdocs\\bank-graduation-project-main\\vendor\\laravel\\framework\\src\\Illuminate\\Database\\Query\\Builder.php(3853): Illuminate\\Database\\Query\\Processors\\MySqlProcessor->processInsertGetId(Object(Illuminate\\Database\\Query\\Builder), 'insert into `us...', Array, 'id')
#4 C:\\xampp\\htdocs\\bank-graduation-project-main\\vendor\\laravel\\framework\\src\\Illuminate\\Database\\Eloquent\\Builder.php(2235): Illuminate\\Database\\Query\\Builder->insertGetId(Array, 'id')
#5 C:\\xampp\\htdocs\\bank-graduation-project-main\\vendor\\laravel\\framework\\src\\Illuminate\\Database\\Eloquent\\Model.php(1436): Illuminate\\Database\\Eloquent\\Builder->__call('insertGetId', Array)
#6 C:\\xampp\\htdocs\\bank-graduation-project-main\\vendor\\laravel\\framework\\src\\Illuminate\\Database\\Eloquent\\Model.php(1401): Illuminate\\Database\\Eloquent\\Model->insertAndSetId(Object(Illuminate\\Database\\Eloquent\\Builder), Array)
#7 C:\\xampp\\htdocs\\bank-graduation-project-main\\vendor\\laravel\\framework\\src\\Illuminate\\Database\\Eloquent\\Model.php(1240): Illuminate\\Database\\Eloquent\\Model->performInsert(Object(Illuminate\\Database\\Eloquent\\Builder))
#8 C:\\xampp\\htdocs\\bank-graduation-project-main\\vendor\\laravel\\framework\\src\\Illuminate\\Database\\Eloquent\\Builder.php(1219): Illuminate\\Database\\Eloquent\\Model->save()
#9 C:\\xampp\\htdocs\\bank-graduation-project-main\\vendor\\laravel\\framework\\src\\Illuminate\\Support\\helpers.php(390): Illuminate\\Database\\Eloquent\\Builder->Illuminate\\Database\\Eloquent\\{closure}(Object(App\\Models\\User))
#10 C:\\xampp\\htdocs\\bank-graduation-project-main\\vendor\\laravel\\framework\\src\\Illuminate\\Database\\Eloquent\\Builder.php(1218): tap(Object(App\\Models\\User), Object(Closure))
#11 C:\\xampp\\htdocs\\bank-graduation-project-main\\vendor\\laravel\\framework\\src\\Illuminate\\Support\\Traits\\ForwardsCalls.php(23): Illuminate\\Database\\Eloquent\\Builder->create(Array)
#12 C:\\xampp\\htdocs\\bank-graduation-project-main\\vendor\\laravel\\framework\\src\\Illuminate\\Database\\Eloquent\\Model.php(2540): Illuminate\\Database\\Eloquent\\Model->forwardCallTo(Object(Illuminate\\Database\\Eloquent\\Builder), 'create', Array)
#13 C:\\xampp\\htdocs\\bank-graduation-project-main\\vendor\\laravel\\framework\\src\\Illuminate\\Database\\Eloquent\\Model.php(2556): Illuminate\\Database\\Eloquent\\Model->__call('create', Array)
#14 C:\\xampp\\htdocs\\bank-graduation-project-main\\app\\Http\\Controllers\\Admin\\UserManagementController.php(90): Illuminate\\Database\\Eloquent\\Model::__callStatic('create', Array)
#15 C:\\xampp\\htdocs\\bank-graduation-project-main\\vendor\\laravel\\framework\\src\\Illuminate\\Routing\\ControllerDispatcher.php(46): App\\Http\\Controllers\\Admin\\UserManagementController->store(Object(Illuminate\\Http\\Request))
#16 C:\\xampp\\htdocs\\bank-graduation-project-main\\vendor\\laravel\\framework\\src\\Illuminate\\Routing\\Route.php(265): Illuminate\\Routing\\ControllerDispatcher->dispatch(Object(Illuminate\\Routing\\Route), Object(App\\Http\\Controllers\\Admin\\UserManagementController), 'store')
#17 C:\\xampp\\htdocs\\bank-graduation-project-main\\vendor\\laravel\\framework\\src\\Illuminate\\Routing\\Route.php(211): Illuminate\\Routing\\Route->runController()
#18 C:\\xampp\\htdocs\\bank-graduation-project-main\\vendor\\laravel\\framework\\src\\Illuminate\\Routing\\Router.php(822): Illuminate\\Routing\\Route->run()
#19 C:\\xampp\\htdocs\\bank-graduation-project-main\\vendor\\laravel\\framework\\src\\Illuminate\\Pipeline\\Pipeline.php(180): Illuminate\\Routing\\Router->Illuminate\\Routing\\{closure}(Object(Illuminate\\Http\\Request))
#20 C:\\xampp\\htdocs\\bank-graduation-project-main\\app\\Http\\Middleware\\CheckPermission.php(27): Illuminate\\Pipeline\\Pipeline->Illuminate\\Pipeline\\{closure}(Object(Illuminate\\Http\\Request))
#21 C:\\xampp\\htdocs\\bank-graduation-project-main\\vendor\\laravel\\framework\\src\\Illuminate\\Pipeline\\Pipeline.php(219): App\\Http\\Middleware\\CheckPermission->handle(Object(Illuminate\\Http\\Request), Object(Closure), 'create_users')
#22 C:\\xampp\\htdocs\\bank-graduation-project-main\\app\\Http\\Middleware\\CheckRole.php(27): Illuminate\\Pipeline\\Pipeline->Illuminate\\Pipeline\\{closure}(Object(Illuminate\\Http\\Request))
#23 C:\\xampp\\htdocs\\bank-graduation-project-main\\vendor\\laravel\\framework\\src\\Illuminate\\Pipeline\\Pipeline.php(219): App\\Http\\Middleware\\CheckRole->handle(Object(Illuminate\\Http\\Request), Object(Closure), 'super_admin', 'admin')
#24 C:\\xampp\\htdocs\\bank-graduation-project-main\\app\\Http\\Middleware\\SetLocale.php(28): Illuminate\\Pipeline\\Pipeline->Illuminate\\Pipeline\\{closure}(Object(Illuminate\\Http\\Request))
#25 C:\\xampp\\htdocs\\bank-graduation-project-main\\vendor\\laravel\\framework\\src\\Illuminate\\Pipeline\\Pipeline.php(219): App\\Http\\Middleware\\SetLocale->handle(Object(Illuminate\\Http\\Request), Object(Closure))
#26 C:\\xampp\\htdocs\\bank-graduation-project-main\\vendor\\laravel\\framework\\src\\Illuminate\\Routing\\Middleware\\SubstituteBindings.php(50): Illuminate\\Pipeline\\Pipeline->Illuminate\\Pipeline\\{closure}(Object(Illuminate\\Http\\Request))
#27 C:\\xampp\\htdocs\\bank-graduation-project-main\\vendor\\laravel\\framework\\src\\Illuminate\\Pipeline\\Pipeline.php(219): Illuminate\\Routing\\Middleware\\SubstituteBindings->handle(Object(Illuminate\\Http\\Request), Object(Closure))
#28 C:\\xampp\\htdocs\\bank-graduation-project-main\\vendor\\laravel\\framework\\src\\Illuminate\\Auth\\Middleware\\Authenticate.php(63): Illuminate\\Pipeline\\Pipeline->Illuminate\\Pipeline\\{closure}(Object(Illuminate\\Http\\Request))
#29 C:\\xampp\\htdocs\\bank-graduation-project-main\\vendor\\laravel\\framework\\src\\Illuminate\\Pipeline\\Pipeline.php(219): Illuminate\\Auth\\Middleware\\Authenticate->handle(Object(Illuminate\\Http\\Request), Object(Closure))
#30 C:\\xampp\\htdocs\\bank-graduation-project-main\\vendor\\laravel\\framework\\src\\Illuminate\\Foundation\\Http\\Middleware\\VerifyCsrfToken.php(87): Illuminate\\Pipeline\\Pipeline->Illuminate\\Pipeline\\{closure}(Object(Illuminate\\Http\\Request))
#31 C:\\xampp\\htdocs\\bank-graduation-project-main\\vendor\\laravel\\framework\\src\\Illuminate\\Pipeline\\Pipeline.php(219): Illuminate\\Foundation\\Http\\Middleware\\VerifyCsrfToken->handle(Object(Illuminate\\Http\\Request), Object(Closure))
#32 C:\\xampp\\htdocs\\bank-graduation-project-main\\vendor\\laravel\\framework\\src\\Illuminate\\View\\Middleware\\ShareErrorsFromSession.php(48): Illuminate\\Pipeline\\Pipeline->Illuminate\\Pipeline\\{closure}(Object(Illuminate\\Http\\Request))
#33 C:\\xampp\\htdocs\\bank-graduation-project-main\\vendor\\laravel\\framework\\src\\Illuminate\\Pipeline\\Pipeline.php(219): Illuminate\\View\\Middleware\\ShareErrorsFromSession->handle(Object(Illuminate\\Http\\Request), Object(Closure))
#34 C:\\xampp\\htdocs\\bank-graduation-project-main\\vendor\\laravel\\framework\\src\\Illuminate\\Session\\Middleware\\StartSession.php(120): Illuminate\\Pipeline\\Pipeline->Illuminate\\Pipeline\\{closure}(Object(Illuminate\\Http\\Request))
#35 C:\\xampp\\htdocs\\bank-graduation-project-main\\vendor\\laravel\\framework\\src\\Illuminate\\Session\\Middleware\\StartSession.php(63): Illuminate\\Session\\Middleware\\StartSession->handleStatefulRequest(Object(Illuminate\\Http\\Request), Object(Illuminate\\Session\\Store), Object(Closure))
#36 C:\\xampp\\htdocs\\bank-graduation-project-main\\vendor\\laravel\\framework\\src\\Illuminate\\Pipeline\\Pipeline.php(219): Illuminate\\Session\\Middleware\\StartSession->handle(Object(Illuminate\\Http\\Request), Object(Closure))
#37 C:\\xampp\\htdocs\\bank-graduation-project-main\\vendor\\laravel\\framework\\src\\Illuminate\\Cookie\\Middleware\\AddQueuedCookiesToResponse.php(36): Illuminate\\Pipeline\\Pipeline->Illuminate\\Pipeline\\{closure}(Object(Illuminate\\Http\\Request))
#38 C:\\xampp\\htdocs\\bank-graduation-project-main\\vendor\\laravel\\framework\\src\\Illuminate\\Pipeline\\Pipeline.php(219): Illuminate\\Cookie\\Middleware\\AddQueuedCookiesToResponse->handle(Object(Illuminate\\Http\\Request), Object(Closure))
#39 C:\\xampp\\htdocs\\bank-graduation-project-main\\vendor\\laravel\\framework\\src\\Illuminate\\Cookie\\Middleware\\EncryptCookies.php(74): Illuminate\\Pipeline\\Pipeline->Illuminate\\Pipeline\\{closure}(Object(Illuminate\\Http\\Request))
#40 C:\\xampp\\htdocs\\bank-graduation-project-main\\vendor\\laravel\\framework\\src\\Illuminate\\Pipeline\\Pipeline.php(219): Illuminate\\Cookie\\Middleware\\EncryptCookies->handle(Object(Illuminate\\Http\\Request), Object(Closure))
#41 C:\\xampp\\htdocs\\bank-graduation-project-main\\vendor\\laravel\\framework\\src\\Illuminate\\Pipeline\\Pipeline.php(137): Illuminate\\Pipeline\\Pipeline->Illuminate\\Pipeline\\{closure}(Object(Illuminate\\Http\\Request))
#42 C:\\xampp\\htdocs\\bank-graduation-project-main\\vendor\\laravel\\framework\\src\\Illuminate\\Routing\\Router.php(821): Illuminate\\Pipeline\\Pipeline->then(Object(Closure))
#43 C:\\xampp\\htdocs\\bank-graduation-project-main\\vendor\\laravel\\framework\\src\\Illuminate\\Routing\\Router.php(800): Illuminate\\Routing\\Router->runRouteWithinStack(Object(Illuminate\\Routing\\Route), Object(Illuminate\\Http\\Request))
#44 C:\\xampp\\htdocs\\bank-graduation-project-main\\vendor\\laravel\\framework\\src\\Illuminate\\Routing\\Router.php(764): Illuminate\\Routing\\Router->runRoute(Object(Illuminate\\Http\\Request), Object(Illuminate\\Routing\\Route))
#45 C:\\xampp\\htdocs\\bank-graduation-project-main\\vendor\\laravel\\framework\\src\\Illuminate\\Routing\\Router.php(753): Illuminate\\Routing\\Router->dispatchToRoute(Object(Illuminate\\Http\\Request))
#46 C:\\xampp\\htdocs\\bank-graduation-project-main\\vendor\\laravel\\framework\\src\\Illuminate\\Foundation\\Http\\Kernel.php(200): Illuminate\\Routing\\Router->dispatch(Object(Illuminate\\Http\\Request))
#47 C:\\xampp\\htdocs\\bank-graduation-project-main\\vendor\\laravel\\framework\\src\\Illuminate\\Pipeline\\Pipeline.php(180): Illuminate\\Foundation\\Http\\Kernel->Illuminate\\Foundation\\Http\\{closure}(Object(Illuminate\\Http\\Request))
#48 C:\\xampp\\htdocs\\bank-graduation-project-main\\vendor\\laravel\\framework\\src\\Illuminate\\Foundation\\Http\\Middleware\\TransformsRequest.php(21): Illuminate\\Pipeline\\Pipeline->Illuminate\\Pipeline\\{closure}(Object(Illuminate\\Http\\Request))
#49 C:\\xampp\\htdocs\\bank-graduation-project-main\\vendor\\laravel\\framework\\src\\Illuminate\\Foundation\\Http\\Middleware\\ConvertEmptyStringsToNull.php(31): Illuminate\\Foundation\\Http\\Middleware\\TransformsRequest->handle(Object(Illuminate\\Http\\Request), Object(Closure))
#50 C:\\xampp\\htdocs\\bank-graduation-project-main\\vendor\\laravel\\framework\\src\\Illuminate\\Pipeline\\Pipeline.php(219): Illuminate\\Foundation\\Http\\Middleware\\ConvertEmptyStringsToNull->handle(Object(Illuminate\\Http\\Request), Object(Closure))
#51 C:\\xampp\\htdocs\\bank-graduation-project-main\\vendor\\laravel\\framework\\src\\Illuminate\\Foundation\\Http\\Middleware\\TransformsRequest.php(21): Illuminate\\Pipeline\\Pipeline->Illuminate\\Pipeline\\{closure}(Object(Illuminate\\Http\\Request))
#52 C:\\xampp\\htdocs\\bank-graduation-project-main\\vendor\\laravel\\framework\\src\\Illuminate\\Foundation\\Http\\Middleware\\TrimStrings.php(51): Illuminate\\Foundation\\Http\\Middleware\\TransformsRequest->handle(Object(Illuminate\\Http\\Request), Object(Closure))
#53 C:\\xampp\\htdocs\\bank-graduation-project-main\\vendor\\laravel\\framework\\src\\Illuminate\\Pipeline\\Pipeline.php(219): Illuminate\\Foundation\\Http\\Middleware\\TrimStrings->handle(Object(Illuminate\\Http\\Request), Object(Closure))
#54 C:\\xampp\\htdocs\\bank-graduation-project-main\\vendor\\laravel\\framework\\src\\Illuminate\\Http\\Middleware\\ValidatePostSize.php(27): Illuminate\\Pipeline\\Pipeline->Illuminate\\Pipeline\\{closure}(Object(Illuminate\\Http\\Request))
#55 C:\\xampp\\htdocs\\bank-graduation-project-main\\vendor\\laravel\\framework\\src\\Illuminate\\Pipeline\\Pipeline.php(219): Illuminate\\Http\\Middleware\\ValidatePostSize->handle(Object(Illuminate\\Http\\Request), Object(Closure))
#56 C:\\xampp\\htdocs\\bank-graduation-project-main\\vendor\\laravel\\framework\\src\\Illuminate\\Foundation\\Http\\Middleware\\PreventRequestsDuringMaintenance.php(109): Illuminate\\Pipeline\\Pipeline->Illuminate\\Pipeline\\{closure}(Object(Illuminate\\Http\\Request))
#57 C:\\xampp\\htdocs\\bank-graduation-project-main\\vendor\\laravel\\framework\\src\\Illuminate\\Pipeline\\Pipeline.php(219): Illuminate\\Foundation\\Http\\Middleware\\PreventRequestsDuringMaintenance->handle(Object(Illuminate\\Http\\Request), Object(Closure))
#58 C:\\xampp\\htdocs\\bank-graduation-project-main\\vendor\\laravel\\framework\\src\\Illuminate\\Http\\Middleware\\HandleCors.php(48): Illuminate\\Pipeline\\Pipeline->Illuminate\\Pipeline\\{closure}(Object(Illuminate\\Http\\Request))
#59 C:\\xampp\\htdocs\\bank-graduation-project-main\\vendor\\laravel\\framework\\src\\Illuminate\\Pipeline\\Pipeline.php(219): Illuminate\\Http\\Middleware\\HandleCors->handle(Object(Illuminate\\Http\\Request), Object(Closure))
#60 C:\\xampp\\htdocs\\bank-graduation-project-main\\vendor\\laravel\\framework\\src\\Illuminate\\Http\\Middleware\\TrustProxies.php(58): Illuminate\\Pipeline\\Pipeline->Illuminate\\Pipeline\\{closure}(Object(Illuminate\\Http\\Request))
#61 C:\\xampp\\htdocs\\bank-graduation-project-main\\vendor\\laravel\\framework\\src\\Illuminate\\Pipeline\\Pipeline.php(219): Illuminate\\Http\\Middleware\\TrustProxies->handle(Object(Illuminate\\Http\\Request), Object(Closure))
#62 C:\\xampp\\htdocs\\bank-graduation-project-main\\vendor\\laravel\\framework\\src\\Illuminate\\Foundation\\Http\\Middleware\\InvokeDeferredCallbacks.php(22): Illuminate\\Pipeline\\Pipeline->Illuminate\\Pipeline\\{closure}(Object(Illuminate\\Http\\Request))
#63 C:\\xampp\\htdocs\\bank-graduation-project-main\\vendor\\laravel\\framework\\src\\Illuminate\\Pipeline\\Pipeline.php(219): Illuminate\\Foundation\\Http\\Middleware\\InvokeDeferredCallbacks->handle(Object(Illuminate\\Http\\Request), Object(Closure))
#64 C:\\xampp\\htdocs\\bank-graduation-project-main\\vendor\\laravel\\framework\\src\\Illuminate\\Http\\Middleware\\ValidatePathEncoding.php(26): Illuminate\\Pipeline\\Pipeline->Illuminate\\Pipeline\\{closure}(Object(Illuminate\\Http\\Request))
#65 C:\\xampp\\htdocs\\bank-graduation-project-main\\vendor\\laravel\\framework\\src\\Illuminate\\Pipeline\\Pipeline.php(219): Illuminate\\Http\\Middleware\\ValidatePathEncoding->handle(Object(Illuminate\\Http\\Request), Object(Closure))
#66 C:\\xampp\\htdocs\\bank-graduation-project-main\\vendor\\laravel\\framework\\src\\Illuminate\\Pipeline\\Pipeline.php(137): Illuminate\\Pipeline\\Pipeline->Illuminate\\Pipeline\\{closure}(Object(Illuminate\\Http\\Request))
#67 C:\\xampp\\htdocs\\bank-graduation-project-main\\vendor\\laravel\\framework\\src\\Illuminate\\Foundation\\Http\\Kernel.php(175): Illuminate\\Pipeline\\Pipeline->then(Object(Closure))
#68 C:\\xampp\\htdocs\\bank-graduation-project-main\\vendor\\laravel\\framework\\src\\Illuminate\\Foundation\\Http\\Kernel.php(144): Illuminate\\Foundation\\Http\\Kernel->sendRequestThroughRouter(Object(Illuminate\\Http\\Request))
#69 C:\\xampp\\htdocs\\bank-graduation-project-main\\vendor\\laravel\\framework\\src\\Illuminate\\Foundation\\Application.php(1220): Illuminate\\Foundation\\Http\\Kernel->handle(Object(Illuminate\\Http\\Request))
#70 C:\\xampp\\htdocs\\bank-graduation-project-main\\public\\index.php(20): Illuminate\\Foundation\\Application->handleRequest(Object(Illuminate\\Http\\Request))
#71 C:\\xampp\\htdocs\\bank-graduation-project-main\\vendor\\laravel\\framework\\src\\Illuminate\\Foundation\\resources\\server.php(23): require_once('C:\\\\xampp\\\\htdocs...')
#72 {main}

[previous exception] [object] (PDOException(code: HY000): SQLSTATE[HY000]: General error: 1364 Field 'account_number' doesn't have a default value at C:\\xampp\\htdocs\\bank-graduation-project-main\\vendor\\laravel\\framework\\src\\Illuminate\\Database\\MySqlConnection.php:53)
[stacktrace]
#0 C:\\xampp\\htdocs\\bank-graduation-project-main\\vendor\\laravel\\framework\\src\\Illuminate\\Database\\MySqlConnection.php(53): PDOStatement->execute()
#1 C:\\xampp\\htdocs\\bank-graduation-project-main\\vendor\\laravel\\framework\\src\\Illuminate\\Database\\Connection.php(811): Illuminate\\Database\\MySqlConnection->Illuminate\\Database\\{closure}('insert into `us...', Array)
#2 C:\\xampp\\htdocs\\bank-graduation-project-main\\vendor\\laravel\\framework\\src\\Illuminate\\Database\\Connection.php(778): Illuminate\\Database\\Connection->runQueryCallback('insert into `us...', Array, Object(Closure))
#3 C:\\xampp\\htdocs\\bank-graduation-project-main\\vendor\\laravel\\framework\\src\\Illuminate\\Database\\MySqlConnection.php(42): Illuminate\\Database\\Connection->run('insert into `us...', Array, Object(Closure))
#4 C:\\xampp\\htdocs\\bank-graduation-project-main\\vendor\\laravel\\framework\\src\\Illuminate\\Database\\Query\\Processors\\MySqlProcessor.php(35): Illuminate\\Database\\MySqlConnection->insert('insert into `us...', Array, 'id')
#5 C:\\xampp\\htdocs\\bank-graduation-project-main\\vendor\\laravel\\framework\\src\\Illuminate\\Database\\Query\\Builder.php(3853): Illuminate\\Database\\Query\\Processors\\MySqlProcessor->processInsertGetId(Object(Illuminate\\Database\\Query\\Builder), 'insert into `us...', Array, 'id')
#6 C:\\xampp\\htdocs\\bank-graduation-project-main\\vendor\\laravel\\framework\\src\\Illuminate\\Database\\Eloquent\\Builder.php(2235): Illuminate\\Database\\Query\\Builder->insertGetId(Array, 'id')
#7 C:\\xampp\\htdocs\\bank-graduation-project-main\\vendor\\laravel\\framework\\src\\Illuminate\\Database\\Eloquent\\Model.php(1436): Illuminate\\Database\\Eloquent\\Builder->__call('insertGetId', Array)
#8 C:\\xampp\\htdocs\\bank-graduation-project-main\\vendor\\laravel\\framework\\src\\Illuminate\\Database\\Eloquent\\Model.php(1401): Illuminate\\Database\\Eloquent\\Model->insertAndSetId(Object(Illuminate\\Database\\Eloquent\\Builder), Array)
#9 C:\\xampp\\htdocs\\bank-graduation-project-main\\vendor\\laravel\\framework\\src\\Illuminate\\Database\\Eloquent\\Model.php(1240): Illuminate\\Database\\Eloquent\\Model->performInsert(Object(Illuminate\\Database\\Eloquent\\Builder))
#10 C:\\xampp\\htdocs\\bank-graduation-project-main\\vendor\\laravel\\framework\\src\\Illuminate\\Database\\Eloquent\\Builder.php(1219): Illuminate\\Database\\Eloquent\\Model->save()
#11 C:\\xampp\\htdocs\\bank-graduation-project-main\\vendor\\laravel\\framework\\src\\Illuminate\\Support\\helpers.php(390): Illuminate\\Database\\Eloquent\\Builder->Illuminate\\Database\\Eloquent\\{closure}(Object(App\\Models\\User))
#12 C:\\xampp\\htdocs\\bank-graduation-project-main\\vendor\\laravel\\framework\\src\\Illuminate\\Database\\Eloquent\\Builder.php(1218): tap(Object(App\\Models\\User), Object(Closure))
#13 C:\\xampp\\htdocs\\bank-graduation-project-main\\vendor\\laravel\\framework\\src\\Illuminate\\Support\\Traits\\ForwardsCalls.php(23): Illuminate\\Database\\Eloquent\\Builder->create(Array)
#14 C:\\xampp\\htdocs\\bank-graduation-project-main\\vendor\\laravel\\framework\\src\\Illuminate\\Database\\Eloquent\\Model.php(2540): Illuminate\\Database\\Eloquent\\Model->forwardCallTo(Object(Illuminate\\Database\\Eloquent\\Builder), 'create', Array)
#15 C:\\xampp\\htdocs\\bank-graduation-project-main\\vendor\\laravel\\framework\\src\\Illuminate\\Database\\Eloquent\\Model.php(2556): Illuminate\\Database\\Eloquent\\Model->__call('create', Array)
#16 C:\\xampp\\htdocs\\bank-graduation-project-main\\app\\Http\\Controllers\\Admin\\UserManagementController.php(90): Illuminate\\Database\\Eloquent\\Model::__callStatic('create', Array)
#17 C:\\xampp\\htdocs\\bank-graduation-project-main\\vendor\\laravel\\framework\\src\\Illuminate\\Routing\\ControllerDispatcher.php(46): App\\Http\\Controllers\\Admin\\UserManagementController->store(Object(Illuminate\\Http\\Request))
#18 C:\\xampp\\htdocs\\bank-graduation-project-main\\vendor\\laravel\\framework\\src\\Illuminate\\Routing\\Route.php(265): Illuminate\\Routing\\ControllerDispatcher->dispatch(Object(Illuminate\\Routing\\Route), Object(App\\Http\\Controllers\\Admin\\UserManagementController), 'store')
#19 C:\\xampp\\htdocs\\bank-graduation-project-main\\vendor\\laravel\\framework\\src\\Illuminate\\Routing\\Route.php(211): Illuminate\\Routing\\Route->runController()
#20 C:\\xampp\\htdocs\\bank-graduation-project-main\\vendor\\laravel\\framework\\src\\Illuminate\\Routing\\Router.php(822): Illuminate\\Routing\\Route->run()
#21 C:\\xampp\\htdocs\\bank-graduation-project-main\\vendor\\laravel\\framework\\src\\Illuminate\\Pipeline\\Pipeline.php(180): Illuminate\\Routing\\Router->Illuminate\\Routing\\{closure}(Object(Illuminate\\Http\\Request))
#22 C:\\xampp\\htdocs\\bank-graduation-project-main\\app\\Http\\Middleware\\CheckPermission.php(27): Illuminate\\Pipeline\\Pipeline->Illuminate\\Pipeline\\{closure}(Object(Illuminate\\Http\\Request))
#23 C:\\xampp\\htdocs\\bank-graduation-project-main\\vendor\\laravel\\framework\\src\\Illuminate\\Pipeline\\Pipeline.php(219): App\\Http\\Middleware\\CheckPermission->handle(Object(Illuminate\\Http\\Request), Object(Closure), 'create_users')
#24 C:\\xampp\\htdocs\\bank-graduation-project-main\\app\\Http\\Middleware\\CheckRole.php(27): Illuminate\\Pipeline\\Pipeline->Illuminate\\Pipeline\\{closure}(Object(Illuminate\\Http\\Request))
#25 C:\\xampp\\htdocs\\bank-graduation-project-main\\vendor\\laravel\\framework\\src\\Illuminate\\Pipeline\\Pipeline.php(219): App\\Http\\Middleware\\CheckRole->handle(Object(Illuminate\\Http\\Request), Object(Closure), 'super_admin', 'admin')
#26 C:\\xampp\\htdocs\\bank-graduation-project-main\\app\\Http\\Middleware\\SetLocale.php(28): Illuminate\\Pipeline\\Pipeline->Illuminate\\Pipeline\\{closure}(Object(Illuminate\\Http\\Request))
#27 C:\\xampp\\htdocs\\bank-graduation-project-main\\vendor\\laravel\\framework\\src\\Illuminate\\Pipeline\\Pipeline.php(219): App\\Http\\Middleware\\SetLocale->handle(Object(Illuminate\\Http\\Request), Object(Closure))
#28 C:\\xampp\\htdocs\\bank-graduation-project-main\\vendor\\laravel\\framework\\src\\Illuminate\\Routing\\Middleware\\SubstituteBindings.php(50): Illuminate\\Pipeline\\Pipeline->Illuminate\\Pipeline\\{closure}(Object(Illuminate\\Http\\Request))
#29 C:\\xampp\\htdocs\\bank-graduation-project-main\\vendor\\laravel\\framework\\src\\Illuminate\\Pipeline\\Pipeline.php(219): Illuminate\\Routing\\Middleware\\SubstituteBindings->handle(Object(Illuminate\\Http\\Request), Object(Closure))
#30 C:\\xampp\\htdocs\\bank-graduation-project-main\\vendor\\laravel\\framework\\src\\Illuminate\\Auth\\Middleware\\Authenticate.php(63): Illuminate\\Pipeline\\Pipeline->Illuminate\\Pipeline\\{closure}(Object(Illuminate\\Http\\Request))
#31 C:\\xampp\\htdocs\\bank-graduation-project-main\\vendor\\laravel\\framework\\src\\Illuminate\\Pipeline\\Pipeline.php(219): Illuminate\\Auth\\Middleware\\Authenticate->handle(Object(Illuminate\\Http\\Request), Object(Closure))
#32 C:\\xampp\\htdocs\\bank-graduation-project-main\\vendor\\laravel\\framework\\src\\Illuminate\\Foundation\\Http\\Middleware\\VerifyCsrfToken.php(87): Illuminate\\Pipeline\\Pipeline->Illuminate\\Pipeline\\{closure}(Object(Illuminate\\Http\\Request))
#33 C:\\xampp\\htdocs\\bank-graduation-project-main\\vendor\\laravel\\framework\\src\\Illuminate\\Pipeline\\Pipeline.php(219): Illuminate\\Foundation\\Http\\Middleware\\VerifyCsrfToken->handle(Object(Illuminate\\Http\\Request), Object(Closure))
#34 C:\\xampp\\htdocs\\bank-graduation-project-main\\vendor\\laravel\\framework\\src\\Illuminate\\View\\Middleware\\ShareErrorsFromSession.php(48): Illuminate\\Pipeline\\Pipeline->Illuminate\\Pipeline\\{closure}(Object(Illuminate\\Http\\Request))
#35 C:\\xampp\\htdocs\\bank-graduation-project-main\\vendor\\laravel\\framework\\src\\Illuminate\\Pipeline\\Pipeline.php(219): Illuminate\\View\\Middleware\\ShareErrorsFromSession->handle(Object(Illuminate\\Http\\Request), Object(Closure))
#36 C:\\xampp\\htdocs\\bank-graduation-project-main\\vendor\\laravel\\framework\\src\\Illuminate\\Session\\Middleware\\StartSession.php(120): Illuminate\\Pipeline\\Pipeline->Illuminate\\Pipeline\\{closure}(Object(Illuminate\\Http\\Request))
#37 C:\\xampp\\htdocs\\bank-graduation-project-main\\vendor\\laravel\\framework\\src\\Illuminate\\Session\\Middleware\\StartSession.php(63): Illuminate\\Session\\Middleware\\StartSession->handleStatefulRequest(Object(Illuminate\\Http\\Request), Object(Illuminate\\Session\\Store), Object(Closure))
#38 C:\\xampp\\htdocs\\bank-graduation-project-main\\vendor\\laravel\\framework\\src\\Illuminate\\Pipeline\\Pipeline.php(219): Illuminate\\Session\\Middleware\\StartSession->handle(Object(Illuminate\\Http\\Request), Object(Closure))
#39 C:\\xampp\\htdocs\\bank-graduation-project-main\\vendor\\laravel\\framework\\src\\Illuminate\\Cookie\\Middleware\\AddQueuedCookiesToResponse.php(36): Illuminate\\Pipeline\\Pipeline->Illuminate\\Pipeline\\{closure}(Object(Illuminate\\Http\\Request))
#40 C:\\xampp\\htdocs\\bank-graduation-project-main\\vendor\\laravel\\framework\\src\\Illuminate\\Pipeline\\Pipeline.php(219): Illuminate\\Cookie\\Middleware\\AddQueuedCookiesToResponse->handle(Object(Illuminate\\Http\\Request), Object(Closure))
#41 C:\\xampp\\htdocs\\bank-graduation-project-main\\vendor\\laravel\\framework\\src\\Illuminate\\Cookie\\Middleware\\EncryptCookies.php(74): Illuminate\\Pipeline\\Pipeline->Illuminate\\Pipeline\\{closure}(Object(Illuminate\\Http\\Request))
#42 C:\\xampp\\htdocs\\bank-graduation-project-main\\vendor\\laravel\\framework\\src\\Illuminate\\Pipeline\\Pipeline.php(219): Illuminate\\Cookie\\Middleware\\EncryptCookies->handle(Object(Illuminate\\Http\\Request), Object(Closure))
#43 C:\\xampp\\htdocs\\bank-graduation-project-main\\vendor\\laravel\\framework\\src\\Illuminate\\Pipeline\\Pipeline.php(137): Illuminate\\Pipeline\\Pipeline->Illuminate\\Pipeline\\{closure}(Object(Illuminate\\Http\\Request))
#44 C:\\xampp\\htdocs\\bank-graduation-project-main\\vendor\\laravel\\framework\\src\\Illuminate\\Routing\\Router.php(821): Illuminate\\Pipeline\\Pipeline->then(Object(Closure))
#45 C:\\xampp\\htdocs\\bank-graduation-project-main\\vendor\\laravel\\framework\\src\\Illuminate\\Routing\\Router.php(800): Illuminate\\Routing\\Router->runRouteWithinStack(Object(Illuminate\\Routing\\Route), Object(Illuminate\\Http\\Request))
#46 C:\\xampp\\htdocs\\bank-graduation-project-main\\vendor\\laravel\\framework\\src\\Illuminate\\Routing\\Router.php(764): Illuminate\\Routing\\Router->runRoute(Object(Illuminate\\Http\\Request), Object(Illuminate\\Routing\\Route))
#47 C:\\xampp\\htdocs\\bank-graduation-project-main\\vendor\\laravel\\framework\\src\\Illuminate\\Routing\\Router.php(753): Illuminate\\Routing\\Router->dispatchToRoute(Object(Illuminate\\Http\\Request))
#48 C:\\xampp\\htdocs\\bank-graduation-project-main\\vendor\\laravel\\framework\\src\\Illuminate\\Foundation\\Http\\Kernel.php(200): Illuminate\\Routing\\Router->dispatch(Object(Illuminate\\Http\\Request))
#49 C:\\xampp\\htdocs\\bank-graduation-project-main\\vendor\\laravel\\framework\\src\\Illuminate\\Pipeline\\Pipeline.php(180): Illuminate\\Foundation\\Http\\Kernel->Illuminate\\Foundation\\Http\\{closure}(Object(Illuminate\\Http\\Request))
#50 C:\\xampp\\htdocs\\bank-graduation-project-main\\vendor\\laravel\\framework\\src\\Illuminate\\Foundation\\Http\\Middleware\\TransformsRequest.php(21): Illuminate\\Pipeline\\Pipeline->Illuminate\\Pipeline\\{closure}(Object(Illuminate\\Http\\Request))
#51 C:\\xampp\\htdocs\\bank-graduation-project-main\\vendor\\laravel\\framework\\src\\Illuminate\\Foundation\\Http\\Middleware\\ConvertEmptyStringsToNull.php(31): Illuminate\\Foundation\\Http\\Middleware\\TransformsRequest->handle(Object(Illuminate\\Http\\Request), Object(Closure))
#52 C:\\xampp\\htdocs\\bank-graduation-project-main\\vendor\\laravel\\framework\\src\\Illuminate\\Pipeline\\Pipeline.php(219): Illuminate\\Foundation\\Http\\Middleware\\ConvertEmptyStringsToNull->handle(Object(Illuminate\\Http\\Request), Object(Closure))
#53 C:\\xampp\\htdocs\\bank-graduation-project-main\\vendor\\laravel\\framework\\src\\Illuminate\\Foundation\\Http\\Middleware\\TransformsRequest.php(21): Illuminate\\Pipeline\\Pipeline->Illuminate\\Pipeline\\{closure}(Object(Illuminate\\Http\\Request))
#54 C:\\xampp\\htdocs\\bank-graduation-project-main\\vendor\\laravel\\framework\\src\\Illuminate\\Foundation\\Http\\Middleware\\TrimStrings.php(51): Illuminate\\Foundation\\Http\\Middleware\\TransformsRequest->handle(Object(Illuminate\\Http\\Request), Object(Closure))
#55 C:\\xampp\\htdocs\\bank-graduation-project-main\\vendor\\laravel\\framework\\src\\Illuminate\\Pipeline\\Pipeline.php(219): Illuminate\\Foundation\\Http\\Middleware\\TrimStrings->handle(Object(Illuminate\\Http\\Request), Object(Closure))
#56 C:\\xampp\\htdocs\\bank-graduation-project-main\\vendor\\laravel\\framework\\src\\Illuminate\\Http\\Middleware\\ValidatePostSize.php(27): Illuminate\\Pipeline\\Pipeline->Illuminate\\Pipeline\\{closure}(Object(Illuminate\\Http\\Request))
#57 C:\\xampp\\htdocs\\bank-graduation-project-main\\vendor\\laravel\\framework\\src\\Illuminate\\Pipeline\\Pipeline.php(219): Illuminate\\Http\\Middleware\\ValidatePostSize->handle(Object(Illuminate\\Http\\Request), Object(Closure))
#58 C:\\xampp\\htdocs\\bank-graduation-project-main\\vendor\\laravel\\framework\\src\\Illuminate\\Foundation\\Http\\Middleware\\PreventRequestsDuringMaintenance.php(109): Illuminate\\Pipeline\\Pipeline->Illuminate\\Pipeline\\{closure}(Object(Illuminate\\Http\\Request))
#59 C:\\xampp\\htdocs\\bank-graduation-project-main\\vendor\\laravel\\framework\\src\\Illuminate\\Pipeline\\Pipeline.php(219): Illuminate\\Foundation\\Http\\Middleware\\PreventRequestsDuringMaintenance->handle(Object(Illuminate\\Http\\Request), Object(Closure))
#60 C:\\xampp\\htdocs\\bank-graduation-project-main\\vendor\\laravel\\framework\\src\\Illuminate\\Http\\Middleware\\HandleCors.php(48): Illuminate\\Pipeline\\Pipeline->Illuminate\\Pipeline\\{closure}(Object(Illuminate\\Http\\Request))
#61 C:\\xampp\\htdocs\\bank-graduation-project-main\\vendor\\laravel\\framework\\src\\Illuminate\\Pipeline\\Pipeline.php(219): Illuminate\\Http\\Middleware\\HandleCors->handle(Object(Illuminate\\Http\\Request), Object(Closure))
#62 C:\\xampp\\htdocs\\bank-graduation-project-main\\vendor\\laravel\\framework\\src\\Illuminate\\Http\\Middleware\\TrustProxies.php(58): Illuminate\\Pipeline\\Pipeline->Illuminate\\Pipeline\\{closure}(Object(Illuminate\\Http\\Request))
#63 C:\\xampp\\htdocs\\bank-graduation-project-main\\vendor\\laravel\\framework\\src\\Illuminate\\Pipeline\\Pipeline.php(219): Illuminate\\Http\\Middleware\\TrustProxies->handle(Object(Illuminate\\Http\\Request), Object(Closure))
#64 C:\\xampp\\htdocs\\bank-graduation-project-main\\vendor\\laravel\\framework\\src\\Illuminate\\Foundation\\Http\\Middleware\\InvokeDeferredCallbacks.php(22): Illuminate\\Pipeline\\Pipeline->Illuminate\\Pipeline\\{closure}(Object(Illuminate\\Http\\Request))
#65 C:\\xampp\\htdocs\\bank-graduation-project-main\\vendor\\laravel\\framework\\src\\Illuminate\\Pipeline\\Pipeline.php(219): Illuminate\\Foundation\\Http\\Middleware\\InvokeDeferredCallbacks->handle(Object(Illuminate\\Http\\Request), Object(Closure))
#66 C:\\xampp\\htdocs\\bank-graduation-project-main\\vendor\\laravel\\framework\\src\\Illuminate\\Http\\Middleware\\ValidatePathEncoding.php(26): Illuminate\\Pipeline\\Pipeline->Illuminate\\Pipeline\\{closure}(Object(Illuminate\\Http\\Request))
#67 C:\\xampp\\htdocs\\bank-graduation-project-main\\vendor\\laravel\\framework\\src\\Illuminate\\Pipeline\\Pipeline.php(219): Illuminate\\Http\\Middleware\\ValidatePathEncoding->handle(Object(Illuminate\\Http\\Request), Object(Closure))
#68 C:\\xampp\\htdocs\\bank-graduation-project-main\\vendor\\laravel\\framework\\src\\Illuminate\\Pipeline\\Pipeline.php(137): Illuminate\\Pipeline\\Pipeline->Illuminate\\Pipeline\\{closure}(Object(Illuminate\\Http\\Request))
#69 C:\\xampp\\htdocs\\bank-graduation-project-main\\vendor\\laravel\\framework\\src\\Illuminate\\Foundation\\Http\\Kernel.php(175): Illuminate\\Pipeline\\Pipeline->then(Object(Closure))
#70 C:\\xampp\\htdocs\\bank-graduation-project-main\\vendor\\laravel\\framework\\src\\Illuminate\\Foundation\\Http\\Kernel.php(144): Illuminate\\Foundation\\Http\\Kernel->sendRequestThroughRouter(Object(Illuminate\\Http\\Request))
#71 C:\\xampp\\htdocs\\bank-graduation-project-main\\vendor\\laravel\\framework\\src\\Illuminate\\Foundation\\Application.php(1220): Illuminate\\Foundation\\Http\\Kernel->handle(Object(Illuminate\\Http\\Request))
#72 C:\\xampp\\htdocs\\bank-graduation-project-main\\public\\index.php(20): Illuminate\\Foundation\\Application->handleRequest(Object(Illuminate\\Http\\Request))
#73 C:\\xampp\\htdocs\\bank-graduation-project-main\\vendor\\laravel\\framework\\src\\Illuminate\\Foundation\\resources\\server.php(23): require_once('C:\\\\xampp\\\\htdocs...')
#74 {main}
"} 
